user_id,device_id_match,geo_distance_km,request_hour,days_since_last_request,recent_profile_change,failed_login_count_24h,new_device_flag,otp_request_count_1h,account_age_days,impossible_travel_flag,vpn_proxy_detected,repeated_request_10min,sim_swap_history_count,ip_risk_score,behavioral_risk_score,label,hour,day,month,weekday
46703,0,5.84,23,16,0,2,0,1,630,0,0,0,0,19,15,0,1,27,7,6
86552,0,29.76,10,19,0,0,0,0,282,0,0,0,0,24,15,0,10,22,5,3
90829,1,59.35,12,21,0,0,1,4,1043,0,0,1,0,29,30,1,23,6,10,0
96916,1,750.54,19,12,0,2,1,0,1731,0,1,0,1,18,40,0,12,24,7,3
60619,1,74.58,2,15,0,1,0,3,859,0,0,0,1,16,0,0,15,15,7,1
31128,1,816.82,16,17,0,1,0,2,899,0,0,0,2,4,25,0,21,28,8,3
39098,0,59.56,9,16,0,2,0,2,1534,0,0,0,1,25,15,0,13,3,7,3
78355,1,38.46,18,17,0,1,0,3,1921,0,0,0,0,24,0,0,17,14,10,1
44823,1,84.04,16,21,0,1,0,0,2027,0,0,1,0,36,30,0,15,30,3,6
20222,1,0.92,3,16,1,0,0,3,1681,0,0,0,0,22,10,0,6,2,4,2
42491,0,718.88,7,10,0,1,0,1,1045,0,0,0,0,36,40,0,15,1,6,6
24894,1,49.88,19,19,0,3,0,2,1510,0,0,0,1,34,0,0,15,21,12,6
38288,1,11.93,12,20,0,1,0,4,844,0,0,0,0,21,0,0,8,21,5,2
16488,1,26.58,8,11,0,4,1,1,179,0,0,0,0,26,25,0,1,7,6,5
48507,1,38.25,13,15,0,0,0,0,737,0,0,0,0,6,0,0,11,3,9,2
27550,1,78.93,8,13,0,2,0,4,1155,0,0,0,0,37,10,0,1,1,5,3
19133,0,25.22,11,13,0,6,0,2,1253,0,0,0,1,7,30,0,4,25,4,4
87638,1,93.32,14,19,0,1,0,5,927,0,0,0,0,17,20,0,17,31,5,5
80873,1,19.15,15,20,0,3,1,3,858,0,0,0,0,27,10,0,18,29,8,4
37790,1,6.67,9,18,0,2,1,3,1249,0,0,0,0,27,10,0,2,22,3,5
84631,1,21.42,8,18,0,3,0,2,1894,0,0,0,0,16,0,0,23,8,9,0
97800,1,69.81,14,13,0,2,0,0,1862,0,0,0,0,26,0,0,12,5,12,4
50290,1,58.14,19,19,0,0,1,1,2136,0,0,0,1,2,10,0,20,10,5,5
18361,1,1.56,15,14,0,0,0,2,434,0,0,0,0,24,0,0,14,6,8,2
39719,1,85.05,17,19,0,0,0,1,956,0,0,0,1,38,10,0,7,28,2,4
82942,1,47.08,13,17,1,1,0,1,1506,0,0,1,1,33,30,0,11,8,5,3
20144,1,61.81,15,19,0,7,0,0,1492,0,0,0,1,41,25,0,14,30,11,6
71861,1,22.97,12,13,0,4,0,6,1835,0,0,0,1,23,35,0,14,20,11,3
53234,1,36.14,10,22,1,2,0,2,1055,0,0,0,1,44,20,0,11,25,2,1
38814,1,33.86,12,16,0,2,1,1,2038,0,0,0,0,6,10,0,2,4,4,4
97412,1,868.0,15,12,0,0,0,1,1013,0,0,0,1,27,15,0,7,4,12,3
53471,1,88.22,8,20,0,1,0,2,2113,0,0,0,1,3,0,0,0,14,10,1
35551,1,36.83,23,19,0,1,1,1,1055,0,1,0,0,21,25,0,17,11,9,3
58243,1,40.02,9,26,0,1,0,1,732,0,0,0,1,38,10,0,23,6,7,6
26834,1,12.38,19,21,0,4,0,1,2334,0,0,0,1,39,25,0,2,27,3,3
71631,0,55.92,7,20,0,1,0,0,1955,0,0,0,0,21,15,0,20,13,6,4
91670,0,35.54,18,16,0,1,1,2,580,0,0,0,0,6,25,0,23,19,8,1
92886,1,74.98,17,20,0,1,1,2,1181,0,0,0,0,34,10,0,7,20,9,5
94139,0,91.67,4,9,0,3,0,3,968,0,0,0,0,36,25,0,6,27,6,4
69245,1,1200.81,15,19,0,5,0,1,785,0,0,0,1,19,30,0,18,16,3,6
23035,1,58.33,11,15,1,2,0,4,880,0,0,0,0,27,10,0,17,11,10,5
18705,1,30.23,14,23,0,2,0,4,2136,0,0,0,0,14,0,0,4,1,7,1
82881,1,36.01,20,14,0,3,1,4,909,0,0,0,0,41,20,0,8,7,10,1
65001,0,9.87,12,18,0,8,0,5,1590,0,1,0,0,16,65,0,1,15,4,1
83096,0,71.63,0,23,0,1,0,1,954,0,0,0,0,34,15,0,19,31,12,2
72552,1,18.13,15,20,0,2,0,0,166,0,0,0,1,39,10,0,18,23,2,6
66686,1,83.18,12,22,0,2,1,5,1106,0,0,0,0,25,30,0,19,1,12,0
40858,1,8.38,13,23,0,1,0,1,1225,0,0,0,2,5,10,1,12,27,7,6
80874,1,8.14,5,12,0,0,0,2,998,0,0,0,1,36,10,0,16,4,4,4
46870,0,772.3,10,17,0,1,1,1,1099,0,0,0,0,21,40,0,7,9,10,3
26778,1,56.56,7,15,0,5,0,4,1454,0,0,0,0,8,15,0,14,13,5,1
18958,0,793.11,19,21,0,5,0,0,754,0,0,0,0,1,45,1,15,20,5,1
20249,0,6.63,20,20,0,2,0,5,623,0,0,0,0,7,35,0,21,25,9,3
89709,1,6.03,0,19,0,3,0,2,694,0,0,1,0,25,20,0,1,31,3,0
98818,1,56.61,9,15,0,3,0,1,1735,0,0,1,2,33,30,0,4,7,10,1
39138,1,47.67,14,24,0,2,0,1,1528,0,0,0,0,31,0,0,19,27,6,4
56991,1,48.11,13,16,0,1,0,4,755,0,1,1,0,9,35,0,3,12,10,6
32502,1,7.48,2,18,0,1,1,3,1958,0,0,0,0,27,10,0,18,3,9,2
35949,1,16.28,11,17,0,1,0,0,1259,0,0,0,2,34,10,0,5,31,5,5
20533,0,3.01,12,17,0,5,0,2,2049,1,0,0,1,41,65,0,9,27,12,5
82811,1,10.54,16,23,0,4,1,2,1665,0,0,0,0,13,25,0,7,7,4,0
95050,1,188.18,12,15,0,2,0,0,1883,0,0,0,0,2,0,0,7,26,5,0
96451,1,10.69,21,19,0,2,0,0,1341,0,0,0,0,12,0,0,16,10,10,4
45063,1,25.47,20,14,0,0,0,3,1787,0,0,0,1,17,0,0,12,9,12,1
81599,1,47.96,16,21,0,3,0,3,294,0,0,0,0,25,0,0,8,16,8,5
43241,1,55.29,23,13,0,2,0,1,242,0,0,0,0,6,0,0,3,9,3,6
58575,1,64.16,9,18,0,0,0,1,2447,0,0,0,0,9,0,0,3,26,10,6
57994,1,48.81,9,18,0,3,1,2,2325,0,0,0,0,43,20,0,21,20,1,0
88062,0,44.69,19,15,0,1,0,1,1155,0,0,0,2,4,25,1,14,3,5,5
71298,1,23.18,9,18,0,1,0,0,1017,0,0,0,1,2,0,0,20,5,2,2
34886,1,98.15,3,21,0,0,0,3,549,0,0,0,0,2,0,0,19,8,5,3
73902,1,131.89,3,19,0,2,0,1,1115,1,0,0,0,22,25,0,9,5,7,5
40036,1,30.39,12,21,0,0,0,4,154,0,0,0,0,37,10,0,19,6,6,4
15249,1,115.09,12,23,0,1,0,2,182,0,1,0,0,1,15,0,9,7,11,4
83762,0,305.87,8,20,0,2,1,5,1416,0,0,0,1,43,55,0,22,11,5,6
71849,1,86.6,8,13,0,1,0,5,164,0,0,1,0,15,40,0,15,16,11,6
30032,1,49.0,17,15,0,4,0,4,937,0,0,0,0,32,15,0,9,27,10,0
50062,1,7.46,12,15,0,4,0,1,2106,0,0,0,1,20,15,0,0,8,2,5
71561,1,9.82,19,16,0,0,0,1,78,0,0,0,0,17,0,0,16,28,5,2
29894,0,38.22,10,13,0,1,0,2,376,0,0,0,0,38,25,0,16,23,7,2
81411,1,29.02,14,21,0,1,0,2,1129,0,0,0,1,41,10,0,10,2,11,6
96846,1,66.78,11,21,1,1,0,2,178,0,0,0,0,32,10,0,0,16,8,5
60808,1,46.09,13,16,0,0,0,4,86,0,0,0,0,24,0,0,9,28,8,3
33577,0,27.09,1,21,0,0,0,0,2255,0,0,1,0,5,35,1,1,14,12,6
79243,0,93.89,23,18,0,2,0,3,1413,0,0,0,1,4,15,0,11,14,6,5
43968,1,91.16,17,17,0,2,0,0,353,0,0,0,1,3,0,0,5,18,9,3
57319,1,3.44,12,23,0,4,1,3,672,0,1,0,0,13,40,0,5,6,12,5
42663,1,19.5,12,16,0,1,0,5,1639,0,0,0,0,27,20,0,15,4,2,1
28032,1,36.56,3,24,1,0,0,1,1712,0,0,0,0,37,20,0,7,16,6,0
21011,1,45.92,13,14,0,0,0,0,1090,0,0,0,1,4,0,0,19,4,1,5
62326,1,24.51,5,19,0,1,0,3,2377,0,0,0,0,7,0,0,10,23,7,2
55469,1,26.9,8,18,0,2,1,3,242,0,0,0,0,4,10,0,23,5,5,0
75448,1,7.97,17,16,0,0,0,3,804,0,0,0,1,26,0,0,14,5,6,3
25479,1,40.11,15,16,0,0,1,5,937,0,0,0,1,17,30,1,7,24,8,6
65018,0,39.37,9,14,1,0,0,2,2040,0,0,0,0,7,25,0,21,23,5,4
77822,0,47.97,21,23,0,6,1,2,628,0,0,0,0,4,40,0,6,8,9,0
45352,1,64.25,22,21,0,2,0,0,190,0,0,1,1,24,20,0,13,28,10,1
85122,1,40.33,4,10,0,1,1,3,1909,0,0,0,0,6,10,0,8,6,10,0
89976,0,21.04,8,17,0,0,1,3,2460,0,0,0,0,8,25,0,3,28,11,4
24399,1,0.21,10,24,1,3,0,3,2251,0,0,0,0,43,20,0,7,12,10,6
75150,1,36.13,14,19,0,2,0,1,2160,0,0,0,0,37,10,0,12,15,11,5
90079,1,113.43,13,16,0,0,0,4,2012,0,0,0,0,10,0,0,20,6,5,1
42891,1,36.55,16,14,0,1,0,1,1605,0,0,0,0,21,0,0,15,7,3,4
75439,0,32.6,3,14,0,2,0,3,559,0,0,0,0,7,15,0,23,25,10,5
82161,1,18.39,9,18,1,4,0,2,254,0,0,0,0,32,25,0,23,24,5,5
95615,1,50.18,14,14,0,0,0,0,937,0,0,0,2,44,20,0,22,25,5,6
80091,1,62.57,12,18,0,4,0,2,2086,0,0,0,0,42,25,0,11,9,12,1
31196,0,29.0,12,11,0,1,0,2,815,0,0,0,2,36,35,0,22,23,9,1
16797,1,943.99,2,14,0,2,1,1,1539,0,0,0,0,28,25,0,19,28,7,0
83962,1,73.98,17,13,0,5,0,3,1953,0,0,0,0,11,15,0,21,12,8,1
98553,1,0.83,10,16,1,1,0,2,1985,0,0,0,1,7,10,0,3,2,12,1
55128,1,8.44,19,10,1,2,0,2,1703,0,0,0,1,7,10,0,5,1,6,6
95083,1,1200.84,11,14,0,2,0,11,554,0,0,1,0,18,55,1,18,30,10,3
28082,1,38.43,16,19,0,0,0,4,771,0,0,0,0,26,0,0,11,14,8,3
90674,1,37.13,19,23,0,1,1,0,978,0,0,0,1,31,10,0,11,7,3,4
63309,1,56.9,12,20,0,4,0,2,607,0,1,0,0,9,30,0,8,12,9,4
80579,1,15.27,10,14,0,1,0,5,451,0,0,0,0,22,20,0,18,5,8,1
86803,1,24.67,1,18,1,1,0,3,1301,0,0,0,1,38,20,0,5,4,6,2
78396,1,27.87,16,13,0,3,0,4,1769,0,0,0,0,42,10,0,23,28,10,1
88111,1,21.19,15,14,0,1,1,4,2364,0,1,0,1,40,35,0,18,1,4,1
97008,1,95.76,3,11,0,2,0,2,1178,0,1,1,0,28,35,0,15,2,8,5
43673,0,29.61,10,25,0,0,0,0,308,0,0,0,1,15,15,1,6,11,6,2
65815,1,6.59,2,10,1,0,1,2,2108,0,0,0,0,21,20,0,22,18,4,4
90702,1,25.63,10,19,0,0,0,0,1887,0,1,0,0,26,15,0,6,27,4,6
46133,0,17.2,0,19,0,1,0,1,985,0,0,0,0,43,25,0,7,23,1,3
33846,0,38.84,17,26,0,1,1,1,902,0,0,0,0,7,25,0,1,27,4,6
80431,1,66.52,10,21,0,0,0,2,1768,0,0,0,0,5,0,0,12,29,11,5
17108,1,53.58,8,19,0,0,0,1,1673,0,1,0,0,21,15,0,10,14,10,1
82751,1,35.5,2,18,0,0,0,1,2257,0,0,0,0,26,0,0,1,21,11,4
15508,1,59.83,7,17,0,0,0,0,342,0,0,0,0,29,0,0,1,19,7,5
10405,1,20.17,12,21,0,1,0,4,2228,0,0,0,0,3,0,0,4,3,4,3
66666,1,45.84,12,11,0,1,0,1,241,0,0,0,0,13,0,0,22,4,9,3
19754,1,34.2,18,14,1,2,0,1,2485,0,0,0,0,23,10,0,21,19,7,5
41437,1,33.87,13,20,0,0,0,0,1517,0,0,0,0,37,10,0,2,15,4,1
21570,1,425.05,8,22,1,1,0,10,2038,0,0,0,0,24,30,0,6,12,1,6
31565,1,68.55,0,18,0,1,0,5,1560,0,0,0,0,4,20,0,1,6,6,4
76418,1,1073.44,12,15,0,1,0,4,633,0,0,0,1,9,15,0,20,28,3,4
48425,1,46.53,15,11,0,2,0,2,642,0,0,0,2,5,10,0,5,26,8,1
10152,1,50.96,12,18,0,1,1,3,1963,0,1,0,1,25,25,0,9,11,4,4
11967,1,86.6,13,17,0,2,1,0,2389,0,0,0,0,44,20,0,19,1,3,5
55800,1,108.62,9,12,1,2,0,3,1121,0,0,0,0,9,10,0,6,29,12,0
28659,1,18.77,15,21,0,2,0,4,1630,0,0,0,0,5,0,0,21,6,8,2
18353,1,48.57,6,26,0,0,0,2,1995,0,1,1,0,14,35,0,15,25,2,1
31566,1,53.84,8,15,0,2,0,3,1424,0,0,0,0,38,10,0,10,24,5,5
76850,1,62.67,17,22,0,0,1,3,904,0,0,0,0,39,20,0,22,17,6,1
16300,1,107.08,12,11,0,1,0,3,917,0,0,0,2,24,10,0,17,17,2,0
12211,1,9.69,16,20,0,1,1,1,2406,0,0,0,0,10,10,0,1,4,11,1
31682,1,9.01,14,14,0,3,0,2,818,0,0,0,0,1,0,0,7,31,3,0
21805,1,17.16,12,17,0,1,0,5,290,0,0,0,0,16,20,0,22,9,6,0
54859,1,3.34,13,10,0,0,0,1,1413,0,0,0,0,4,0,0,20,28,9,6
95002,1,46.51,12,21,0,1,0,2,192,0,0,0,0,29,0,0,14,17,12,2
64676,0,72.58,11,17,1,1,1,0,1027,0,0,0,0,2,35,0,3,5,7,5
32111,1,25.27,19,17,0,2,0,1,151,0,0,0,1,7,0,0,11,12,1,6
26142,0,14.77,15,13,0,3,0,1,113,0,0,1,0,14,35,0,1,11,11,1
97090,1,63.69,4,15,1,0,0,9,1479,0,0,0,1,23,30,0,13,25,8,0
28629,1,51.57,2,10,0,0,0,3,312,0,0,1,1,8,20,0,17,20,4,6
55897,0,14.99,9,19,0,5,0,2,1783,0,0,0,0,23,30,0,0,4,11,1
66942,0,5.64,18,19,1,1,0,5,1666,1,0,0,2,40,90,1,17,5,3,2
96926,1,35.45,13,19,0,0,0,4,1689,0,0,0,1,41,10,0,16,19,4,5
53314,1,33.15,10,18,0,3,0,1,952,0,0,0,0,3,0,0,4,6,8,2
44016,1,42.63,13,14,0,1,0,2,507,0,0,0,0,37,10,0,16,1,11,5
46035,1,66.25,14,17,0,0,0,3,1563,0,0,0,0,37,10,0,8,26,9,4
67274,0,40.08,18,18,0,6,1,3,1676,0,0,0,0,30,40,0,22,2,10,3
13883,1,8.56,20,29,0,5,0,9,1050,0,0,0,0,31,35,0,22,30,5,4
67954,1,12.48,11,19,0,0,0,5,1007,0,0,0,0,33,20,0,12,7,9,6
71215,1,23.74,11,20,0,2,0,3,1102,0,0,0,0,31,0,0,8,5,8,1
66766,1,13.09,11,27,0,2,0,3,2255,0,0,0,1,44,10,0,11,5,1,6
47089,1,38.81,13,17,0,0,0,4,1586,0,0,0,1,18,0,0,2,12,2,2
28612,1,1.66,8,13,0,1,0,3,2000,0,0,0,0,18,0,0,21,2,8,5
83902,1,51.01,9,17,0,1,0,6,2088,0,0,0,1,31,20,0,14,2,10,3
74043,1,36.15,3,16,1,0,0,3,1724,0,0,0,1,24,10,0,9,29,11,5
18094,1,69.83,23,19,0,1,0,2,790,0,0,0,1,29,0,0,19,10,3,0
58538,0,81.09,9,21,0,0,0,4,2090,0,0,0,0,16,15,0,19,29,8,4
79382,1,3.19,14,14,0,2,0,0,871,0,0,0,0,31,0,0,20,31,10,4
44986,1,9.81,11,23,0,2,0,1,54,0,0,0,0,2,0,0,16,11,8,0
46135,1,0.14,13,20,0,3,1,0,2477,0,1,0,0,41,35,0,8,2,3,6
16720,0,50.31,13,15,0,0,0,1,197,0,0,1,0,11,35,0,9,30,3,6
99422,1,15.98,16,20,0,4,0,1,59,0,0,0,1,16,15,0,19,9,6,0
53307,1,977.01,13,17,0,4,0,3,1554,0,0,0,0,43,40,0,7,19,11,2
29758,1,10.41,19,14,0,0,0,3,1237,0,1,0,0,5,15,0,6,14,4,0
23924,1,48.91,11,21,0,2,0,7,1580,0,0,0,0,33,20,0,4,15,4,1
93150,1,74.02,10,15,0,2,0,1,389,0,0,0,1,2,0,0,16,7,4,0
49933,0,37.4,7,18,0,0,0,0,2429,0,0,0,1,26,15,0,21,25,9,3
61160,1,98.15,12,17,0,2,0,3,2185,0,0,0,0,43,10,0,21,16,10,3
67484,1,73.61,11,12,0,1,1,3,503,0,0,0,0,22,10,0,7,5,2,2
30395,1,83.08,11,17,0,0,1,3,847,0,0,0,0,44,20,0,10,12,4,5
37785,1,0.2,15,19,0,1,0,2,1885,0,0,0,0,4,0,0,5,5,7,5
65503,0,24.46,2,20,0,2,0,1,361,0,0,0,3,12,25,0,12,30,11,6
30444,1,8.78,12,27,0,1,0,0,1754,0,0,0,0,26,0,0,10,20,12,5
92966,1,30.75,19,22,0,3,0,3,1688,0,1,0,0,9,15,0,8,6,10,0
65010,1,24.03,14,15,1,4,0,2,1252,0,0,0,1,26,25,0,0,8,5,3
90154,0,67.73,17,15,0,1,1,3,2074,0,0,0,0,5,25,0,15,27,7,6
63948,0,40.51,4,18,0,1,0,1,779,0,0,0,1,10,15,0,23,12,7,5
22211,1,24.26,7,21,0,1,1,6,2301,0,1,0,2,18,55,0,14,10,7,3
79835,0,62.07,8,18,0,2,1,2,2289,0,0,0,0,21,25,0,18,24,6,1
81480,1,1013.91,16,22,0,1,0,3,2352,0,0,0,1,37,25,0,22,8,3,5
95715,1,51.06,7,18,0,1,1,4,827,0,0,0,0,44,20,0,10,23,11,6
91766,1,35.59,1,19,0,5,1,1,2025,0,0,0,0,17,25,0,9,18,12,3
79609,1,4.35,11,16,0,1,0,3,153,0,1,0,0,3,15,1,3,8,5,3
26004,1,23.24,10,15,0,1,1,1,2028,0,0,0,1,33,10,0,20,4,2,1
51101,1,33.99,11,19,0,2,1,0,2296,0,0,0,0,14,10,0,17,20,9,5
71163,1,0.86,18,18,0,3,0,0,1415,0,0,0,0,17,0,0,0,29,3,5
88199,1,24.04,0,17,0,0,0,1,934,0,0,0,1,19,0,0,14,19,4,5
14062,1,8.35,7,19,0,0,0,3,237,0,0,0,0,32,0,0,6,1,4,1
81323,1,1.02,13,16,0,1,0,3,2076,0,0,0,1,7,0,0,6,30,4,2
79854,1,44.78,10,15,0,0,0,0,1994,0,0,0,0,33,0,0,15,21,12,6
53376,1,48.81,12,17,0,2,0,3,1473,0,0,0,1,8,0,0,19,31,3,0
34232,1,7.2,10,21,0,0,0,2,618,0,0,0,0,40,10,0,18,11,5,6
96218,1,6.45,9,17,0,1,0,0,240,0,0,0,1,37,10,0,20,8,8,4
96593,1,31.59,10,19,0,3,0,2,1780,0,0,0,1,33,0,0,11,24,5,5
69028,1,29.61,20,18,0,0,0,2,549,0,0,0,0,42,10,0,2,16,5,4
15296,1,55.4,12,16,0,1,0,0,334,0,0,0,0,20,0,0,20,29,9,0
34286,0,95.24,10,14,1,1,0,2,762,0,1,0,0,26,40,0,1,4,2,1
53271,0,38.89,9,12,0,0,0,1,851,0,0,0,0,3,15,0,13,21,6,5
33112,1,12.0,13,20,0,1,0,1,2180,0,0,0,2,1,10,0,13,18,10,5
92342,1,1.2,18,16,0,0,0,1,937,0,0,0,1,24,0,0,18,31,12,2
31278,1,41.29,21,10,0,1,0,2,570,0,0,0,1,4,0,0,11,10,6,1
25732,1,3.71,11,20,0,0,0,3,2137,0,0,0,0,34,0,0,17,7,2,4
80767,1,52.64,13,14,0,1,0,2,259,0,0,0,0,25,0,0,2,3,11,0
35456,1,98.18,12,22,0,0,0,2,2106,0,0,0,2,18,10,0,5,6,10,0
57324,1,45.24,15,14,0,2,0,2,1115,0,0,0,0,7,0,0,18,20,7,6
41690,1,41.46,6,17,0,1,0,6,2470,0,0,0,1,7,20,0,6,26,10,6
68294,1,62.37,16,15,1,1,1,1,88,0,0,0,0,31,20,0,1,21,2,4
33084,1,21.49,7,20,0,1,1,2,2460,0,0,0,0,15,10,1,12,9,3,6
19337,1,26.21,20,16,0,3,0,1,229,0,0,0,0,14,0,0,17,25,12,3
15275,1,74.8,11,23,0,2,0,2,1251,0,0,0,0,11,0,0,6,28,7,0
97463,0,74.95,14,19,0,4,0,2,124,0,0,0,1,9,30,0,12,13,7,6
92003,1,95.45,11,21,0,0,0,1,2096,0,1,0,1,9,15,1,15,6,4,6
46050,1,49.92,22,24,0,3,0,7,65,0,0,0,0,19,20,0,17,7,8,3
38764,1,0.27,14,18,0,1,0,1,2245,0,0,0,0,6,0,0,18,28,8,3
63487,1,91.37,3,16,0,1,0,7,398,0,0,0,0,9,20,0,11,1,12,0
94437,1,49.17,14,16,0,0,0,1,1826,0,0,0,0,10,0,0,14,4,9,3
57172,0,49.17,11,16,0,2,0,1,1055,0,0,0,0,32,15,0,6,28,3,4
11513,0,40.72,20,23,0,1,0,4,788,0,0,0,0,23,15,0,15,12,2,2
14382,1,34.33,3,12,0,4,0,0,1858,0,0,1,1,18,35,0,14,8,6,6
52714,1,42.77,5,19,1,1,1,1,855,0,0,0,0,44,30,0,18,17,2,0
26992,1,3.55,14,19,0,2,0,2,470,0,0,0,0,6,0,0,19,28,3,4
56021,1,11.42,13,16,0,0,0,1,2369,0,0,0,0,21,0,0,12,15,6,6
49937,1,28.09,6,23,0,1,0,2,1950,0,0,1,0,9,20,0,19,8,10,2
16851,0,23.15,14,18,0,2,0,0,813,0,0,0,0,28,15,0,13,6,8,2
36921,1,19.84,1,22,0,1,0,0,533,0,0,0,0,30,0,0,13,28,10,1
87355,0,34.04,14,14,0,2,0,2,2052,0,0,0,0,31,15,0,7,25,1,5
60729,1,31.12,17,11,0,0,0,2,934,0,0,0,0,20,0,0,3,30,1,3
70818,1,59.99,9,15,0,6,1,1,505,0,0,0,1,29,25,0,0,2,1,3
79024,1,28.66,12,17,0,2,0,2,472,0,0,0,0,39,10,0,23,1,2,5
46981,1,37.85,19,14,0,2,1,10,418,0,0,0,0,44,40,0,5,11,2,1
84950,1,36.94,10,19,0,3,0,3,284,0,0,0,1,33,0,0,8,15,4,1
72748,0,13.76,7,17,0,1,0,0,677,0,1,0,0,19,30,0,15,16,2,6
53912,1,15.38,6,21,1,0,0,6,132,0,0,0,0,32,30,1,7,29,6,6
76768,0,14.68,11,24,0,1,0,3,110,0,0,0,0,14,15,0,16,27,6,4
45550,0,73.02,13,20,0,1,0,0,2318,0,0,0,0,4,15,0,20,25,9,3
89003,1,20.07,11,19,0,1,0,1,1840,0,0,0,0,31,0,0,18,8,8,4
40544,1,28.28,20,16,0,0,1,1,1776,1,0,0,0,41,45,0,1,1,6,6
71041,1,51.64,21,15,0,0,0,1,1800,0,0,0,0,24,0,0,19,21,11,4
20862,1,12.74,0,29,0,1,0,4,1132,0,0,0,1,1,0,0,9,17,3,0
68496,1,3.68,15,19,0,0,0,2,1151,0,0,0,0,38,10,0,2,6,7,6
96661,1,55.45,15,13,0,3,0,1,391,0,0,0,0,24,0,0,21,19,6,3
80854,1,8.91,2,17,1,1,0,2,313,0,1,0,0,13,25,0,20,9,6,0
89952,1,24.25,11,26,0,3,0,1,1448,0,0,0,1,1,0,0,20,12,10,6
18237,0,1.88,13,15,0,1,0,0,508,0,0,0,0,34,15,0,22,26,1,6
53938,1,60.84,18,30,0,1,0,1,613,0,1,0,0,41,25,0,7,6,6,4
35841,0,39.79,11,20,0,6,0,2,1346,0,0,0,0,25,30,0,10,15,1,2
80638,1,35.35,7,20,0,5,0,1,890,0,1,0,0,43,40,0,4,10,4,3
80906,0,7.21,23,13,0,0,0,3,2240,0,0,0,0,19,15,0,22,25,11,1
42821,1,51.63,10,15,0,0,0,1,1875,0,0,0,0,37,10,0,18,11,4,4
57264,1,18.81,13,16,0,2,0,1,1712,0,0,0,1,41,10,0,7,30,3,6
78798,0,37.62,7,18,1,0,0,3,934,0,0,0,0,17,25,0,21,10,5,5
65008,1,17.29,20,19,0,0,0,0,1942,0,0,0,0,36,10,0,22,18,7,4
63179,0,86.58,13,27,0,3,0,1,1696,0,0,0,0,11,15,0,20,20,4,6
74652,1,38.9,6,22,0,2,0,2,380,0,1,0,0,25,15,0,16,17,2,0
68138,1,33.91,10,17,0,1,1,1,1438,0,0,0,0,44,20,0,2,17,6,1
86129,1,6.44,23,15,0,1,0,4,1127,0,0,0,0,28,0,0,13,20,2,3
73215,1,33.88,21,13,0,0,1,0,312,0,0,0,0,2,10,0,17,16,11,6
54989,1,52.4,5,21,0,0,0,5,125,0,0,0,0,5,20,0,16,31,3,0
10290,1,48.96,12,10,0,0,0,1,2445,0,0,0,3,16,10,0,3,5,10,6
38435,1,32.44,6,25,0,6,0,1,2202,0,0,0,0,20,15,0,2,25,7,4
82147,1,70.68,16,17,0,2,0,0,2134,0,1,0,1,12,15,0,5,12,11,2
28493,0,84.97,10,15,0,0,0,2,1949,0,0,1,0,13,35,0,18,23,4,2
30051,1,37.51,16,20,0,0,0,1,269,0,0,0,0,26,0,0,0,4,5,6
73151,1,98.83,14,13,1,3,0,4,2448,0,0,0,0,33,10,0,13,1,6,6
85080,0,64.75,18,16,0,0,0,3,1220,0,0,0,0,20,15,1,16,23,10,3
36512,0,29.45,14,17,0,1,0,3,1189,0,0,0,1,42,25,0,7,31,8,6
48943,1,63.59,19,14,0,3,0,4,1158,0,0,0,0,8,0,0,3,28,4,0
25011,1,2.08,2,20,1,1,0,2,1321,0,0,0,0,29,10,0,22,15,3,5
48412,1,47.08,9,19,0,1,1,0,1414,0,0,0,0,34,10,0,12,22,10,2
24801,1,5.62,5,23,0,1,0,0,1248,0,0,0,0,1,0,0,10,9,6,0
64507,1,21.86,5,22,0,0,0,3,1764,0,1,0,0,32,15,0,14,23,10,3
59559,0,37.08,18,19,0,1,0,2,2072,0,1,0,0,19,30,1,15,2,6,0
73321,1,56.77,0,18,0,2,1,1,973,0,0,0,0,33,10,0,0,11,1,5
47109,0,681.96,10,26,0,2,0,1,34,0,0,0,0,42,40,0,21,18,8,0
90742,1,39.31,12,22,0,1,0,2,2417,0,0,1,0,30,20,0,15,1,4,1
31153,1,18.06,20,21,1,3,1,3,2469,0,0,0,0,13,20,0,8,12,4,5
37788,1,12.89,11,22,0,2,0,2,1860,0,0,0,0,2,0,0,19,10,9,2
36270,1,24.61,8,10,0,2,0,4,2011,0,0,0,0,16,0,0,19,3,8,6
65470,1,53.46,9,19,0,2,1,0,422,0,0,0,0,2,10,0,17,16,6,0
36197,1,52.13,17,17,0,2,1,4,836,0,0,0,0,23,10,0,12,4,7,4
32401,0,5.2,5,24,0,3,0,2,518,0,1,0,0,28,30,1,15,4,10,5
10315,1,17.28,5,21,0,1,0,1,983,0,0,0,2,12,10,1,15,25,12,3
49332,1,48.09,6,18,0,1,0,2,178,0,0,0,0,7,0,0,5,16,4,2
75526,0,23.66,13,11,0,1,0,4,2211,0,0,0,0,21,15,0,22,23,3,6
85337,1,14.32,12,17,0,1,0,1,727,0,0,0,0,39,10,0,7,3,1,4
47083,0,43.45,11,15,0,1,1,3,128,0,0,0,0,20,25,0,19,15,8,4
80321,1,1017.4,0,25,0,1,0,1,516,0,0,0,0,28,15,0,22,26,1,6
92383,0,33.41,20,23,0,0,0,1,121,0,0,0,1,5,15,0,11,25,9,3
22867,1,35.93,12,14,1,0,0,0,1443,0,0,0,2,2,20,0,3,11,2,1
30481,1,51.37,9,13,0,1,0,5,2022,0,0,0,2,19,30,0,20,7,9,6
47174,1,60.95,12,16,1,0,0,1,1316,0,0,0,0,20,10,0,13,13,6,4
10972,0,4.49,12,22,0,1,0,2,616,0,0,0,1,8,15,0,3,12,2,2
82446,1,88.93,8,20,0,6,0,1,1655,0,0,0,0,6,15,0,16,11,2,1
81420,1,54.98,17,15,0,4,0,3,2066,1,0,0,0,32,40,0,7,23,2,6
47837,0,4.91,8,18,0,4,0,1,1808,0,1,0,1,36,55,0,9,14,3,4
81600,1,71.65,20,23,0,2,1,2,201,0,0,0,1,40,20,1,22,23,4,2
47458,0,31.46,17,17,0,0,0,4,1040,0,0,0,0,32,15,0,4,30,10,3
72095,1,980.47,11,17,0,2,0,12,1880,0,0,0,1,9,35,0,20,11,5,6
46201,1,8.42,13,16,0,2,0,2,1125,0,1,1,0,23,35,0,11,28,10,1
43344,1,23.61,5,20,1,1,0,4,1059,0,0,0,0,5,10,0,4,4,6,2
55615,0,70.88,10,15,1,0,0,2,1186,0,0,0,0,35,25,0,16,1,5,3
94090,1,50.75,11,19,0,3,0,1,2376,0,0,0,0,24,0,0,5,2,10,3
58264,1,42.88,13,16,0,1,0,2,486,0,0,0,0,18,0,0,13,26,9,4
11245,0,56.05,15,14,0,2,0,1,1563,0,0,1,0,21,35,0,1,18,8,0
40931,0,28.95,3,25,0,3,1,1,163,0,1,0,1,37,50,0,14,19,7,5
14960,1,40.22,9,15,0,2,1,2,431,0,0,0,1,31,10,0,19,16,12,1
84265,1,59.27,15,12,0,0,0,1,747,0,0,0,0,10,0,0,13,4,8,0
42651,1,52.4,2,15,1,1,0,3,1406,0,0,0,0,8,10,0,17,10,4,3
13010,0,351.73,19,21,0,2,0,4,2362,0,0,0,1,32,15,0,21,11,7,4
77538,1,17.57,15,22,1,1,0,2,2347,0,0,0,0,38,20,0,14,19,7,5
96855,0,175.99,10,21,0,4,0,0,1528,0,0,0,1,19,30,0,10,29,6,6
26532,1,43.09,11,21,0,1,0,2,2266,0,0,0,0,13,0,0,19,13,4,6
82233,1,51.22,6,14,0,0,0,2,1817,0,1,0,0,13,15,0,19,8,6,6
10450,1,51.95,14,21,1,0,1,2,479,0,0,0,0,1,20,1,18,4,10,5
70926,1,69.45,1,17,0,4,0,0,1869,0,0,0,0,12,15,0,0,17,8,6
98469,1,36.87,13,31,0,3,0,5,1592,0,0,0,0,43,30,0,16,13,12,5
40620,1,32.01,12,17,1,0,0,0,905,0,0,0,0,11,10,0,20,26,2,2
94093,1,3.51,8,14,0,3,0,2,80,1,0,0,1,8,25,0,0,27,10,0
39162,1,75.46,17,16,1,2,1,1,2416,0,0,0,0,44,30,0,8,18,11,1
24007,1,6.29,0,18,0,0,0,1,1410,0,0,1,0,40,30,0,12,12,3,2
60020,1,57.38,23,21,0,2,0,2,1359,0,0,0,0,36,10,0,10,5,4,5
68598,1,63.66,9,21,0,2,0,3,369,0,0,0,4,40,20,0,23,15,10,2
18932,1,23.0,7,8,1,1,1,1,1392,1,1,0,0,33,60,0,23,11,4,4
30738,1,47.46,12,13,1,1,0,0,1723,0,0,0,0,20,10,0,10,8,1,2
68846,1,96.14,13,23,0,4,0,3,657,0,0,0,0,35,15,0,3,19,7,5
32120,1,41.81,9,20,0,3,0,2,2190,0,0,0,0,26,0,0,5,7,12,6
80574,1,12.71,12,16,0,2,0,3,953,0,0,0,0,2,0,0,18,17,7,3
15703,1,45.15,0,18,1,1,0,0,1434,0,0,0,0,30,10,0,17,16,9,1
78397,1,26.0,6,15,0,0,1,3,426,0,0,0,0,32,10,0,20,27,9,5
38822,1,21.31,9,20,0,2,0,1,51,0,0,0,2,13,10,0,4,23,11,6
46531,0,66.55,15,23,0,0,0,2,589,0,0,0,0,14,15,0,6,11,6,2
42789,1,11.8,16,19,0,0,0,4,904,0,0,0,0,13,0,0,16,30,7,2
95032,1,49.71,18,17,0,0,0,1,1067,0,0,0,1,17,0,0,17,6,3,3
55899,0,5.76,19,21,0,2,0,2,638,0,0,0,0,3,15,0,10,7,6,5
11100,1,33.32,20,18,0,7,0,0,2148,0,0,0,1,41,25,0,4,28,1,1
74381,0,35.33,15,12,0,0,0,2,1308,0,0,0,0,31,15,1,0,26,12,4
21573,1,43.08,0,21,0,5,0,1,769,0,0,0,1,15,15,0,0,19,7,5
27830,1,25.88,12,19,0,1,0,2,1967,0,0,1,0,10,20,0,4,8,5,3
47791,1,52.41,0,19,0,3,0,1,839,0,1,1,1,2,35,1,14,23,2,6
37322,1,48.86,2,12,0,1,0,0,1959,0,0,0,0,5,0,0,20,15,5,3
44693,0,29.16,9,14,0,0,0,4,641,0,0,0,0,3,15,0,12,6,11,3
30908,1,67.84,19,17,0,2,0,3,2447,0,0,1,1,44,30,0,19,26,2,2
60356,1,62.69,13,15,0,2,1,2,2407,0,0,0,1,17,10,0,6,14,10,1
81746,1,56.86,20,13,0,3,0,0,357,0,1,0,0,5,15,0,17,2,4,2
30405,1,36.24,7,19,1,1,0,4,303,0,0,0,0,32,10,0,22,9,4,2
57005,0,51.97,10,18,0,1,1,4,2187,0,0,0,1,41,35,0,5,8,11,5
78147,1,56.48,10,15,0,1,0,1,344,0,0,0,1,22,0,0,21,6,7,6
32423,1,912.48,14,12,0,2,0,4,1108,0,0,0,0,19,15,0,20,19,6,3
39845,1,69.12,18,22,0,3,0,1,877,0,0,0,0,25,0,0,7,3,10,4
50902,1,4.2,4,24,1,0,0,2,2115,0,0,0,0,43,20,0,19,30,7,2
52348,0,54.38,18,19,0,0,0,1,1066,0,1,1,0,8,50,0,13,16,11,6
21560,1,59.5,8,13,0,5,0,3,2146,0,0,1,0,18,35,0,1,30,10,3
49621,1,855.01,7,11,0,3,0,2,1947,0,0,0,1,29,15,0,7,2,11,6
33416,1,82.18,12,17,0,2,0,2,113,0,0,0,0,11,0,0,18,26,7,5
94300,0,37.14,17,21,0,1,0,1,752,0,0,0,0,1,15,0,0,13,2,3
91797,1,34.95,2,20,0,3,0,1,1167,0,0,0,0,8,0,0,2,6,11,3
74709,0,63.96,16,16,0,0,0,2,669,0,0,0,0,24,15,0,11,21,4,0
80982,1,27.93,6,20,0,1,0,2,2224,0,0,0,0,10,0,0,5,29,5,3
51744,1,21.44,11,15,0,0,0,2,1694,0,0,0,1,24,0,0,22,14,11,4
62900,0,43.58,22,19,0,2,0,5,1964,0,0,0,0,43,45,0,18,3,7,3
37586,1,55.25,12,19,0,1,0,5,1444,0,1,0,0,5,35,0,10,12,6,3
49585,0,20.63,3,20,0,1,0,1,537,0,1,0,1,38,40,0,20,24,11,0
91141,0,16.86,8,16,0,6,0,1,2228,0,0,0,0,26,30,0,22,13,10,0
64785,0,32.16,20,17,0,4,0,1,1280,0,0,0,1,3,30,0,4,26,4,5
42177,1,31.36,7,12,0,1,0,1,1169,0,0,0,0,37,10,0,17,2,6,0
23512,1,10.29,11,16,0,6,0,2,1512,0,0,0,0,4,15,0,11,11,1,5
82889,1,86.59,15,22,0,0,0,0,2470,1,0,0,0,32,25,0,4,9,7,2
11087,1,33.95,16,16,0,3,0,3,1855,0,0,0,0,1,0,0,19,29,12,0
38195,1,80.44,2,16,0,0,1,2,857,0,0,0,0,38,20,0,18,3,2,0
15836,1,39.38,11,21,0,2,0,2,1951,0,0,0,0,19,0,0,0,15,1,2
66903,1,69.43,15,20,1,1,0,3,1539,0,0,0,1,16,10,0,1,3,3,0
24663,1,72.28,23,9,0,1,0,0,1866,0,0,0,0,7,0,0,14,4,4,4
78236,1,31.33,9,20,0,2,0,2,1280,0,0,0,2,24,10,0,9,12,6,3
10966,1,40.59,19,16,0,1,0,4,2402,0,0,0,0,12,0,0,12,4,12,3
17590,1,85.85,18,16,0,1,0,1,1161,0,0,0,1,28,0,0,6,4,4,4
19913,1,59.59,10,17,0,3,0,2,530,0,0,0,0,40,10,1,10,2,9,1
29097,1,1.86,15,20,0,3,0,1,655,0,0,0,0,21,0,0,16,17,12,2
92502,0,2.89,12,17,0,3,1,4,985,0,0,0,0,14,25,0,14,27,6,4
61485,1,49.64,12,21,1,0,0,3,400,0,1,0,0,10,25,0,15,28,2,4
71975,0,16.92,17,21,0,0,1,5,616,0,0,0,0,22,45,0,7,15,11,5
22870,0,200.18,18,19,0,1,0,1,1395,0,0,0,0,7,15,1,3,27,1,0
27829,1,23.05,12,18,0,0,0,5,286,0,0,0,1,9,20,0,16,12,7,5
99112,1,21.16,11,19,0,6,0,1,1443,0,0,0,1,13,15,0,16,4,1,5
70160,1,915.97,14,26,0,2,1,3,2474,0,0,0,0,23,25,0,4,31,7,3
86205,1,221.08,12,20,0,5,0,2,741,0,0,0,1,22,15,0,23,23,8,5
79539,1,46.39,18,11,0,0,0,2,1688,0,1,0,0,20,15,0,13,14,4,0
50302,0,26.49,10,14,0,7,0,1,1467,0,0,1,0,16,50,0,15,29,7,1
67249,1,22.49,1,15,0,2,0,4,1825,0,0,0,1,2,0,0,18,9,6,0
63274,1,31.61,6,23,0,3,0,3,2402,0,0,0,0,1,0,0,19,25,12,3
76132,1,36.46,17,19,0,4,0,1,2007,0,0,0,0,23,15,0,1,9,6,0
56617,0,52.09,6,18,0,1,0,4,1176,0,0,0,1,25,15,0,4,21,2,4
75755,1,13.4,19,24,0,7,0,2,1953,0,0,0,1,38,25,0,23,21,7,0
90089,0,48.25,1,17,0,1,1,1,370,0,0,0,0,41,35,0,14,3,3,0
48015,1,30.08,17,19,0,1,0,2,1764,0,0,0,1,44,10,0,16,2,5,4
55582,0,24.52,14,9,0,1,0,2,1370,0,0,0,2,11,25,0,0,21,2,4
17333,1,5.46,18,17,0,0,0,6,209,0,0,0,0,43,30,0,20,11,10,5
11985,1,71.33,11,20,0,2,0,0,405,0,0,0,0,31,0,0,8,13,1,0
85282,0,40.77,18,21,0,1,1,4,1475,0,0,0,0,42,35,0,8,11,2,1
81479,1,88.06,7,20,0,0,0,3,1734,0,0,0,0,27,0,0,1,29,11,5
47427,0,11.13,13,23,0,1,1,4,1350,0,0,1,0,24,45,1,13,19,7,5
46159,1,2.62,17,13,0,3,0,7,379,0,0,0,0,13,20,0,10,26,5,0
12069,0,19.21,12,12,0,1,0,5,778,0,0,0,0,23,35,0,23,14,8,3
63220,1,75.18,18,14,0,0,0,7,234,0,0,0,0,22,20,1,0,21,11,4
20322,1,15.9,17,17,1,3,0,2,645,0,0,0,1,4,10,0,6,27,11,3
57829,1,20.36,1,21,1,0,0,4,2416,0,0,0,2,13,20,0,6,9,11,6
53407,1,52.48,20,19,1,0,0,4,994,0,0,0,0,7,10,0,22,23,4,2
99881,1,28.08,20,20,0,2,0,8,234,0,0,0,1,9,20,0,6,21,12,6
11310,0,44.54,10,12,0,0,0,3,2432,0,0,0,0,36,25,0,12,3,11,0
50624,1,84.75,20,17,0,1,0,2,567,0,0,0,0,4,0,0,14,8,1,2
46699,1,218.58,13,23,0,0,1,3,1411,0,0,0,0,20,10,0,5,25,3,1
22336,1,50.85,12,12,0,4,0,2,2272,0,0,0,0,12,15,0,14,9,7,2
57738,0,10.17,12,17,1,3,0,2,1659,0,1,0,1,29,40,0,3,8,8,4
35159,1,57.86,7,26,0,0,0,1,1588,0,0,0,0,16,0,0,15,11,10,5
97337,1,1103.22,14,8,0,2,0,1,2036,0,0,0,0,16,15,0,0,21,2,4
58560,1,69.7,8,8,0,1,1,1,1917,0,0,0,0,14,10,0,17,26,3,2
46054,1,102.59,12,13,0,2,0,3,517,0,0,0,1,26,0,0,16,29,1,2
24325,1,46.26,11,16,1,0,0,1,616,0,0,0,0,19,10,0,22,26,4,5
70640,1,55.51,9,14,0,2,0,0,419,0,0,0,0,25,0,0,19,6,2,3
24289,0,60.16,8,26,0,1,1,1,2113,0,0,0,1,1,25,0,18,4,5,6
64929,1,648.07,4,11,0,2,0,1,2138,0,0,0,0,42,25,0,5,28,12,6
60766,1,64.24,9,17,0,2,0,3,1127,0,0,0,1,42,10,0,14,3,12,2
76783,1,60.36,6,20,0,2,0,1,1414,0,0,0,1,18,0,0,11,15,5,3
91009,1,93.23,14,21,0,1,0,1,945,0,1,0,1,37,25,0,6,2,6,0
53248,0,8.83,11,20,0,1,1,2,2226,0,0,0,0,40,35,0,20,2,6,0
85194,1,16.44,8,24,0,0,0,0,1153,0,0,0,0,4,0,0,12,23,12,1
83466,0,71.98,10,14,0,3,0,2,1248,0,1,0,0,41,40,0,15,26,6,3
40321,1,18.45,3,17,1,0,0,4,510,0,0,0,0,32,10,0,5,14,7,0
99997,1,67.33,10,19,0,1,0,2,142,0,0,0,0,4,0,0,7,3,1,4
99007,1,69.27,3,16,1,0,0,0,2452,0,1,0,1,10,25,0,21,10,7,3
47808,1,32.64,18,20,0,3,0,3,1079,0,0,0,0,27,0,0,22,5,2,2
13300,0,36.09,3,21,0,2,1,2,644,0,0,0,0,38,35,0,14,23,12,1
13977,1,592.11,6,16,0,0,0,1,537,0,0,0,0,44,25,0,18,20,4,6
52012,1,16.62,5,15,0,1,0,0,1088,0,0,0,0,39,10,0,15,9,7,2
97689,1,4.17,23,18,0,1,0,3,1470,0,0,0,0,40,10,0,1,20,2,3
13728,1,28.71,1,14,0,2,1,2,344,0,1,1,0,41,55,0,6,4,11,1
87913,0,23.62,15,19,0,2,0,5,194,0,0,0,0,41,45,0,7,21,5,2
79260,1,2.29,15,20,0,1,0,1,1406,0,0,0,0,43,10,0,7,8,10,2
62008,0,541.41,16,13,0,1,0,2,955,0,0,0,0,44,40,0,4,19,4,5
12965,1,96.72,0,12,1,1,0,3,1912,0,0,0,0,6,10,0,20,3,5,5
72551,1,20.25,9,16,0,0,1,3,2254,0,1,0,0,23,25,0,11,26,4,5
86142,1,70.4,9,17,0,2,0,2,43,0,0,1,1,17,20,1,5,26,8,1
12306,1,37.64,9,17,0,2,0,2,2282,0,0,0,0,39,10,0,1,13,6,4
38460,0,0.77,2,15,0,1,0,1,621,0,0,0,0,44,25,0,12,22,1,2
12096,1,34.17,12,17,0,0,0,1,1717,0,0,0,0,22,0,0,7,30,12,1
55368,0,1149.98,0,21,1,0,0,1,1525,0,0,0,1,17,40,1,14,11,7,4
51398,1,26.31,11,23,1,2,0,3,2073,0,0,0,0,2,10,0,22,2,11,6
44536,1,64.75,9,18,0,2,0,3,2208,0,0,0,0,4,0,0,3,19,4,5
51894,1,34.59,14,20,0,0,1,4,502,0,0,0,0,25,10,0,8,11,3,1
13387,0,38.26,13,9,0,2,0,2,2296,0,0,0,1,41,25,0,8,9,9,1
27810,1,16.57,15,25,0,1,0,4,1454,0,0,0,0,18,0,0,5,28,4,0
94916,0,22.36,9,15,0,3,0,0,761,0,0,0,1,3,15,0,16,25,11,1
62852,1,0.86,13,19,0,6,0,0,1314,0,0,0,0,12,15,0,7,18,5,6
24614,0,96.8,16,14,0,2,1,3,685,0,0,0,0,8,25,0,12,17,11,0
64606,1,39.8,6,27,0,0,0,4,1168,0,1,0,0,37,25,0,3,18,7,4
64949,1,31.6,8,19,0,0,0,1,2102,0,0,0,0,38,10,0,4,23,11,6
66815,1,64.01,11,17,0,3,0,4,1643,0,0,0,0,29,0,0,12,31,5,5
45577,1,87.29,7,16,0,1,0,2,853,0,0,0,0,42,10,0,21,19,9,4
99319,0,844.49,14,24,1,1,1,1,918,0,0,0,2,34,60,0,12,16,1,3
12179,1,9.17,9,18,0,5,1,2,1503,0,1,0,0,30,40,1,10,12,3,2
59943,0,4.84,16,18,0,2,0,0,2124,0,0,0,0,44,25,1,15,8,10,2
70350,0,41.86,10,15,0,2,0,1,67,0,0,0,0,39,25,1,3,1,1,2
13016,0,12.89,7,12,0,2,0,1,157,0,1,0,0,21,30,0,21,10,2,0
41361,1,59.93,19,14,0,0,0,2,213,0,0,0,0,33,0,0,17,21,10,1
61210,1,43.33,11,17,0,1,0,2,377,0,0,0,0,13,0,0,19,15,8,4
52242,0,26.59,11,10,0,2,0,9,2438,0,0,0,0,10,35,0,0,29,10,2
50774,1,70.81,16,21,0,0,0,0,2212,0,0,0,0,24,0,0,19,3,7,3
36705,1,4.22,21,21,0,2,0,2,1283,0,0,0,1,14,0,0,22,27,11,3
48074,1,843.97,21,20,0,1,0,3,2174,0,0,0,0,13,15,1,10,28,5,2
79922,1,127.9,11,14,0,1,0,1,1528,0,0,0,1,26,0,0,23,25,5,6
60656,1,42.14,6,14,0,0,0,1,1624,0,0,0,0,43,10,0,9,26,10,6
62632,0,29.65,4,16,0,2,0,2,1902,0,0,0,1,38,25,1,6,15,3,5
38281,1,42.98,15,20,0,4,0,4,1811,0,0,0,0,35,15,0,13,14,1,1
78226,1,71.81,13,19,0,0,0,0,947,0,0,0,1,42,10,0,12,9,8,5
76730,1,28.95,9,14,1,0,0,2,779,0,0,0,0,34,10,0,7,11,6,2
33003,1,14.68,10,24,0,2,0,2,1624,0,0,0,2,33,10,0,17,26,8,1
68916,0,8.48,20,18,0,2,1,1,869,0,0,0,0,2,25,0,14,16,12,1
92982,0,90.99,17,11,0,1,1,2,586,0,0,0,2,31,35,0,12,19,2,2
10172,0,65.73,8,22,0,0,0,2,559,0,0,0,0,30,15,1,17,20,4,6
38984,0,23.11,2,11,0,0,0,2,2231,0,0,0,2,22,25,0,11,22,9,0
26017,1,54.4,12,15,0,0,1,1,910,0,0,0,0,27,10,0,5,10,10,4
51261,1,22.96,5,14,0,0,0,0,1919,0,0,0,1,15,0,0,9,13,8,2
40003,0,29.11,4,22,0,0,0,4,2049,0,1,0,0,16,30,0,2,22,10,2
32712,0,9.37,15,14,0,3,0,1,2347,0,0,0,0,36,25,0,1,23,7,2
84362,1,3.13,13,16,0,3,1,2,266,0,0,0,0,32,10,0,23,2,6,0
89873,1,54.4,9,24,1,1,1,7,361,0,0,0,1,22,40,0,23,2,3,6
38200,1,46.41,12,22,0,0,0,6,152,0,0,0,0,10,20,0,7,26,4,5
52808,1,12.61,10,14,0,2,0,3,749,0,0,0,0,8,0,0,23,9,12,1
60850,1,66.08,15,11,0,3,0,1,1841,0,0,0,0,40,10,0,1,17,8,6
87977,1,26.46,20,18,0,1,0,2,2492,0,0,0,1,29,0,0,23,22,4,1
24708,0,53.68,10,16,0,1,0,1,2222,0,0,0,0,3,15,0,18,10,11,0
38868,1,7.14,16,13,0,0,0,2,1956,0,0,0,0,20,0,0,15,9,2,6
66096,1,83.82,18,11,0,0,0,2,473,0,0,0,1,42,10,0,14,18,3,1
13327,0,26.51,3,17,0,5,1,3,1576,0,0,0,0,38,50,0,14,5,12,4
96053,1,31.98,8,13,0,3,0,2,2263,0,0,0,0,23,0,0,16,15,1,2
18340,0,624.34,17,18,0,2,0,2,2192,0,0,0,0,43,40,0,21,19,11,2
52264,0,37.07,10,16,0,7,0,1,288,0,0,0,0,14,30,0,1,25,6,2
24424,1,43.59,10,12,0,5,0,1,491,0,1,0,0,10,30,0,9,30,3,6
79730,1,33.01,9,11,0,2,0,4,833,1,0,0,0,6,25,0,20,10,8,6
96399,1,40.61,16,25,0,0,0,3,258,0,0,0,1,22,0,0,22,14,8,3
99671,1,85.42,10,19,0,2,1,1,1322,0,0,0,0,19,10,0,9,21,10,1
18743,1,10.65,17,19,0,0,0,2,215,0,0,0,0,38,10,0,15,4,7,4
96899,1,9.87,6,21,0,0,0,1,1628,0,0,0,0,28,0,0,19,8,6,6
67477,1,44.67,4,19,0,1,1,1,1649,0,0,0,0,40,20,0,8,21,7,0
96243,1,18.43,11,21,0,0,0,2,579,0,0,0,0,9,0,0,16,2,8,5
28987,1,947.38,19,14,0,1,0,3,2117,0,0,0,0,2,15,1,23,19,2,2
19921,0,39.57,3,25,0,3,0,0,1856,0,0,0,0,11,15,0,5,21,11,4
55833,1,37.49,14,24,1,2,0,1,1120,0,0,0,0,28,10,0,11,9,9,1
87070,0,480.25,1,18,0,2,0,2,2498,0,0,0,0,44,25,0,20,18,6,2
14462,1,24.94,6,18,0,2,0,2,980,0,0,0,0,22,0,0,14,6,1,0
12322,1,16.68,10,23,0,0,0,12,1229,0,0,0,0,42,30,0,12,12,5,0
39397,0,56.48,16,17,0,2,0,0,946,0,0,0,0,10,15,0,2,8,1,2
66443,1,14.48,12,20,0,5,0,2,1826,0,0,0,0,43,25,1,15,16,12,1
23782,1,14.94,14,11,0,0,1,1,1308,0,0,0,0,18,10,0,18,19,9,4
28921,1,26.72,19,9,0,4,0,0,844,0,0,0,0,33,15,0,14,9,5,4
76571,1,15.8,13,21,0,1,0,9,566,0,0,0,0,33,20,0,4,28,1,1
99993,1,74.48,2,15,0,7,0,1,905,0,0,0,0,30,15,0,18,7,4,0
54932,1,35.09,16,24,0,2,0,4,2213,0,0,1,0,2,20,1,16,28,12,6
13049,1,28.98,16,16,0,2,1,1,1192,0,0,0,0,41,20,0,16,7,8,3
48794,1,19.19,18,17,0,1,0,9,860,0,0,0,0,24,20,0,18,28,1,1
64840,0,52.53,12,10,0,3,0,2,1370,0,0,0,2,33,25,1,11,29,3,5
28874,1,111.77,12,19,0,1,0,4,1063,0,0,0,1,36,10,0,23,12,1,6
23936,1,96.09,1,18,1,5,1,0,502,0,0,0,0,35,35,0,22,7,1,1
27658,0,26.3,11,17,0,0,0,2,2240,0,0,0,0,24,15,0,0,13,9,5
73127,1,42.32,13,19,1,4,0,1,1276,0,0,0,0,44,35,0,0,17,1,4
42439,1,30.76,10,15,1,0,0,2,1602,0,0,0,0,18,10,1,11,9,7,2
22922,0,51.42,21,27,0,0,0,2,2317,0,0,0,1,42,25,0,9,25,7,4
83682,1,65.79,12,25,0,0,1,3,2225,0,0,0,0,38,20,0,6,1,4,1
28609,1,0.85,14,17,0,5,0,3,2395,0,0,0,0,7,15,0,22,26,5,0
36817,0,46.89,21,16,0,1,1,1,1160,0,1,0,0,5,40,0,8,26,12,4
89237,0,22.76,18,22,0,1,0,0,1037,0,0,0,0,31,15,0,6,19,2,2
82477,0,61.72,10,17,0,1,0,4,98,0,1,1,1,27,50,0,10,21,2,4
56847,0,37.8,18,18,0,1,0,1,133,0,1,0,0,7,30,0,15,3,3,0
76884,1,2.27,23,17,0,0,0,2,2485,0,0,0,1,6,0,0,19,15,9,0
70086,1,38.89,11,19,0,1,0,3,1776,0,0,0,0,7,0,0,14,4,11,1
31318,1,30.53,7,21,0,1,0,3,1977,0,0,0,0,22,0,0,7,25,7,4
25759,1,1246.32,22,15,0,0,0,1,1273,0,0,0,0,15,15,0,18,26,7,5
95884,0,56.38,10,11,0,3,0,5,1315,0,1,0,0,37,60,0,3,3,1,4
12877,1,46.24,16,19,0,3,1,0,698,0,1,0,0,26,25,0,19,1,5,3
62299,1,1.24,8,14,0,0,1,0,40,0,0,0,0,30,10,0,19,4,2,1
13352,0,34.54,18,23,0,0,0,0,2307,0,0,0,0,12,15,0,13,22,1,2
88144,1,63.38,1,25,0,3,0,3,440,0,0,0,1,36,10,0,4,13,8,2
50078,0,87.16,7,13,0,3,1,1,1145,0,0,0,1,42,35,0,5,6,2,3
34184,0,36.77,16,18,0,1,0,3,229,0,0,0,0,28,15,0,5,5,4,5
40064,1,64.58,8,23,1,0,0,4,376,0,0,0,0,22,10,0,14,21,8,3
22483,1,72.29,13,18,0,1,0,1,1884,0,0,0,0,15,0,0,8,11,4,4
64139,1,418.09,6,22,0,9,1,3,1734,0,0,0,0,22,25,0,20,10,3,0
84833,0,100.98,10,9,0,0,1,2,2404,0,0,0,0,42,35,0,2,27,2,3
20720,1,72.84,2,12,0,0,0,2,760,0,0,0,1,16,0,0,15,15,9,0
58241,1,82.24,11,18,0,1,0,2,1132,0,0,0,2,26,10,0,17,13,2,3
38769,0,49.52,0,16,0,0,0,0,695,0,0,0,1,44,25,0,10,7,11,4
31559,0,69.31,7,13,0,1,0,1,1368,0,0,0,0,25,15,0,22,5,3,2
85128,1,57.68,13,23,1,0,0,5,1536,0,0,0,0,3,30,0,19,28,11,4
52337,1,22.88,12,9,0,2,0,1,644,0,0,0,1,16,0,0,10,15,7,1
86524,1,4.41,8,13,0,4,0,3,1741,0,0,0,0,21,15,0,10,8,6,6
19178,1,52.25,23,20,0,1,0,1,323,0,0,0,0,24,0,0,17,5,10,6
87948,1,51.56,9,20,0,1,0,4,1168,0,0,0,0,35,0,0,14,26,11,2
36786,1,49.62,4,16,1,0,0,0,837,0,0,0,0,41,20,0,9,23,7,2
96373,1,3.37,12,20,0,4,0,3,178,0,0,0,0,31,15,0,11,20,4,6
73938,0,77.7,6,17,0,2,0,1,1457,0,0,0,0,30,15,0,22,10,1,4
93272,1,60.94,3,11,0,3,0,1,2225,0,0,0,1,30,0,0,14,2,7,2
88468,1,24.89,13,29,0,0,0,3,1607,0,0,0,0,13,0,0,17,29,4,1
66388,1,65.55,11,21,0,2,0,1,1677,0,0,0,1,16,0,0,21,3,6,1
19647,0,58.75,14,14,0,2,0,1,2380,0,1,0,0,25,30,0,0,29,8,4
29296,1,43.98,15,20,0,0,0,2,241,0,0,1,1,41,30,0,8,5,6,3
22790,0,96.85,8,30,0,0,0,1,1495,0,0,0,0,36,25,0,19,8,1,2
88358,1,14.76,9,20,0,2,0,1,1873,0,1,0,0,21,15,0,8,19,10,6
74657,1,226.96,7,27,0,1,1,3,628,0,0,0,0,31,10,0,6,5,4,5
54485,1,41.58,13,17,0,1,0,1,2460,0,0,0,0,30,0,0,12,30,11,6
40173,0,30.59,11,13,0,2,0,3,1723,0,1,0,0,23,30,0,6,17,6,1
23746,0,8.72,16,18,0,3,1,0,2433,1,0,0,0,19,50,0,11,30,11,6
95677,1,9.89,15,17,0,1,0,0,368,0,0,0,0,8,0,0,18,25,5,6
23093,0,12.36,12,27,0,1,0,5,376,0,0,0,0,3,35,1,11,17,11,0
78312,1,75.27,7,22,1,3,0,2,1935,0,0,1,1,20,30,0,2,20,1,0
26844,1,16.07,15,23,0,0,0,2,1179,0,0,0,1,33,0,0,12,22,10,2
79184,1,79.29,13,20,0,0,1,3,1727,0,0,0,1,14,10,1,19,30,5,4
56106,1,31.63,11,24,0,1,0,2,1661,0,0,0,0,12,0,0,6,15,2,5
86563,1,20.72,10,17,0,1,1,3,1238,0,0,0,1,12,10,0,7,4,4,4
41611,1,22.28,10,15,0,2,0,4,125,0,0,0,0,33,0,0,9,11,2,1
81697,1,54.05,9,18,0,1,0,4,2376,0,0,0,1,37,10,0,15,13,10,0
50128,0,19.31,15,16,0,1,0,1,1616,0,0,0,0,18,15,0,18,8,2,5
19911,1,596.14,11,22,1,2,1,1,1074,1,0,0,1,41,70,0,18,16,11,6
25795,1,0.93,8,11,0,2,0,0,2421,0,0,0,0,12,0,0,14,2,4,2
73986,1,12.18,8,17,1,1,1,2,2482,0,0,0,1,37,30,0,22,20,9,5
91838,1,40.51,8,21,0,2,0,7,2335,0,0,0,0,5,20,0,7,7,12,6
40164,0,22.95,11,26,0,2,0,3,1964,0,0,0,0,39,25,0,7,3,4,3
36722,1,254.57,14,13,0,0,0,4,2312,0,0,0,0,37,10,0,10,25,5,6
24152,1,113.43,13,14,0,0,0,2,1905,0,0,0,2,16,10,0,4,25,6,2
14951,1,50.3,2,9,0,4,0,1,2172,0,0,0,1,12,15,0,21,6,11,3
50679,1,11.67,12,17,0,0,1,1,161,0,0,0,0,8,10,0,10,29,11,5
71248,1,0.02,9,19,0,1,0,0,507,0,1,0,0,15,15,0,1,18,7,4
49736,1,70.1,3,19,0,1,0,2,2318,0,0,0,0,42,10,0,19,21,12,6
95295,1,36.73,23,14,0,1,0,1,1914,0,0,0,0,20,0,0,15,18,7,4
85441,1,46.45,9,22,0,1,0,2,2176,0,0,0,0,19,0,0,10,26,7,5
16305,1,0.22,6,18,0,1,0,4,1339,0,0,0,1,33,0,0,6,17,3,0
68044,0,84.34,16,21,0,0,0,0,990,0,0,0,1,13,15,0,20,19,9,4
90900,1,16.46,12,19,0,2,0,0,2384,0,0,0,0,33,0,0,6,21,1,1
29259,1,657.96,23,14,0,2,0,8,1728,0,0,0,2,11,45,1,7,24,10,4
70182,1,35.61,14,12,0,1,0,1,1871,0,0,0,0,39,10,0,16,19,5,0
40134,1,7.69,11,15,1,1,0,2,1591,1,0,0,0,2,35,0,5,4,7,4
49612,1,102.14,3,16,0,2,0,1,912,0,0,0,0,27,0,0,17,28,3,4
15574,0,56.07,19,20,0,1,0,6,429,0,0,0,0,30,35,1,4,31,3,0
40593,1,0.19,9,21,0,3,0,5,460,0,0,0,1,43,30,0,0,13,10,0
92511,1,48.16,5,25,0,3,0,4,2239,0,0,0,0,44,10,0,17,28,9,6
17357,0,1.32,23,18,0,3,0,1,408,0,0,0,0,22,15,0,0,21,1,1
34188,1,3.78,14,10,0,2,0,2,164,0,0,0,1,40,10,0,3,30,8,5
89606,0,89.63,14,23,0,1,1,1,1856,0,0,0,1,10,25,0,5,19,1,6
62012,1,42.39,17,17,0,1,0,3,312,0,0,0,0,39,10,0,15,22,4,1
92782,1,39.7,7,20,0,1,1,1,836,0,0,0,0,15,10,0,4,12,5,0
18002,0,0.85,8,15,1,0,1,3,1499,0,0,0,0,3,35,0,9,22,2,5
47305,1,63.36,6,19,0,0,0,3,1263,0,0,0,0,9,0,0,22,17,5,5
81311,1,32.73,23,16,0,2,0,2,1294,0,0,1,0,21,20,0,14,7,4,0
67939,1,13.91,16,18,0,1,0,0,404,0,1,0,0,37,25,0,4,13,5,1
86878,1,79.19,16,17,0,2,0,3,2402,0,0,0,0,27,0,0,2,22,1,2
78054,1,77.09,7,14,0,0,0,1,1171,0,0,0,1,22,0,0,9,25,2,1
57600,1,45.19,13,15,0,2,0,3,793,0,0,0,0,33,0,0,19,14,9,6
75259,1,42.8,11,16,0,1,0,3,459,0,0,0,1,38,10,0,1,27,10,0
55757,1,50.4,11,19,0,3,0,2,2065,0,0,1,1,14,20,0,17,30,7,2
76114,1,27.23,9,19,1,1,0,0,2183,0,0,0,1,23,10,0,19,7,7,0
34518,1,75.2,6,19,0,1,0,3,2356,0,0,0,1,31,0,0,21,16,8,5
51120,1,36.98,11,20,0,1,1,2,1824,0,0,0,0,23,10,1,19,12,11,2
58061,1,13.0,13,22,0,2,1,4,1181,0,0,0,0,14,10,0,14,26,1,6
35311,1,42.67,11,17,0,2,0,0,40,0,0,1,0,15,20,0,10,16,3,6
77746,1,46.87,20,16,0,0,0,2,2492,1,1,0,0,10,40,0,9,3,11,0
54259,1,69.18,6,22,0,4,0,2,634,0,0,0,0,31,15,0,1,23,5,4
84408,1,30.34,11,14,0,6,0,3,479,0,0,0,1,31,15,0,10,4,1,5
24016,1,24.97,15,19,1,1,1,3,2080,0,0,0,0,41,30,0,20,3,8,6
65586,1,68.65,8,20,0,1,0,2,1598,0,0,0,0,29,0,0,13,4,7,4
39973,1,94.02,10,22,1,2,0,1,398,0,0,1,0,22,30,1,15,2,4,2
40070,1,33.96,14,18,0,3,0,3,512,0,0,1,0,14,20,0,17,19,5,0
27129,1,38.02,7,15,0,2,0,1,957,0,0,0,0,5,0,0,3,29,10,2
55230,0,12.51,7,18,0,5,0,0,543,0,0,1,0,37,60,0,1,25,12,3
47412,1,13.38,3,19,0,0,0,2,382,0,1,0,0,35,15,0,11,15,8,4
61659,1,58.5,11,15,0,0,0,1,259,0,0,0,0,9,0,0,6,14,5,2
67156,1,9.01,10,18,0,0,0,4,1740,1,0,0,0,25,25,1,15,6,7,6
98901,1,72.37,7,19,0,1,1,0,231,0,0,0,0,34,10,0,1,23,5,4
46067,0,73.79,15,13,0,0,0,1,1146,0,0,0,0,32,15,0,19,6,2,3
77848,1,76.24,12,17,0,0,0,1,575,0,0,1,0,13,20,0,9,24,12,2
30388,1,923.95,15,11,0,1,0,1,87,0,0,0,0,16,15,0,5,6,12,5
87529,0,29.24,9,14,0,2,0,1,1547,0,0,0,0,14,15,0,4,6,5,1
87857,1,10.6,15,16,1,1,0,3,1486,0,0,1,0,11,30,0,2,26,12,4
20985,1,18.14,7,17,0,0,0,5,102,0,1,0,0,18,35,0,0,13,7,6
99929,1,1143.58,18,14,0,1,1,4,1265,0,0,0,0,19,25,0,21,5,11,2
82365,1,139.09,15,22,0,1,0,3,80,0,0,1,1,42,30,0,3,5,3,2
95016,0,51.17,13,23,0,3,1,2,1396,0,0,0,0,10,25,0,10,9,6,0
44773,1,66.75,15,15,0,1,0,2,385,0,0,0,1,44,10,0,8,20,10,0
80194,0,76.23,12,20,0,5,0,1,1661,0,0,0,0,40,40,0,16,30,9,1
51860,1,35.08,3,24,1,0,0,2,1899,0,0,0,0,22,10,0,15,16,8,5
81413,1,157.98,2,18,0,2,0,0,2037,0,0,0,0,44,10,0,6,21,6,5
74170,1,42.34,20,19,0,0,1,1,878,0,0,0,0,30,10,0,13,23,6,0
89144,1,47.6,14,27,0,3,0,3,1187,0,0,0,0,5,0,0,20,2,1,3
46429,1,32.8,13,19,0,1,0,3,752,0,0,0,0,14,0,0,23,20,5,1
81652,1,93.51,17,16,0,3,0,1,2156,0,0,0,0,42,10,0,7,28,5,2
66499,1,55.84,2,17,0,0,1,1,882,0,0,0,0,2,10,0,9,10,7,3
37238,1,76.63,10,10,0,1,0,1,236,0,1,0,1,5,15,0,0,23,2,6
11050,1,18.9,8,19,0,2,0,0,843,0,0,0,0,13,0,0,12,27,8,2
43492,1,993.2,9,21,1,4,1,3,954,0,0,0,0,17,50,1,20,28,7,0
91687,1,93.42,20,18,0,0,0,0,1549,0,0,0,0,36,10,0,8,17,6,1
91638,1,21.8,10,15,0,2,0,2,175,0,0,0,0,15,0,0,11,27,10,0
80266,1,23.13,19,13,0,1,0,1,1321,0,0,0,0,44,10,0,8,15,2,5
30740,1,39.02,10,18,0,1,0,1,1260,0,0,0,0,44,10,0,18,3,8,6
45388,1,72.48,9,28,0,0,0,3,102,0,1,0,0,37,25,0,19,26,1,6
73561,0,21.67,12,21,0,0,0,1,2054,0,0,1,0,43,45,0,8,16,9,1
19591,0,59.26,10,19,0,0,0,2,1183,0,0,0,0,4,15,1,12,5,9,4
69946,0,93.33,14,20,0,3,0,2,490,0,0,0,0,24,15,0,12,6,4,6
63168,1,34.54,19,17,1,0,0,0,525,0,0,0,0,4,10,0,2,10,10,4
17400,0,26.44,15,26,0,1,1,2,986,0,0,0,0,20,25,0,21,21,9,6
19067,1,24.99,7,15,0,1,0,1,2243,0,0,0,0,17,0,0,17,7,5,2
74915,1,17.41,8,15,0,0,0,2,2209,0,0,0,0,7,0,0,11,12,8,1
32339,0,87.93,8,18,0,0,0,2,516,0,0,0,0,24,15,0,4,21,9,6
61670,1,44.81,8,16,0,5,0,1,2034,0,0,0,0,42,25,0,19,27,4,6
23484,1,18.54,11,15,1,0,1,2,1686,0,0,0,0,44,30,0,9,7,4,0
30764,1,31.39,15,16,0,2,0,2,837,0,0,0,1,4,0,0,15,13,5,1
31328,1,46.1,14,23,0,3,0,2,142,0,0,0,0,28,0,0,0,25,5,6
59539,0,47.58,9,8,0,3,0,3,2363,0,1,0,0,36,40,0,1,3,1,4
21576,1,34.82,13,22,1,2,0,0,355,0,0,0,1,42,20,0,21,20,7,6
32826,1,30.63,8,14,0,5,0,1,623,0,0,0,0,19,15,0,4,13,9,5
22199,1,57.09,17,23,1,1,0,5,685,0,0,0,1,10,30,0,1,14,7,0
75447,1,19.63,22,9,0,5,0,0,1790,0,0,0,1,20,15,0,21,8,10,2
29650,1,4.89,15,21,1,2,0,3,1725,0,0,0,1,35,10,1,8,23,2,6
49589,0,14.89,7,20,0,5,0,1,1802,0,0,0,0,6,30,0,1,17,9,2
38076,0,8.21,9,12,0,1,0,1,615,0,0,0,1,34,15,0,13,8,1,2
12592,0,12.65,11,19,0,7,0,0,2023,0,0,0,0,8,30,0,19,4,5,6
45298,1,49.62,6,17,0,1,0,2,1452,0,0,0,1,29,0,0,19,26,3,2
53677,1,80.72,18,23,0,3,1,1,1970,0,0,0,0,38,20,0,11,10,10,4
29092,1,12.03,13,12,0,5,0,3,776,0,0,0,3,9,25,0,22,12,3,2
48920,1,17.09,12,18,1,3,0,3,1980,0,0,0,0,43,20,0,20,10,1,4
46054,0,19.45,0,15,0,1,1,3,1844,0,0,0,0,21,25,0,16,3,7,3
84273,1,34.61,10,16,0,2,0,3,2427,0,0,0,0,30,0,0,12,6,3,3
37486,1,16.31,13,10,0,1,0,2,1997,0,0,0,0,37,10,0,16,1,7,1
11504,1,0.66,19,21,0,1,0,3,1730,0,0,0,1,13,0,0,21,15,1,2
93205,1,455.82,13,17,1,2,0,1,983,0,0,0,0,37,20,0,20,29,11,5
43801,1,1200.67,0,21,0,0,0,4,1610,0,0,1,1,43,45,0,5,2,10,3
58882,1,51.64,2,13,0,0,0,3,2457,0,0,0,0,18,0,0,10,26,6,3
43362,1,33.74,10,19,0,4,0,1,218,0,0,0,0,41,25,0,16,8,11,5
68868,1,18.56,14,15,0,0,0,5,306,0,0,0,0,39,30,0,0,15,5,3
22654,1,25.52,17,12,0,1,0,2,750,0,1,0,0,29,15,0,11,13,5,1
62342,1,21.95,18,21,0,1,0,1,1022,0,0,0,1,10,0,0,21,13,9,5
61693,0,68.09,7,23,0,1,0,2,371,0,0,0,0,12,15,0,1,23,3,6
67898,1,40.08,16,16,0,1,0,2,593,0,0,0,0,43,10,0,17,22,1,2
47426,0,57.77,3,20,1,1,0,2,2363,0,0,0,0,22,25,0,10,16,12,1
87765,0,19.17,20,21,0,2,0,2,1682,0,0,0,1,27,15,0,13,25,9,3
17347,1,45.98,14,9,0,2,0,2,2418,0,0,0,1,30,0,0,9,23,8,5
28668,0,57.93,6,25,1,3,0,0,2129,0,0,0,0,27,25,0,23,9,6,0
15623,1,813.29,0,17,0,1,0,1,1599,0,0,0,0,29,15,0,9,18,2,1
33557,1,67.68,12,17,0,0,0,4,1322,0,0,0,1,16,0,0,22,11,1,5
38332,0,81.19,8,26,0,0,0,1,2296,0,0,0,0,5,15,0,16,8,10,2
37440,1,34.02,15,23,0,2,0,2,2305,0,0,0,0,18,0,0,10,26,10,6
29674,0,62.43,4,17,0,0,1,3,243,0,0,0,0,6,25,0,18,10,7,3
93595,0,7.02,14,19,0,1,1,4,1923,0,0,0,0,41,35,0,23,16,2,6
28570,1,119.27,16,17,0,0,0,2,2044,0,0,0,0,29,0,0,6,16,4,2
27874,1,3.35,11,19,0,3,0,2,682,0,0,0,0,2,0,0,6,27,5,1
78304,1,85.59,11,18,0,2,0,1,1671,0,0,0,0,7,0,0,20,7,3,4
75492,1,20.84,15,16,0,1,0,5,265,0,1,0,0,22,35,1,23,10,12,2
40663,1,20.92,14,21,0,3,0,2,1338,0,0,0,0,8,0,0,10,15,10,2
14170,1,41.37,10,14,0,2,1,0,2397,0,0,0,0,6,10,0,23,9,7,2
21553,1,48.3,15,18,0,2,1,1,1408,0,0,0,1,27,10,0,22,25,7,4
66282,1,59.28,11,19,0,1,0,1,825,0,0,0,0,1,0,0,6,5,2,2
97106,0,539.35,12,17,0,2,0,2,795,0,0,0,0,38,40,0,20,2,4,2
81013,0,81.08,9,20,0,2,0,1,936,0,0,0,2,31,25,0,7,3,10,4
99942,0,6.86,9,22,0,2,0,4,350,0,0,0,0,10,15,0,9,18,6,2
66093,1,47.93,15,23,0,1,1,7,628,0,1,0,0,32,45,0,17,2,2,6
27690,1,12.03,2,20,0,4,0,2,1894,0,0,1,0,22,35,0,9,10,7,3
58558,1,8.97,12,10,0,3,0,3,2073,0,0,0,0,42,10,0,7,4,2,1
90969,0,63.89,13,20,0,3,0,4,2033,0,0,0,0,43,25,0,5,9,10,3
96984,1,42.27,1,12,0,2,0,0,2169,0,0,1,1,12,20,0,6,30,12,1
44018,1,38.94,13,25,0,0,0,4,1955,0,1,0,0,41,25,0,23,7,8,3
43756,0,86.76,19,17,0,2,1,9,1113,0,0,0,1,7,45,0,23,6,2,3
42818,1,5.55,12,9,0,5,0,2,1618,0,0,0,2,10,25,0,4,31,7,3
16769,0,24.32,16,20,0,3,1,1,1803,0,0,0,0,33,25,0,9,12,5,0
51315,1,19.48,13,15,0,2,0,3,2128,0,0,1,0,11,20,0,0,8,6,6
22959,0,16.57,13,17,0,5,0,3,2114,0,0,0,1,5,30,0,17,4,8,0
46061,1,22.26,12,19,0,0,0,1,1832,0,0,0,0,37,10,0,20,10,6,1
73911,1,26.06,14,21,0,5,0,4,1981,0,0,0,0,42,25,0,20,21,4,0
90862,0,59.72,22,21,0,2,1,2,1955,0,0,0,0,2,25,1,22,13,1,0
28971,0,34.36,6,15,0,0,0,2,1917,0,0,0,0,28,15,0,0,18,3,1
60377,1,44.43,19,22,0,0,0,3,1117,0,0,0,2,7,10,0,22,31,3,0
23887,1,72.6,14,13,0,2,0,1,311,0,0,0,0,3,0,0,1,23,8,5
97539,1,70.03,10,18,0,0,0,0,1587,0,0,0,0,9,0,0,0,17,6,1
96072,1,48.68,9,16,0,4,0,0,2428,0,0,0,0,4,15,0,0,14,10,1
86595,1,772.99,15,14,0,2,0,4,1985,0,1,0,0,34,30,0,8,2,8,5
66866,1,5.71,21,13,1,0,0,0,153,0,0,0,0,8,10,0,10,27,3,3
68851,1,3.71,7,11,0,0,1,2,614,0,0,0,0,28,10,0,12,29,8,4
69337,1,0.03,13,13,0,2,0,1,1390,0,0,0,0,30,0,0,21,1,4,1
67460,1,96.29,10,11,0,2,0,2,71,0,0,0,0,17,0,0,10,1,12,0
60462,1,2.62,14,16,0,2,1,4,529,0,0,0,0,5,10,0,3,6,1,0
93191,1,46.68,6,15,0,0,0,3,2035,0,0,0,0,9,0,0,14,17,8,6
95836,1,62.72,11,22,0,0,1,5,2086,0,0,0,0,17,30,0,2,11,11,1
41563,1,39.2,18,13,0,2,1,1,595,0,1,0,1,20,25,0,9,10,12,2
54233,1,80.08,15,13,0,2,0,3,2200,0,0,0,0,12,0,0,11,7,4,0
26766,1,71.67,7,23,0,0,0,2,1844,0,0,0,0,5,0,0,19,25,1,5
16971,1,116.51,2,13,1,1,0,4,874,0,0,0,0,38,20,0,4,22,11,5
98821,0,46.51,21,19,0,1,1,2,1531,0,0,0,1,25,25,1,19,28,10,1
74831,1,963.54,10,16,0,1,0,2,2132,0,0,0,0,6,15,0,21,3,5,5
20952,0,36.74,13,21,0,1,0,2,2492,0,0,0,0,18,15,0,23,24,6,1
21574,1,37.46,8,17,0,2,0,3,2476,0,0,0,1,33,0,0,19,26,5,0
44570,1,21.19,10,15,0,2,0,3,2270,0,0,0,1,39,10,0,17,21,5,2
33220,0,44.92,13,21,0,2,0,3,1285,0,0,0,0,9,15,0,11,10,5,5
76270,1,36.58,12,19,0,1,0,2,1267,0,1,0,0,42,25,0,10,19,2,2
95913,1,7.69,15,19,0,6,0,2,2021,0,0,0,0,35,15,0,6,22,7,1
94770,1,37.42,13,21,0,2,1,0,2180,0,1,0,1,7,25,0,9,21,8,3
37057,1,27.22,23,22,0,0,0,2,1752,0,0,0,1,33,0,0,19,10,8,6
43355,1,858.52,9,19,0,0,1,0,252,0,0,0,0,6,25,0,18,27,12,5
60554,1,67.92,1,23,0,0,0,0,1728,0,1,0,0,33,15,0,17,29,10,2
81293,0,18.36,19,18,0,2,0,0,1843,0,0,0,2,14,25,0,18,20,6,4
50096,1,46.38,8,21,0,1,0,3,574,0,1,0,1,9,15,0,10,2,2,6
40421,1,18.68,22,19,0,4,0,5,1779,0,0,0,3,15,45,0,2,8,10,2
26970,1,8.02,19,25,0,0,0,3,275,0,0,0,0,27,0,0,10,15,9,0
54478,1,20.69,23,21,0,2,0,5,1229,0,0,0,0,4,20,0,1,4,11,1
54886,1,34.73,12,16,0,1,1,4,1970,0,1,0,0,18,25,0,11,11,2,1
55959,1,14.15,13,13,0,0,0,5,1827,0,0,0,0,16,20,0,8,27,7,6
95507,1,96.97,15,20,0,3,0,4,1871,0,0,0,0,30,0,0,12,19,12,4
59534,0,50.5,14,15,0,3,0,4,37,0,0,1,1,23,35,0,3,24,7,3
30735,1,9.61,15,20,1,1,0,1,520,0,0,0,0,25,10,1,4,3,8,6
80424,1,5.97,12,15,0,0,0,1,1197,0,0,0,0,11,0,0,13,11,3,1
51213,1,41.5,7,12,1,5,0,5,558,0,0,0,0,27,45,0,13,3,6,1
36001,1,101.4,12,16,1,2,0,7,1587,0,0,0,0,39,40,0,3,16,11,6
15285,0,112.79,7,19,0,2,1,7,1814,0,0,0,0,22,45,0,2,16,10,3
54877,1,20.05,20,12,0,2,0,5,1881,0,0,0,0,8,20,0,16,2,8,5
10975,1,56.92,10,20,1,2,1,0,2452,0,0,0,0,20,20,1,3,14,11,4
66732,0,82.47,14,26,0,1,1,2,1281,0,0,0,0,24,25,0,4,29,9,0
14279,1,63.49,12,26,0,1,0,3,491,0,0,0,0,27,0,0,13,20,11,3
96042,1,21.19,13,18,0,0,0,7,775,0,0,0,0,5,20,0,18,21,2,4
36067,1,92.38,10,20,0,1,1,2,1868,0,0,0,0,41,20,0,23,30,3,6
14646,1,35.9,13,22,0,0,0,0,1009,0,0,0,0,38,10,0,14,29,7,1
30579,0,46.23,6,22,0,0,1,3,745,0,0,0,0,19,25,0,12,2,4,2
18729,1,1064.99,11,18,0,1,0,1,1691,0,0,0,0,32,15,0,21,5,3,2
46519,0,25.35,14,14,0,1,0,2,2125,0,0,0,0,42,25,0,21,8,2,5
85785,1,49.77,14,19,0,0,0,1,1127,0,0,0,0,16,0,0,20,3,11,0
28210,1,70.4,11,13,0,4,0,1,1469,0,0,0,0,5,15,0,9,7,11,4
63949,0,10.51,2,13,0,2,0,1,1663,0,0,0,1,36,25,0,13,4,4,4
42373,1,12.3,15,19,1,0,0,2,830,0,0,0,0,35,10,0,13,30,10,3
18872,1,36.97,9,14,0,2,0,2,352,0,0,0,0,9,0,0,11,17,1,4
78051,1,38.86,14,20,1,2,1,1,1191,0,1,0,0,33,35,0,23,29,7,1
68243,1,38.49,19,20,0,2,0,1,1458,0,0,0,1,26,0,0,15,30,4,2
52765,1,33.5,6,20,0,1,0,1,2382,0,0,0,0,37,10,0,0,9,1,3
19306,1,71.03,11,17,0,1,0,1,1304,0,0,0,0,10,0,0,4,25,1,5
93429,1,2.63,17,19,0,1,0,4,1145,0,0,0,0,9,0,0,16,21,7,0
63131,1,7.46,10,20,1,1,0,3,1157,0,0,0,1,6,10,0,6,29,6,6
60054,1,63.42,12,21,0,1,0,2,2063,0,0,0,0,6,0,0,15,5,8,1
49015,0,70.81,13,14,0,1,0,1,440,0,0,0,0,9,15,0,20,20,8,2
79621,1,40.9,7,22,0,1,0,1,481,0,0,0,0,24,0,0,16,23,5,4
62830,1,5.65,13,16,1,1,0,1,1509,0,0,0,0,19,10,0,12,5,10,6
79766,1,29.33,19,30,0,0,0,0,2284,0,0,0,2,21,10,0,4,5,8,1
87737,0,57.22,20,23,0,1,0,1,2300,0,0,0,0,12,15,0,20,6,7,6
24787,0,37.71,9,23,0,2,0,5,2423,0,0,0,0,28,35,0,18,21,9,6
44159,1,34.5,22,22,0,2,0,1,2058,0,0,0,0,5,0,0,6,27,8,2
51029,1,27.31,10,21,0,2,0,3,1054,0,0,0,0,4,0,0,4,20,3,3
59688,1,22.01,13,9,1,0,0,5,1837,0,0,0,1,26,30,0,8,18,7,4
23983,0,95.86,9,20,0,1,0,0,1394,0,0,0,0,13,15,0,21,15,6,6
67304,0,32.25,21,14,0,1,0,5,2133,0,0,0,0,26,35,0,3,13,2,3
68442,1,65.71,15,16,0,4,1,1,1535,0,0,0,2,42,45,0,1,16,1,3
99285,1,4.47,15,19,0,2,0,0,1445,0,0,0,1,14,0,0,22,19,2,2
31104,1,14.94,12,20,0,2,1,1,137,0,0,0,0,16,10,0,9,10,8,6
17964,1,47.06,18,22,0,0,1,1,222,0,0,0,2,6,20,0,6,11,7,4
92200,0,1.73,19,15,0,0,0,3,435,0,0,0,0,24,15,0,18,7,11,4
67223,0,22.26,15,23,0,2,0,0,1171,0,0,0,0,2,15,0,15,28,9,6
55833,1,1.67,15,21,0,0,0,3,2028,0,0,0,0,15,0,0,22,24,5,5
89859,1,20.72,10,15,1,2,0,2,2106,0,0,0,0,44,20,0,7,21,3,4
97269,0,9.59,16,19,0,3,0,2,973,0,0,0,0,10,15,0,12,22,11,5
55781,1,46.59,12,14,0,8,1,2,701,0,1,0,0,11,40,1,21,23,1,3
77722,0,51.34,23,20,0,0,0,2,849,0,0,0,1,14,15,0,16,2,2,6
95807,1,0.12,5,18,0,1,0,7,599,0,0,0,1,38,30,0,6,12,2,2
29464,1,16.98,12,18,1,0,0,3,702,0,0,0,0,32,10,0,6,2,6,0
29660,1,53.82,8,18,0,0,0,1,625,0,0,0,0,40,10,0,22,29,4,1
63274,1,34.11,11,9,0,2,1,3,426,0,0,0,0,41,20,0,8,27,4,6
93710,1,59.78,16,15,1,1,1,2,732,0,0,0,0,29,20,0,20,5,6,3
40584,0,102.21,10,11,0,2,0,9,285,0,1,0,0,10,50,1,9,27,11,3
57488,1,54.68,12,13,0,7,0,7,231,0,0,0,0,43,45,0,15,13,6,4
14677,1,84.26,12,21,0,2,0,2,1014,0,0,0,0,32,0,0,13,4,10,5
78727,1,31.27,21,20,0,0,0,1,2424,0,0,0,1,24,0,0,9,8,5,3
44447,1,1098.94,18,8,0,0,0,1,915,0,0,0,2,5,25,0,19,30,10,3
99696,1,27.12,11,21,1,2,0,0,818,0,0,0,0,42,20,0,10,6,3,3
40834,0,40.98,0,19,0,1,1,3,2207,0,0,0,0,35,25,0,20,31,7,3
21808,1,65.38,14,15,0,3,0,2,1808,0,0,0,1,14,0,0,17,14,12,6
52688,1,14.92,13,14,0,4,0,0,2336,0,0,0,0,43,25,0,22,31,10,4
35815,1,20.65,9,19,0,6,0,2,1820,0,0,0,1,14,15,0,19,14,6,5
22319,1,75.74,4,16,0,0,0,1,838,0,0,0,1,7,0,0,23,23,1,3
71507,1,27.3,8,19,0,1,0,0,2498,0,0,0,2,6,10,0,11,14,4,0
14722,1,865.02,20,19,0,1,0,1,1032,0,0,0,0,33,15,0,6,24,8,6
13960,1,71.22,12,22,0,2,0,2,666,0,0,0,0,20,0,0,13,29,7,1
84268,1,63.62,18,16,0,2,0,1,1759,0,0,1,2,24,30,0,17,6,2,3
69674,1,48.68,11,20,0,1,0,1,564,0,0,0,1,9,0,0,0,25,2,1
39897,1,54.97,5,15,0,1,0,0,1097,0,0,0,0,17,0,0,21,22,8,4
64830,1,40.15,12,22,0,2,0,3,1648,0,0,1,0,40,30,0,13,27,11,3
97754,1,70.55,8,16,0,4,0,2,183,0,0,0,0,30,15,0,3,23,12,1
10910,1,11.13,8,15,0,2,0,0,1022,0,0,0,0,19,0,0,1,28,4,0
53214,1,14.81,11,10,1,1,1,2,1135,0,0,1,1,40,50,0,2,17,1,4
42619,0,29.63,23,13,0,1,0,1,1116,0,0,0,0,1,15,0,23,12,6,3
14352,1,68.15,18,18,0,1,0,0,185,0,1,0,0,18,15,0,15,26,8,1
32027,0,11.34,13,17,0,1,0,3,1890,0,0,0,1,15,15,0,13,24,1,4
35192,1,44.21,14,16,0,2,0,3,1158,0,0,1,0,38,30,0,20,17,8,6
80375,1,38.49,18,14,0,0,0,3,705,0,0,0,0,9,0,0,0,7,2,4
71587,1,25.22,11,14,0,5,0,0,1517,0,1,0,1,5,30,0,21,13,6,4
33033,1,34.78,13,18,0,0,0,4,1106,0,0,0,0,15,0,0,4,12,3,2
80270,1,18.11,8,15,0,2,1,0,349,0,0,0,0,30,10,0,9,19,12,4
43545,1,6.45,8,18,0,1,0,1,530,0,0,0,0,19,0,0,13,9,5,4
32757,1,0.66,0,22,0,0,1,3,1754,0,0,0,0,44,20,0,3,14,5,2
67706,0,57.72,17,14,0,3,0,0,608,0,0,0,2,35,25,0,2,16,10,3
71409,0,54.47,7,14,0,4,0,5,1621,0,0,0,0,23,50,0,13,16,6,0
26369,1,45.42,13,19,0,1,0,1,1604,0,0,0,1,21,0,0,7,20,5,1
36457,1,16.81,18,16,0,2,0,9,1535,0,0,0,0,13,20,0,12,22,12,0
57554,1,46.61,14,18,0,3,0,0,997,0,0,0,0,30,0,0,12,18,2,1
22636,1,2.48,10,19,0,1,0,0,1128,0,0,0,0,44,10,0,1,2,2,6
88477,0,962.56,3,12,0,1,0,5,686,0,0,0,0,39,60,1,6,12,1,6
68354,1,33.05,7,16,0,2,0,1,1553,0,0,0,0,35,0,0,22,1,7,1
20174,1,44.34,11,18,0,2,1,3,194,0,0,0,0,42,20,0,12,21,9,6
37678,1,6.17,12,15,0,1,0,2,2425,0,0,0,1,10,0,0,15,10,7,3
98553,1,12.42,12,27,0,2,0,2,33,0,0,0,0,32,0,0,22,10,6,1
52135,1,15.32,10,22,0,3,1,2,553,0,0,0,0,30,10,0,5,6,9,5
43913,0,61.3,15,26,0,1,1,1,966,0,0,0,0,25,25,0,1,6,4,6
17670,1,26.75,5,15,1,4,0,0,553,0,0,0,2,5,35,1,0,7,6,5
54439,1,22.59,12,19,0,5,0,2,1194,0,0,0,0,28,15,0,23,11,7,4
84495,1,9.55,10,17,1,1,0,2,171,0,0,0,1,13,10,0,5,25,6,2
46217,1,42.49,10,21,0,4,0,0,1769,0,0,0,0,21,15,0,1,12,7,5
55240,1,29.1,11,18,1,1,0,1,588,0,0,0,0,9,10,0,9,25,1,5
55626,1,64.38,19,21,0,1,0,3,2332,0,0,0,2,18,10,0,19,14,5,2
53430,0,11.6,12,8,0,3,0,2,1552,0,1,0,0,23,30,0,14,31,12,2
74829,1,28.13,14,14,1,1,0,0,1740,0,0,0,1,33,10,0,13,11,12,3
39168,1,27.29,18,24,1,2,1,2,2245,0,0,0,0,21,20,0,2,27,2,3
95498,1,834.53,19,12,0,0,0,2,954,0,0,0,0,27,15,0,17,17,10,4
30051,0,467.37,7,18,0,1,0,5,178,0,0,0,1,12,35,0,2,15,4,1
45670,1,28.62,6,21,0,0,0,6,686,0,0,0,1,40,30,1,3,9,6,0
25764,1,40.75,2,15,1,2,0,6,1206,0,0,0,1,1,30,0,22,30,11,6
37230,1,35.97,14,18,0,1,1,2,1616,0,0,0,1,42,20,0,22,14,6,5
35167,1,26.64,11,18,0,2,0,0,2069,0,0,0,0,10,0,0,6,14,7,0
14327,0,55.98,2,21,0,0,0,0,1657,0,0,0,1,41,25,0,8,10,8,6
11925,1,89.36,20,22,0,0,1,3,838,0,0,0,0,12,10,0,8,30,5,4
52362,0,51.77,23,21,0,2,0,2,1403,0,0,0,0,39,25,0,7,22,5,3
81766,0,59.96,2,19,0,2,0,4,441,0,0,0,1,20,15,1,11,13,4,6
80548,0,93.89,10,26,0,1,1,0,1230,0,0,0,0,27,25,0,13,13,5,1
48372,0,32.42,3,11,0,1,0,1,1867,0,0,0,1,43,25,0,4,17,1,4
18038,1,108.42,0,16,0,0,1,2,1243,0,0,0,0,28,10,0,22,16,8,5
59572,0,0.1,20,21,0,4,0,0,1905,0,0,1,0,35,50,0,8,28,2,4
98499,1,87.58,10,13,0,3,0,0,1914,0,0,0,0,27,0,0,6,13,11,3
58204,0,6.04,10,20,0,1,0,1,325,0,0,0,0,33,15,0,22,9,8,5
20843,1,50.6,18,15,1,0,0,4,2325,0,0,0,0,9,10,0,4,11,12,3
33596,1,71.13,13,10,0,0,0,9,1027,0,0,0,0,20,20,1,20,21,2,4
58561,1,13.03,21,18,0,2,0,5,1591,0,0,0,0,21,20,0,4,8,3,5
92312,1,28.64,16,17,0,0,1,4,2062,0,0,0,0,29,10,0,12,19,9,4
36904,1,14.05,10,14,0,3,0,0,2370,0,1,0,0,41,25,0,4,2,1,3
46495,1,52.15,16,15,0,2,1,7,1387,0,0,1,0,31,50,0,12,10,1,4
81939,1,28.19,13,12,0,6,0,5,1446,0,0,0,0,10,35,0,2,1,2,5
47357,1,42.16,2,15,0,2,0,3,1428,0,0,0,0,25,0,0,3,28,2,4
89860,1,71.96,13,14,1,1,1,2,2224,0,0,0,0,38,30,0,3,10,8,6
48718,1,13.44,11,17,0,1,0,3,2483,0,0,0,2,32,10,0,4,16,11,6
11350,1,39.19,16,19,0,2,1,3,68,0,0,0,0,34,10,0,14,4,9,3
74843,1,45.37,3,17,0,1,1,2,202,0,0,0,0,9,10,0,18,15,11,5
58241,1,1008.0,10,16,0,0,0,2,232,0,0,0,0,23,15,0,8,14,4,0
55912,1,45.9,10,23,0,0,0,2,1320,0,0,0,0,38,10,0,12,31,3,0
44649,1,45.91,13,16,0,1,0,0,50,0,0,0,0,27,0,0,7,13,4,6
29249,1,5.0,11,18,0,0,0,3,830,0,0,0,0,38,10,0,15,5,7,5
55843,1,72.38,14,14,0,1,0,1,969,0,0,0,1,34,0,0,6,24,12,2
54222,1,32.41,10,26,1,2,0,3,2466,0,0,0,0,33,10,0,14,2,8,5
37990,1,67.37,2,10,1,2,0,2,36,0,0,0,0,8,10,0,19,11,6,2
98057,1,46.98,13,9,1,2,0,4,1873,0,1,0,1,37,35,0,10,2,8,5
78596,0,14.84,13,20,0,2,0,3,1509,0,1,0,0,22,30,0,11,25,7,4
90720,1,24.7,20,20,0,3,1,4,2109,1,0,1,0,18,55,0,18,30,4,2
55986,1,43.22,12,16,0,0,0,4,1324,0,0,0,0,30,0,0,6,11,9,3
40778,1,0.88,19,21,0,0,0,3,2071,0,0,0,0,28,0,0,23,25,2,1
47415,1,50.77,8,16,0,1,0,0,1619,0,0,0,0,19,0,0,19,27,1,0
97807,1,42.41,14,10,0,2,1,1,2387,0,0,0,0,5,10,0,0,9,3,6
28481,1,31.2,20,23,0,2,0,6,311,0,0,0,0,5,20,0,8,22,12,0
23726,1,34.47,13,21,0,0,0,3,405,0,0,0,0,10,0,0,9,15,5,3
65021,1,28.55,19,12,0,0,0,4,303,0,0,0,0,10,0,0,4,30,6,0
97945,1,31.55,19,14,0,3,0,4,159,0,0,0,0,7,0,0,4,7,5,2
44397,0,52.5,9,24,0,0,0,2,479,0,0,0,0,15,15,0,12,17,3,0
87127,1,30.38,18,18,1,1,0,1,1458,0,0,0,0,1,10,0,15,6,11,3
58629,0,65.28,23,20,0,1,0,2,460,0,0,0,0,15,15,0,2,2,2,6
16324,1,7.43,13,15,0,1,0,2,1603,0,0,0,0,25,0,0,17,12,7,5
24393,1,41.67,9,13,0,1,0,1,335,0,1,0,0,18,15,0,3,28,3,4
76863,0,84.97,15,23,1,4,0,9,206,0,0,0,1,11,60,0,17,29,12,0
22987,1,30.55,7,21,0,4,0,4,158,0,0,0,0,38,25,0,4,25,1,5
96426,1,17.99,14,24,0,1,0,1,1153,0,0,0,0,16,0,0,8,16,7,2
92280,1,26.36,7,24,0,2,1,3,1650,0,1,0,0,28,25,0,0,17,7,3
67228,1,95.81,12,8,0,0,1,6,569,0,0,1,0,38,60,0,15,12,11,2
29340,1,58.95,15,34,0,2,1,2,2236,0,0,0,0,10,10,0,9,8,1,2
52001,1,15.94,14,25,0,0,0,4,90,1,0,0,0,7,25,0,0,8,8,4
34655,0,52.95,11,17,0,1,0,2,388,0,0,0,1,24,15,0,21,16,5,4
48413,0,4.85,19,16,0,1,0,2,1138,0,0,0,0,22,15,0,10,18,11,1
29927,1,22.12,11,16,0,2,0,5,2086,0,0,0,0,10,20,0,2,3,3,0
37287,1,58.65,13,17,1,1,0,2,1783,0,0,1,1,10,30,0,0,5,4,5
16810,1,47.87,11,15,0,0,0,3,2147,0,0,0,1,21,0,0,11,3,5,5
14606,0,12.15,3,18,0,0,0,2,1254,0,0,0,0,11,15,0,4,4,10,5
36485,1,6.3,12,15,0,4,0,1,919,0,0,0,2,34,25,0,16,12,8,1
95554,1,876.36,18,14,0,2,0,1,218,0,0,0,1,28,15,1,19,20,8,2
57734,1,35.07,22,19,0,5,0,10,1443,0,0,0,0,15,35,1,21,26,1,6
35438,1,63.58,16,24,0,0,0,3,603,0,0,0,0,11,0,0,11,22,7,1
33796,1,66.43,14,26,0,1,0,1,194,0,0,0,0,30,0,0,22,7,4,0
83174,1,25.08,22,26,1,3,1,1,1255,1,0,0,0,5,45,0,5,25,5,6
35456,1,1136.6,8,20,0,8,1,0,2405,0,0,0,0,33,40,1,19,10,12,2
13596,1,14.8,11,17,0,4,0,4,2349,0,0,0,1,41,25,0,9,22,2,5
15337,1,60.12,1,14,0,1,0,2,137,0,0,0,0,29,0,0,20,3,11,0
67113,1,37.62,9,10,0,0,0,1,469,0,0,0,1,35,0,0,13,30,7,2
87592,1,117.21,9,20,0,0,1,2,174,0,0,0,0,11,10,0,12,18,1,5
75578,1,54.91,15,13,0,4,0,0,1473,0,0,0,0,9,15,0,21,13,12,5
42436,0,25.1,11,20,0,1,0,2,1072,0,0,0,0,44,25,1,15,23,11,6
60917,1,4.92,8,18,0,3,0,4,406,0,0,0,0,14,0,0,1,11,12,3
22862,1,64.74,23,17,0,1,1,1,368,1,0,0,0,32,35,0,12,27,9,5
44848,0,71.68,19,28,0,3,0,2,921,0,0,0,1,23,15,0,1,29,4,1
98731,1,8.82,8,22,0,2,0,0,138,0,0,0,0,30,0,0,12,20,12,5
82968,0,54.27,12,13,0,3,0,2,1324,0,0,0,0,21,15,0,6,30,5,4
76132,1,45.42,16,28,0,0,0,1,726,0,0,0,0,7,0,0,8,13,11,3
24513,1,35.06,1,17,0,2,0,1,1872,0,0,0,0,14,0,0,3,5,4,5
77741,1,4.01,11,23,0,3,1,2,1374,0,0,0,0,44,20,0,0,14,2,4
19047,1,276.6,13,17,0,0,0,8,907,0,0,0,0,39,30,0,16,16,1,3
61465,1,47.05,22,16,0,0,0,4,1788,0,0,0,1,39,10,0,23,22,3,5
78225,1,99.09,23,25,0,1,0,1,928,0,0,0,1,8,0,0,9,5,8,1
72998,1,2.43,11,18,0,2,0,3,2334,0,0,0,0,33,0,0,23,17,10,4
56922,1,57.83,4,14,0,0,0,3,609,0,0,0,0,26,0,0,1,3,5,5
83841,1,41.42,12,25,0,1,0,4,961,0,1,0,0,19,15,1,0,3,2,0
83433,0,62.97,10,18,0,3,0,9,69,0,0,0,0,38,45,0,2,11,11,1
97951,1,31.63,22,18,0,0,1,2,2305,0,0,0,1,29,10,0,3,10,4,3
56135,1,21.94,10,11,1,2,1,3,1118,0,0,0,0,20,20,0,1,28,11,4
53932,1,81.28,11,16,0,0,0,0,448,0,0,0,2,11,10,0,13,26,12,4
52730,1,82.23,12,19,0,2,0,5,1438,0,1,0,0,19,35,0,19,25,9,3
79164,1,72.83,14,21,0,3,0,2,1393,0,0,0,0,1,0,0,0,27,2,3
79926,1,112.18,17,13,0,0,0,4,1549,0,0,0,0,28,0,0,20,19,2,2
78061,0,40.41,19,13,0,1,0,1,416,0,0,0,0,24,15,0,3,27,7,6
86111,0,34.04,4,23,0,3,0,2,292,0,1,0,0,9,30,0,2,22,2,5
44284,1,12.43,14,21,0,3,0,1,898,0,0,0,0,23,0,0,6,3,5,5
71147,1,60.96,12,13,0,0,1,1,1517,0,0,0,0,1,10,0,19,24,4,3
74425,1,29.37,15,26,0,2,0,2,2452,0,1,0,2,15,25,0,7,24,2,0
65373,1,1233.07,16,14,0,6,0,0,399,0,0,0,0,31,30,0,5,8,1,2
72935,0,45.01,7,15,0,1,1,3,1352,0,0,0,0,21,25,0,1,7,11,4
53987,0,50.4,12,24,0,2,0,3,1198,0,0,0,2,31,25,0,18,16,4,2
52067,1,1.9,7,18,0,0,0,1,2072,0,0,0,0,32,0,0,6,11,1,5
25308,1,168.89,21,17,0,3,0,4,1817,0,1,0,0,34,15,0,8,25,11,1
20948,0,24.65,14,17,0,3,1,3,1087,0,0,0,1,38,35,0,16,18,6,2
44265,1,30.35,4,16,0,1,0,0,979,0,0,0,0,7,0,0,5,26,12,4
27882,1,21.52,9,22,0,0,0,2,1477,0,0,0,0,42,10,0,13,19,5,0
23842,1,16.71,18,12,0,1,0,2,1993,0,0,0,1,33,0,0,18,10,3,0
22055,0,79.71,13,15,0,1,0,2,286,0,0,0,0,37,25,0,18,2,9,1
46422,0,327.51,3,18,0,1,0,1,1493,0,0,0,0,9,15,0,1,29,8,4
50689,0,15.33,14,13,0,1,0,6,2469,0,0,0,0,24,35,1,16,24,9,2
72881,0,9.99,20,20,0,3,0,3,1875,0,0,0,1,21,15,0,17,12,5,0
77684,1,17.93,10,14,0,1,0,1,2253,0,0,0,0,39,10,0,11,4,6,2
81303,1,64.51,14,10,0,1,0,1,2028,0,0,0,0,4,0,0,9,11,10,5
98004,1,32.81,11,18,0,1,0,0,2325,0,0,0,0,11,0,0,3,20,5,1
66561,1,8.11,12,14,1,2,0,3,306,0,0,0,0,1,10,0,12,15,6,6
55909,1,102.8,9,20,0,1,0,3,1496,0,0,0,0,36,10,0,8,3,12,2
68475,1,47.62,11,17,0,1,0,0,489,0,0,0,0,21,0,0,14,23,7,2
87073,1,10.1,8,19,0,4,0,8,1298,0,0,0,0,31,35,0,21,6,10,0
77430,1,42.77,21,16,0,0,0,1,727,0,0,0,0,7,0,0,5,22,8,4
24426,0,5.98,8,24,0,0,0,0,1793,1,0,0,1,11,40,0,23,29,3,5
34841,0,71.52,20,18,0,1,1,2,115,0,0,0,0,18,25,0,23,28,12,6
31857,1,87.04,9,17,0,1,0,8,1354,0,0,0,1,9,20,0,15,6,11,3
27898,1,4.2,13,19,0,3,0,1,340,0,0,1,0,39,30,0,12,21,9,6
89711,1,38.71,15,23,0,2,0,5,1908,0,0,0,0,18,20,1,0,9,4,2
52467,1,5.92,8,16,0,2,1,3,1691,0,0,0,0,11,10,0,7,14,8,3
82982,1,24.03,3,15,0,0,0,1,435,0,0,0,1,13,0,0,15,15,6,6
95656,1,44.83,6,20,0,2,0,3,518,0,0,0,1,20,0,0,11,29,7,1
15453,1,33.51,23,21,1,0,0,2,892,0,0,0,1,18,10,0,7,9,9,1
33908,1,22.01,16,21,0,2,0,3,1474,0,0,0,1,27,0,0,14,4,8,0
78493,1,77.67,8,18,0,0,1,1,1919,0,0,0,1,25,10,0,4,3,7,3
63409,1,39.42,11,19,1,0,0,3,1420,0,0,1,0,17,30,0,12,3,5,5
21270,1,1119.8,13,17,0,2,0,0,1397,0,0,0,0,44,25,0,9,11,10,5
52798,1,5.87,19,15,0,0,0,1,376,0,0,0,0,40,10,0,5,25,4,4
50206,0,58.22,0,16,0,2,0,1,2169,0,0,0,0,19,15,0,11,15,5,3
41600,1,32.82,6,24,0,1,0,2,1568,0,0,0,1,36,10,0,12,15,8,4
82482,1,25.07,21,15,0,0,0,3,2083,0,0,0,0,11,0,0,23,5,3,2
63635,1,3.24,15,28,0,0,0,2,148,0,0,0,0,17,0,0,16,15,11,5
94171,1,52.79,17,19,0,4,1,7,2113,0,0,0,0,11,45,1,0,23,7,2
43919,1,64.32,21,20,0,1,0,2,1536,0,1,0,0,9,15,0,9,29,7,1
34495,1,28.01,12,12,0,0,0,3,1191,0,0,0,0,22,0,0,15,12,3,2
89601,0,77.21,13,13,0,2,0,0,1061,0,0,0,0,21,15,0,3,7,6,5
76964,1,73.66,20,20,0,0,0,0,2493,0,0,0,0,24,0,0,23,24,1,4
64526,1,33.5,0,20,0,5,1,4,1309,0,0,0,1,36,35,0,17,31,10,4
73936,1,4.45,10,19,0,1,0,5,1079,0,1,0,2,7,45,1,20,3,7,3
44384,1,42.24,11,22,0,0,0,2,1733,0,0,0,0,8,0,0,7,26,2,2
41627,1,19.5,10,16,0,1,1,3,1718,0,0,0,0,19,10,0,11,11,11,1
67778,1,310.67,7,25,0,2,0,3,1479,0,0,0,0,40,10,0,14,1,11,5
58560,1,24.35,15,16,0,4,0,3,1489,0,1,0,0,33,30,0,9,30,8,5
69925,1,60.54,21,20,0,3,0,0,1450,0,0,0,0,2,0,0,16,9,6,0
90936,1,63.46,13,11,0,0,0,0,884,0,0,0,0,39,10,0,21,23,5,4
96510,1,96.68,2,12,0,1,0,6,875,0,0,0,0,31,20,0,8,23,7,2
33410,1,37.95,16,15,1,2,0,1,506,0,0,0,0,32,10,0,7,22,3,5
54430,1,29.67,13,21,0,2,1,3,1975,0,0,0,2,30,20,0,16,24,3,0
90324,0,33.62,12,18,0,2,0,3,1338,0,1,0,0,29,30,0,20,21,6,5
73346,1,2.69,20,20,1,3,0,1,314,0,0,0,1,42,20,0,14,27,12,5
58001,1,69.15,18,17,0,2,0,1,1343,0,0,0,0,5,0,0,9,11,2,1
50194,0,44.33,13,21,0,1,0,2,1174,0,0,0,1,6,15,0,14,8,8,4
81758,1,36.26,13,22,1,2,0,7,1029,0,0,0,0,43,40,0,16,6,7,6
10827,1,892.17,7,14,0,0,1,3,2290,0,0,0,0,20,25,0,19,2,7,2
53780,1,6.56,9,27,0,1,0,1,2255,0,0,0,1,32,0,0,9,23,12,1
79201,1,97.35,13,23,1,0,0,4,101,0,1,0,0,3,25,0,14,17,3,0
81801,1,11.49,9,17,0,2,0,2,1019,0,1,0,0,31,15,0,8,4,6,2
82369,1,1095.84,11,18,0,0,0,1,642,0,0,0,0,9,15,0,13,14,10,1
72035,1,41.9,17,21,0,3,0,3,2188,0,0,0,1,18,0,0,5,7,6,5
46744,1,685.72,12,18,0,1,0,2,2343,0,0,0,1,8,15,0,9,1,9,0
23388,0,23.2,4,18,0,2,0,3,1349,0,0,0,0,12,15,0,11,25,7,4
46126,1,70.02,1,22,0,1,0,1,1583,0,0,0,0,39,10,0,17,4,6,2
94192,1,18.11,13,23,0,1,0,3,648,0,0,0,0,26,0,0,13,17,3,0
85479,1,52.66,9,17,0,1,0,9,786,0,0,0,0,32,20,0,16,28,8,3
25384,1,56.4,6,21,0,2,0,2,2460,0,0,0,1,30,0,0,11,16,6,0
75726,0,7.22,11,21,0,2,0,4,1530,0,0,0,0,7,15,0,7,9,4,2
87712,1,21.93,17,20,0,2,1,2,1527,0,0,0,1,26,10,0,18,8,10,2
55843,1,20.22,21,22,0,6,0,4,142,0,0,0,0,2,15,0,11,27,6,4
49295,1,27.85,20,21,0,3,0,5,794,0,0,1,0,30,40,0,18,17,9,2
91950,1,13.48,13,15,0,0,0,1,1749,0,0,0,0,22,0,0,16,18,4,4
87487,1,70.14,13,12,1,0,1,1,1208,0,1,0,0,6,35,0,6,22,12,0
37766,1,4.31,11,12,0,2,0,4,921,0,0,0,0,10,0,0,0,21,2,4
23421,1,1.42,12,20,0,4,0,2,1953,0,0,0,0,3,15,0,7,27,10,0
96877,1,24.64,12,19,1,0,0,1,951,0,0,0,0,34,10,0,12,26,7,5
77483,0,58.32,11,10,1,6,0,8,108,0,0,0,0,37,70,0,23,3,10,4
35753,1,23.22,15,16,1,5,0,5,2099,0,0,0,2,15,55,0,19,5,4,5
30317,1,41.47,9,18,0,3,0,2,142,0,0,0,0,20,0,0,2,7,7,0
85320,1,39.06,15,21,0,0,1,3,1331,0,0,0,0,8,10,0,6,11,9,3
99341,1,0.25,8,18,0,0,0,2,534,0,0,0,0,28,0,0,7,29,8,4
23523,1,40.36,14,15,0,1,0,2,682,0,0,1,0,38,30,1,21,14,9,6
79468,1,71.18,6,16,0,0,0,1,55,0,0,0,0,3,0,0,19,24,2,0
87241,1,19.49,22,16,1,0,0,1,1969,0,0,0,0,21,10,0,6,1,11,5
72507,1,31.01,8,13,0,3,0,4,381,0,0,0,0,35,0,0,12,3,10,4
28445,1,48.53,9,23,1,0,0,3,1081,0,0,0,0,23,10,0,1,14,7,0
17914,1,19.22,10,21,0,1,0,4,715,0,0,0,0,43,10,0,17,13,2,3
80569,1,32.05,9,18,0,2,0,2,1097,0,0,0,0,36,10,1,13,4,12,3
63890,1,6.43,21,21,0,1,0,1,1668,0,0,0,2,21,10,0,20,19,12,4
96635,0,30.37,14,20,0,6,0,4,640,0,0,0,2,37,50,0,6,25,10,5
85577,1,49.76,18,11,1,1,0,0,807,0,0,0,0,39,20,0,10,23,11,6
19064,1,0.17,23,22,0,1,0,1,1821,0,0,0,0,36,10,0,4,23,7,2
54943,0,58.77,12,21,1,1,1,2,583,0,0,0,0,23,35,0,7,1,9,0
98959,1,50.11,13,16,0,4,0,0,395,0,0,0,0,37,25,0,4,27,2,3
96176,1,47.51,4,21,0,2,1,1,625,0,0,0,0,44,20,0,22,24,4,3
88790,1,95.82,7,22,0,6,0,0,703,0,1,1,0,7,50,0,13,14,10,1
38768,1,72.38,9,15,0,2,0,1,813,0,0,0,0,30,0,0,21,12,7,5
73535,1,32.46,19,17,0,0,0,1,2391,0,0,0,0,10,0,0,11,24,11,0
13441,1,40.62,19,14,0,1,0,2,1227,0,0,0,2,27,10,0,18,27,2,3
45209,1,72.95,9,19,0,0,1,2,1856,0,0,0,0,28,10,0,6,29,6,6
36420,1,3.59,9,19,0,3,0,1,362,0,0,0,0,12,0,0,16,10,3,0
70084,1,12.63,13,17,0,0,0,1,1108,0,0,0,0,25,0,0,2,11,6,2
49847,0,37.53,13,12,0,2,0,3,1193,0,0,1,0,22,35,0,12,1,3,5
50413,1,19.21,5,16,0,1,1,1,1920,0,0,0,0,24,10,0,13,31,12,2
94840,1,38.34,14,20,0,1,0,2,2070,0,0,0,0,28,0,0,2,12,4,5
93288,1,28.75,22,22,0,1,0,2,2119,0,0,0,1,35,0,0,16,9,1,3
23224,1,2.94,11,18,0,2,0,1,1480,0,0,0,1,17,0,0,19,23,5,4
20826,1,32.36,23,11,1,1,1,2,843,0,0,0,0,24,20,0,20,31,1,4
49181,1,58.31,13,21,0,2,0,0,1857,0,0,0,0,1,0,0,4,6,7,6
63268,1,64.97,17,19,1,0,0,3,802,0,0,0,0,44,20,0,6,14,8,3
73896,0,46.28,0,16,0,3,0,0,1008,0,0,0,0,36,25,0,12,10,12,2
46478,1,60.11,12,21,0,0,0,0,2035,0,0,0,0,39,10,0,19,27,6,4
54926,0,15.11,19,16,0,2,0,7,711,0,0,0,1,44,45,0,12,24,11,0
64786,1,27.37,15,20,0,2,0,2,1438,0,0,0,0,29,0,0,15,18,6,2
29150,1,67.08,11,13,0,0,0,3,868,0,0,0,0,10,0,0,20,18,2,1
90978,1,0.76,14,23,0,2,0,4,622,0,0,0,0,14,0,0,3,7,1,1
18876,1,27.47,17,13,0,0,0,1,1726,0,0,0,0,32,0,0,1,23,12,1
10648,1,50.36,11,20,0,3,0,9,849,0,0,0,0,19,20,0,22,12,6,3
40117,1,625.23,17,16,0,0,0,1,686,0,0,0,0,32,15,0,23,2,6,0
79894,0,1223.68,9,11,0,1,0,1,1957,0,0,0,0,22,30,0,22,26,4,5
90343,1,0.62,16,15,0,1,0,8,593,1,0,0,0,3,45,0,9,22,8,4
41558,0,20.21,12,17,0,0,0,2,1752,0,0,0,0,6,15,0,12,1,5,3
19388,1,52.9,10,30,0,1,0,1,2485,0,0,0,0,44,10,0,14,28,7,0
38116,0,8.0,13,25,0,0,0,1,189,0,0,0,1,25,15,0,14,25,10,5
22011,1,7.02,21,19,0,2,0,1,2461,0,0,0,0,8,0,0,6,29,1,2
24217,1,38.71,8,19,0,1,0,3,63,0,0,0,0,44,10,0,17,24,9,2
52633,0,50.69,12,16,0,1,0,1,416,1,0,0,0,20,40,0,13,7,6,5
91699,1,345.19,7,12,0,2,1,2,84,0,0,0,0,38,20,0,18,28,9,6
99086,1,82.22,16,14,0,1,0,0,2124,0,0,0,0,24,0,0,22,17,3,0
35449,1,69.58,9,24,1,1,0,2,668,0,0,0,1,23,10,0,23,17,4,3
30780,1,4.6,14,14,0,0,0,0,2371,0,0,0,1,18,0,0,12,23,1,3
85620,1,39.36,13,17,0,1,0,0,1772,0,1,0,0,20,15,0,13,15,11,5
80021,1,47.91,6,17,0,4,0,2,2244,0,0,0,1,2,15,1,4,11,3,1
94283,1,31.11,23,20,0,0,0,7,530,1,0,0,1,5,45,0,14,16,11,6
80552,0,19.39,8,22,0,5,0,3,2198,0,0,0,1,4,30,0,6,3,12,2
97589,1,58.31,19,20,0,3,0,1,248,0,0,0,0,20,0,0,17,26,10,6
77224,1,72.88,8,9,0,3,0,0,238,0,0,0,0,31,0,0,7,8,12,0
46329,1,44.36,4,22,0,0,0,1,2400,0,1,0,0,23,15,0,17,29,11,5
39285,1,670.6,12,24,1,1,0,5,958,0,0,0,0,27,45,0,5,25,4,4
66032,1,49.99,16,12,0,2,0,1,440,0,0,0,0,44,10,0,11,19,10,6
79334,1,2.46,7,16,0,2,0,0,1002,0,0,0,0,22,0,0,8,5,8,1
89173,1,672.2,13,21,0,2,0,1,2154,0,0,0,0,41,25,0,6,23,7,2
49132,1,67.98,19,22,0,4,0,0,1467,0,0,0,0,43,25,0,3,20,7,6
16227,1,90.39,18,21,0,2,0,1,1779,0,1,0,1,19,15,0,7,5,2,2
13832,0,28.79,15,13,0,4,1,1,607,0,0,0,0,14,40,1,8,19,1,6
79399,1,20.47,7,15,0,1,0,1,2261,0,0,0,0,39,10,1,6,13,4,6
81026,1,615.3,12,12,0,1,0,1,2427,0,0,0,0,25,15,0,22,13,7,6
52558,0,82.04,5,19,0,2,1,4,1264,0,0,0,0,23,25,0,11,6,2,3
96842,1,57.5,7,23,0,1,0,3,632,0,0,0,0,44,10,0,23,17,4,3
74277,1,53.18,11,22,0,1,0,7,38,0,1,0,0,10,35,0,8,11,3,1
89688,1,16.78,12,22,0,0,0,6,214,0,1,0,0,6,35,0,8,18,6,2
54423,1,26.27,11,27,0,3,1,2,2041,0,0,0,0,26,10,0,8,17,4,3
40755,1,85.55,7,15,1,0,1,2,1864,0,0,0,0,41,30,0,11,14,1,1
42651,0,13.97,9,20,0,1,1,1,944,0,0,0,0,5,25,0,11,10,10,4
75435,0,34.35,9,19,0,1,0,2,1552,0,0,0,1,29,15,0,17,25,4,4
67686,0,79.08,2,16,0,1,0,2,1399,0,0,0,0,39,25,0,4,4,10,5
57671,1,8.39,9,25,0,0,0,1,548,0,1,0,0,23,15,0,21,27,6,4
91532,1,46.09,17,15,0,7,1,2,1170,0,0,0,0,11,25,1,14,10,2,0
66329,1,15.06,3,17,0,1,0,1,576,0,0,0,0,16,0,0,3,8,11,5
46469,1,3.86,2,19,0,1,0,1,689,0,0,0,2,18,10,0,9,9,10,3
79642,1,46.27,13,24,0,0,0,1,1736,0,0,0,0,17,0,0,19,23,8,5
73221,1,26.37,14,19,0,1,0,2,2088,0,0,0,0,4,0,0,11,22,8,4
57511,1,61.38,13,20,0,0,0,4,1201,0,0,0,0,19,0,0,22,26,3,2
19505,1,15.66,5,15,0,0,0,10,1107,0,0,0,0,2,20,0,20,7,11,4
68242,1,15.83,7,18,0,3,1,1,2415,0,0,0,1,29,10,0,10,25,12,3
68737,0,48.3,13,23,0,2,0,1,465,0,0,0,1,27,15,0,3,15,6,6
84502,0,47.13,17,15,0,0,0,2,1560,0,0,0,0,10,15,1,6,15,8,4
64677,1,78.04,12,22,1,2,0,2,511,0,0,0,0,10,10,0,10,17,11,0
17343,1,6.38,17,18,0,1,0,2,1806,1,0,0,0,15,25,0,18,5,7,5
68597,1,78.85,9,16,0,5,1,1,1451,0,0,0,0,44,35,0,6,20,12,5
68064,1,28.87,18,12,1,1,0,2,696,0,0,0,0,43,20,0,1,14,2,4
68161,1,27.99,3,17,0,1,0,1,144,0,0,0,2,36,20,0,13,29,5,3
56085,1,14.51,13,28,0,1,0,3,243,0,0,0,0,38,10,0,17,19,11,2
73560,1,17.12,11,17,0,0,0,1,802,0,0,0,0,1,0,0,5,29,4,1
70058,1,69.31,19,16,0,0,0,4,819,0,0,0,1,25,0,0,11,21,8,3
26691,1,23.71,15,26,0,2,1,4,504,0,0,0,0,5,10,0,7,6,9,5
94409,1,115.67,15,22,0,0,0,4,496,0,0,0,0,14,0,0,10,24,12,2
46295,0,65.63,16,18,0,3,0,2,1537,0,0,0,0,30,15,0,21,17,10,4
14371,1,11.21,5,10,0,4,0,0,1524,0,0,0,0,32,15,0,19,18,5,6
63578,1,47.91,10,29,0,1,0,3,776,0,0,0,1,37,10,0,13,22,7,1
45860,1,46.5,4,17,0,5,1,2,445,0,0,0,0,4,25,0,11,3,8,6
78210,1,37.03,14,30,0,6,0,1,160,0,0,0,0,30,15,0,3,7,8,3
77801,1,31.63,1,25,0,1,0,5,1442,0,0,0,1,16,20,1,23,29,11,5
76203,1,33.64,8,16,0,1,0,0,1254,0,0,0,0,35,0,0,15,22,4,1
77499,1,579.4,13,13,0,0,0,4,2217,0,0,0,0,27,15,0,21,17,3,0
33933,1,79.04,15,12,0,0,0,3,1790,0,0,0,1,36,10,0,0,17,5,5
26756,1,72.95,23,15,0,0,0,0,1078,0,0,0,1,23,0,0,4,9,11,6
35366,1,16.5,11,18,1,2,0,2,699,0,0,0,0,34,10,0,8,27,1,0
17601,1,54.03,10,16,0,2,0,1,2272,0,0,0,0,3,0,0,17,16,12,1
63572,1,51.84,10,22,1,0,1,1,1126,0,0,0,1,16,20,0,7,13,9,5
38803,1,59.55,15,13,0,5,0,1,1771,0,0,0,0,42,25,0,16,27,1,0
75372,1,18.81,10,17,0,2,0,1,2071,0,0,0,2,7,10,0,20,30,6,0
78011,0,38.94,6,21,0,0,0,3,1360,0,0,0,0,29,15,0,10,26,11,2
36996,1,3.09,12,15,0,1,0,2,1946,0,0,1,1,41,30,0,0,31,7,3
23138,1,14.62,11,17,0,2,0,3,226,0,0,0,1,21,0,0,18,25,3,1
72759,1,7.95,8,19,0,1,0,4,80,0,0,0,1,31,0,0,1,25,7,4
90194,1,27.99,14,20,0,0,0,3,1124,0,0,0,0,7,0,0,17,8,3,5
23609,0,19.68,12,13,0,2,0,2,625,0,0,0,0,35,15,0,0,15,10,2
98521,1,7.75,19,12,0,3,0,2,930,0,0,1,0,18,20,0,2,10,5,5
51004,1,43.64,2,15,1,0,0,2,1608,0,0,0,0,33,10,0,16,12,1,6
38825,1,4.12,21,23,0,1,1,4,2103,0,0,1,4,14,40,0,9,17,4,3
78688,1,35.0,11,14,0,4,0,1,1116,0,0,0,0,31,15,0,3,11,10,5
70897,1,26.05,12,17,0,1,0,2,840,0,0,0,0,8,0,0,15,17,5,5
88942,1,17.68,8,18,0,1,0,1,884,0,0,0,2,8,10,0,3,6,12,5
64662,1,76.3,9,25,0,2,0,2,1646,0,0,1,0,34,20,0,0,10,2,0
16566,1,60.02,4,20,0,1,0,1,1348,0,0,0,1,28,0,0,13,8,11,5
58234,1,63.11,13,24,0,2,0,0,513,0,0,0,1,41,10,0,6,28,11,4
49313,0,274.76,19,25,1,0,0,0,337,0,0,0,0,37,35,0,10,7,1,1
31013,1,1.97,12,17,0,3,0,0,2082,0,0,0,0,32,0,0,17,25,3,1
81555,0,0.42,23,20,0,2,0,1,2030,0,0,0,0,39,25,0,22,2,12,1
91540,1,33.26,22,21,1,3,0,1,1627,0,0,0,0,40,20,0,3,8,1,2
34236,1,15.02,21,18,0,4,0,2,219,0,0,0,1,35,15,0,13,30,3,6
75412,1,24.56,0,22,1,3,0,1,1867,0,1,0,0,2,25,0,21,28,9,6
22000,0,37.2,8,10,0,1,1,1,1187,0,0,0,0,2,25,0,18,12,12,4
62014,1,16.31,11,21,0,0,0,3,589,0,0,0,0,40,10,0,21,5,5,0
40278,0,79.12,7,24,0,0,1,3,2149,0,0,0,3,3,35,1,6,8,10,2
38039,0,1.89,18,13,0,1,0,1,1536,0,0,0,0,16,15,0,2,31,12,2
19243,1,27.9,13,23,0,1,0,5,30,0,0,0,0,12,20,0,19,8,8,4
66439,1,8.01,2,16,0,1,0,1,327,0,0,0,0,26,0,0,9,19,3,2
21774,1,22.67,13,8,0,0,0,2,176,0,0,0,1,34,0,0,22,23,2,6
59692,1,31.55,6,26,0,6,0,0,950,0,0,0,0,18,15,0,9,4,3,1
32807,1,20.78,6,22,0,2,0,0,779,0,0,0,0,3,0,0,22,16,6,0
45423,1,54.12,10,12,1,2,0,1,759,0,0,0,0,7,10,0,17,25,2,1
48026,1,57.13,17,15,0,0,0,4,2163,0,0,1,0,19,20,0,6,10,7,3
63803,0,22.42,4,31,1,1,1,2,747,0,0,0,1,23,35,0,23,30,4,2
79509,1,17.61,23,14,0,1,0,1,259,0,0,0,0,6,0,0,6,23,12,1
41559,1,7.62,15,16,0,2,0,0,932,0,0,0,1,5,0,0,20,2,1,3
78616,0,70.51,7,21,0,1,0,1,2480,0,0,0,1,20,15,0,11,23,11,6
46763,1,32.83,1,13,0,3,0,1,623,0,0,0,0,44,10,0,0,19,11,2
42471,0,72.79,10,22,1,0,0,9,2297,0,1,0,0,21,60,0,10,30,3,6
67704,1,17.42,3,18,0,0,0,0,365,0,0,0,1,37,10,1,8,29,4,1
71527,1,40.78,10,18,0,0,0,12,54,0,0,0,0,1,20,0,19,5,1,6
62576,0,9.68,7,19,0,3,1,2,2142,0,0,0,0,43,35,1,10,12,10,6
45075,1,44.85,13,10,0,1,1,1,591,0,1,0,0,13,25,0,1,21,4,0
49805,1,58.97,22,16,0,0,0,1,209,0,0,0,1,2,0,0,18,22,5,3
51080,0,32.42,9,19,0,0,1,2,1404,0,0,0,1,12,25,0,9,14,12,6
67700,1,3.93,13,13,0,2,0,0,2338,0,0,0,0,26,0,0,17,8,5,3
19930,1,19.34,7,23,0,2,0,0,1095,0,0,0,0,42,10,0,6,3,1,4
52134,0,18.61,8,19,0,1,0,3,442,0,1,0,1,22,30,1,23,14,8,3
93738,1,80.1,1,19,0,0,0,1,248,0,0,1,0,11,20,0,9,27,9,5
43541,0,30.23,17,18,0,2,0,1,2168,0,0,0,0,37,25,0,2,4,9,3
26782,1,65.19,13,16,0,2,0,0,1902,0,0,0,0,19,0,0,2,25,7,4
70124,0,5.43,5,15,0,2,0,9,1657,0,0,0,0,2,35,0,10,2,10,3
51424,1,32.36,12,21,0,8,0,0,1945,0,0,0,1,11,15,0,15,13,5,1
58292,0,80.22,12,14,0,1,0,1,2387,0,0,0,0,13,15,0,1,25,10,5
69338,0,95.21,20,17,0,2,0,1,123,0,0,0,0,42,25,0,1,13,9,5
76141,1,16.39,5,12,0,2,0,1,999,0,0,0,0,14,0,0,6,5,8,1
50564,1,2.98,16,15,0,1,1,4,1212,0,0,0,0,23,10,0,15,12,2,2
32154,1,25.75,7,14,0,4,0,1,1038,0,0,0,1,24,15,0,7,17,3,0
45287,1,10.4,12,21,0,1,1,2,1246,0,0,0,1,37,20,0,6,31,3,0
98057,0,45.24,6,21,0,0,0,5,1893,0,0,0,0,18,35,0,16,13,11,3
66032,1,651.46,16,25,0,2,0,3,1786,0,0,0,1,20,15,0,11,22,8,4
71619,0,50.26,18,14,0,0,0,5,442,0,0,0,0,29,35,0,10,17,8,6
31092,1,28.88,13,20,0,5,0,2,208,0,1,0,0,24,30,0,12,22,3,5
28482,1,37.95,4,17,1,1,0,1,2221,0,0,1,0,1,30,0,11,1,2,5
76799,0,42.77,6,24,0,2,0,1,515,0,0,0,1,41,25,1,8,2,9,1
31463,1,53.32,8,24,0,0,0,1,609,0,0,0,1,8,0,0,14,2,5,4
22182,1,25.94,10,19,0,3,0,1,1756,0,0,0,0,12,0,0,16,8,12,0
30310,1,73.43,16,14,1,5,1,1,2002,0,0,0,0,20,35,0,22,25,4,4
22629,0,25.3,16,21,0,1,0,2,713,0,0,0,0,36,25,0,12,17,6,1
72352,0,29.98,10,12,0,1,0,3,407,0,0,0,0,8,15,0,12,25,12,3
26397,1,6.83,12,19,0,2,0,2,518,0,0,0,0,20,0,0,16,21,10,1
12536,1,21.52,20,13,0,0,0,3,1804,0,0,0,0,31,0,0,18,15,8,4
14437,1,30.17,19,10,0,1,0,2,135,0,0,0,0,11,0,0,19,29,12,0
27551,1,21.96,23,19,0,2,0,1,620,0,0,0,0,42,10,0,12,1,6,6
64677,1,47.81,6,12,0,2,0,2,2020,0,0,0,0,33,0,0,13,26,11,2
55375,0,2.03,7,14,0,1,1,0,1707,0,0,0,0,29,25,0,9,13,9,5
47257,1,83.51,12,15,0,1,0,2,2126,0,0,0,0,36,10,0,19,22,7,1
99452,1,46.12,5,23,0,2,0,2,1870,0,0,0,0,7,0,0,8,16,3,6
88033,1,42.72,13,17,0,0,0,7,1332,0,0,0,0,38,30,0,3,19,8,1
73070,1,9.17,6,16,0,0,0,5,1333,0,0,0,0,39,30,1,15,1,5,3
57517,1,2.01,9,22,0,1,1,2,1449,0,0,0,0,34,10,0,13,10,1,4
25232,1,26.91,13,13,0,7,0,0,1251,0,0,0,0,19,15,0,15,26,12,4
41582,1,21.04,21,14,0,0,0,2,1093,0,0,0,0,25,0,0,16,21,6,5
78979,1,526.98,15,23,1,1,0,1,1167,0,0,0,0,18,25,0,5,26,2,2
31481,1,103.28,14,21,0,1,0,4,1581,0,0,0,0,34,0,0,8,5,8,1
80745,1,16.54,9,16,0,5,0,2,499,0,0,0,1,7,15,0,1,10,2,0
93633,1,22.99,18,13,0,7,1,1,965,0,0,0,1,31,25,0,23,1,4,1
81868,1,31.17,13,17,0,2,0,3,208,0,0,0,0,36,10,0,18,13,6,4
38750,0,23.72,14,21,0,0,0,4,1087,0,0,0,2,17,25,0,8,28,9,6
40181,1,86.23,7,13,0,5,0,5,1192,0,0,0,0,31,35,0,9,8,10,2
93355,1,42.6,11,17,0,4,0,3,1623,0,0,0,0,14,15,0,0,26,3,2
17615,1,432.83,20,16,0,0,0,1,440,0,0,0,0,42,10,0,11,30,9,1
74385,1,9.01,20,14,0,3,0,5,1471,0,0,0,0,44,30,0,11,14,3,4
32370,1,1.27,11,11,0,3,1,1,1949,0,0,0,2,19,20,0,1,20,3,3
24608,1,26.59,13,13,0,2,0,1,1628,0,0,0,1,20,0,0,23,18,9,3
97309,1,7.09,17,24,1,0,0,2,220,0,0,0,0,19,10,0,22,30,1,3
35809,1,53.02,10,16,0,0,0,1,1216,0,0,0,0,44,10,0,22,3,4,3
10470,1,36.26,10,28,0,2,0,2,293,0,0,0,1,3,0,0,15,22,9,0
25330,1,47.43,10,17,0,1,1,4,2375,0,0,0,0,24,10,0,5,7,9,6
71182,1,65.98,10,31,0,0,0,2,1973,0,0,0,0,22,0,0,1,24,4,3
96416,1,5.57,9,25,0,1,0,2,619,0,0,1,0,10,20,0,2,3,8,6
25145,1,43.17,15,18,0,0,0,6,128,0,0,0,0,22,20,0,9,1,7,1
64662,1,46.9,10,23,0,2,0,1,1686,0,1,0,0,43,25,0,6,31,5,5
84723,0,47.33,10,20,0,2,0,1,1912,0,0,0,0,10,15,0,21,3,3,0
88174,1,37.14,6,16,0,3,0,2,2104,0,0,0,0,27,0,0,6,27,6,4
98421,1,529.39,5,29,0,1,0,4,2364,0,0,0,1,17,15,0,22,17,5,5
42335,1,98.24,15,20,1,2,0,1,2215,0,0,0,0,7,10,0,3,25,4,4
49722,0,12.82,12,20,1,0,0,3,2045,0,0,0,0,42,35,0,10,16,11,6
79094,1,10.06,6,15,0,2,0,4,1700,0,1,0,1,19,15,0,15,29,4,1
57205,0,37.63,15,7,0,1,0,4,304,0,1,0,0,39,40,0,14,31,12,2
55170,1,67.4,8,20,0,0,0,2,2409,0,0,0,0,35,0,0,10,14,8,3
95398,1,33.35,10,24,0,0,0,3,216,0,0,0,0,41,10,0,20,22,5,3
23343,1,1006.32,20,16,0,4,0,3,1721,0,0,0,1,27,30,0,18,16,4,2
16764,1,83.05,13,20,0,1,0,0,2238,0,0,0,0,13,0,0,22,12,2,2
58276,1,48.59,15,15,1,3,0,3,1037,0,0,0,0,42,20,0,19,21,1,1
89984,1,60.18,13,16,0,1,0,2,814,0,0,0,0,15,0,0,11,12,6,3
64268,1,37.29,13,19,0,1,0,3,423,0,0,0,0,28,0,0,22,15,4,1
69871,1,62.34,6,20,0,0,0,1,828,0,0,0,0,20,0,0,7,10,9,2
52650,1,76.06,8,26,0,3,0,2,271,0,0,0,0,25,0,0,10,22,7,1
99377,1,39.86,9,15,0,0,0,0,2346,0,0,0,0,17,0,0,14,13,10,0
50585,1,16.68,17,13,1,1,0,3,1428,0,0,0,0,23,10,0,2,19,7,5
46569,1,64.82,19,19,0,1,0,1,1663,0,0,0,0,14,0,0,10,27,2,3
27592,1,389.07,4,14,0,0,0,2,2236,0,0,1,0,43,30,0,17,7,12,6
68830,1,1173.65,5,22,0,3,0,2,1611,0,0,0,0,21,15,0,4,24,7,3
32481,1,67.7,10,17,0,0,0,1,400,0,0,0,0,35,0,0,4,15,4,1
45452,1,3.17,13,10,0,6,0,2,1657,0,1,0,0,19,30,0,17,28,10,1
18148,1,38.22,13,10,0,5,0,1,977,0,0,1,0,2,35,0,7,8,7,1
21699,1,58.22,7,16,0,2,0,2,1464,0,0,0,2,42,20,0,11,22,12,0
13856,1,24.12,11,17,0,1,0,0,2103,0,0,0,1,29,0,0,5,20,6,4
42054,0,6.45,18,22,0,1,1,10,406,0,0,0,0,27,45,0,18,6,5,1
35164,0,401.15,9,7,1,0,0,7,1399,0,0,0,0,20,45,1,9,28,6,5
44755,1,49.93,17,19,0,1,0,0,2012,0,0,0,0,3,0,0,8,18,2,1
79031,0,814.29,14,14,0,0,0,5,1199,0,0,0,0,4,50,0,13,1,6,6
33475,1,34.53,12,16,0,1,1,2,1899,0,0,0,1,14,10,0,4,25,3,1
51006,0,55.03,15,20,0,1,0,2,1035,0,0,0,0,22,15,0,20,28,3,4
21343,1,54.57,19,20,1,2,0,2,810,0,0,0,0,40,20,0,11,6,1,0
30008,0,59.32,9,25,1,5,0,1,304,0,0,0,1,11,40,0,14,26,12,4
62080,1,28.59,17,17,0,6,0,3,1039,0,0,0,2,31,25,0,19,14,9,6
27003,1,11.69,18,12,0,0,0,9,692,0,0,0,0,24,20,0,9,25,11,1
20711,1,44.27,13,22,0,1,1,2,979,0,0,0,0,9,10,0,6,23,6,0
93120,0,76.66,11,17,0,2,0,2,1434,0,0,0,0,39,25,0,10,5,11,2
42110,1,3.73,8,15,1,0,0,2,412,0,0,0,0,36,20,0,16,7,2,4
48493,1,12.73,16,25,0,2,0,1,1405,0,0,0,0,21,0,0,18,8,8,4
36221,0,57.72,3,25,0,8,0,3,253,0,0,0,0,20,30,0,20,13,11,3
49316,0,10.56,9,18,0,1,0,1,1850,0,0,1,1,4,35,1,20,26,2,2
97697,0,23.74,7,24,0,1,0,1,2114,0,0,0,0,23,15,0,11,3,4,3
70133,0,42.16,14,16,0,0,0,1,34,0,0,0,0,16,15,0,17,13,4,6
95217,1,45.96,20,20,0,2,0,3,1573,0,1,0,0,23,15,0,0,31,8,6
21881,0,24.56,9,21,1,0,1,1,2033,0,1,0,0,37,60,0,1,25,5,6
16559,1,18.01,20,24,0,1,0,4,1805,0,0,0,0,15,0,0,22,16,7,2
77531,0,51.16,9,23,1,2,0,10,791,0,0,0,0,33,45,0,19,21,9,6
87067,1,12.33,14,18,0,1,0,3,1861,0,0,0,1,9,0,0,21,19,4,5
28987,1,30.66,8,18,0,1,0,3,263,0,0,0,0,40,10,0,21,7,1,1
25963,0,25.96,5,19,0,1,1,1,1782,1,0,0,0,12,50,0,8,13,2,3
54179,1,50.81,17,19,0,1,0,4,1685,0,0,0,0,36,10,0,6,19,8,1
62136,1,32.87,15,22,0,0,0,1,1539,1,0,0,0,37,35,0,18,13,8,2
47331,1,73.36,11,19,0,5,0,3,70,0,0,0,0,44,25,0,1,5,2,2
88035,1,2.19,2,15,1,1,0,1,1365,0,0,0,0,22,10,0,17,25,11,1
84891,0,8.76,19,21,0,0,0,1,365,0,0,0,1,7,15,0,16,13,11,3
17257,0,9.14,0,12,0,4,0,1,964,0,0,0,1,16,30,0,8,5,2,2
16867,1,11.02,6,19,0,1,0,4,471,0,0,0,2,22,10,0,22,6,12,5
65026,1,16.65,11,23,0,0,0,2,894,0,0,0,0,34,0,0,8,15,7,1
14517,1,15.16,13,21,1,2,0,2,2416,0,0,0,0,18,10,0,5,24,6,1
73748,1,47.91,13,17,0,1,1,0,2259,0,0,0,0,3,10,0,20,2,5,4
43379,1,91.64,11,22,0,0,0,5,138,0,0,0,0,36,30,0,16,25,6,2
56889,1,61.57,2,21,0,0,1,2,2498,0,0,0,0,22,10,0,16,23,4,2
60044,1,50.03,4,12,0,1,0,3,1851,0,0,0,1,38,10,1,17,18,5,6
36958,1,47.65,0,15,0,0,0,0,2116,0,0,0,0,7,0,0,6,31,3,0
70273,1,20.73,2,14,0,2,0,4,1014,0,1,0,0,11,15,1,1,31,1,4
22493,1,491.77,18,19,0,2,0,0,1819,0,0,0,0,5,0,0,11,8,8,4
79793,1,29.1,14,14,1,2,0,1,1039,0,1,0,0,21,25,0,0,24,11,0
87511,1,35.52,12,16,0,0,1,2,1123,0,0,0,0,29,10,0,8,28,5,2
89234,1,56.66,12,22,0,3,0,0,1984,0,0,0,0,17,0,0,15,8,7,1
56995,1,82.62,9,21,0,0,0,3,1086,0,0,0,0,42,10,0,22,11,5,6
40950,1,35.03,14,15,0,2,0,2,602,0,0,0,0,6,0,0,18,13,11,3
67016,1,69.68,13,13,0,1,0,3,2249,0,0,0,1,24,0,0,12,2,6,0
30842,1,6.95,16,19,0,1,1,2,2007,0,0,0,0,6,10,0,2,14,1,1
36820,1,28.5,15,15,1,2,0,5,1798,0,0,0,0,8,30,0,17,7,7,0
55332,1,38.06,12,16,0,2,0,4,799,0,0,0,1,17,0,0,14,26,11,2
97695,0,32.22,12,10,0,1,0,2,2224,0,0,0,0,15,15,0,13,1,6,6
94075,0,10.55,16,21,0,6,0,2,873,0,0,0,0,37,40,0,9,5,8,1
33924,0,73.37,9,16,1,3,0,2,1431,0,0,0,0,33,25,0,0,14,11,4
73306,1,30.16,10,19,0,3,0,2,1016,0,1,0,0,27,15,0,13,26,8,1
56397,1,42.57,6,20,0,3,0,4,1378,0,1,0,0,44,25,0,9,6,9,5
45929,1,46.46,7,13,0,0,0,5,1840,0,0,0,0,33,20,0,0,14,8,3
98654,1,4.0,12,15,0,2,0,1,2257,1,0,0,0,42,35,0,9,13,1,0
69257,1,4.01,14,23,0,1,0,7,980,0,0,0,1,26,20,0,23,21,4,0
19484,1,1.2,10,15,0,3,0,0,234,0,0,0,0,29,0,0,0,6,7,6
54449,0,30.83,9,15,0,2,0,4,723,0,1,0,0,1,30,0,17,4,3,1
43837,1,28.74,11,18,0,3,0,1,1696,0,0,0,0,21,0,0,9,15,10,2
21666,1,21.35,23,22,1,1,0,1,2085,0,0,0,0,38,20,0,5,13,5,1
67898,1,63.24,1,22,0,1,0,1,69,0,0,0,0,39,10,0,17,29,11,5
65361,1,24.44,10,10,0,2,1,2,2377,0,0,0,0,10,10,0,16,16,9,1
50849,0,293.32,9,17,0,1,0,0,2219,0,0,0,0,44,25,0,22,7,3,4
34316,0,8.79,15,10,0,1,1,9,2060,0,0,0,1,43,55,0,16,10,8,6
74905,1,21.58,12,19,0,4,1,1,1102,0,0,0,0,24,25,0,1,6,5,1
10824,1,76.96,19,15,0,4,1,2,1981,0,0,0,0,16,25,0,18,14,8,3
27214,1,26.94,9,16,0,3,0,3,520,0,0,0,1,7,0,0,2,21,8,3
27414,0,57.4,16,22,0,0,0,0,107,0,0,0,0,11,15,0,1,25,9,3
38662,1,47.47,16,25,0,0,1,1,602,0,0,0,0,20,10,0,9,12,6,3
85688,1,50.33,11,18,1,2,0,3,910,0,0,0,0,36,20,0,11,6,12,5
80612,1,32.8,6,19,0,1,0,8,437,0,0,0,1,21,20,1,3,30,9,1
29546,1,48.35,9,23,0,4,0,2,1322,0,0,0,2,41,35,0,9,21,11,4
24850,1,23.45,10,16,0,3,1,2,300,0,0,0,1,9,10,0,13,1,11,5
27761,1,54.76,15,15,0,0,0,2,345,0,0,0,0,4,0,0,20,22,1,2
53357,1,65.25,12,15,0,2,0,0,169,0,0,0,0,14,0,0,5,11,10,5
42311,1,18.31,18,21,0,2,0,1,662,0,0,0,0,44,10,0,10,7,10,1
71750,1,79.51,9,14,0,2,0,0,1754,0,0,0,2,38,20,0,0,23,1,3
98541,1,98.54,14,9,0,0,0,0,2372,0,0,1,0,28,20,1,21,11,7,4
78695,1,55.92,12,17,1,0,1,1,542,0,0,0,0,43,30,0,9,17,8,6
40492,1,6.47,14,19,1,3,0,1,2159,0,0,0,0,24,10,0,18,19,7,5
63013,0,5.89,14,18,0,1,1,1,2339,0,0,0,0,13,25,0,17,29,8,4
83287,1,31.23,9,17,0,1,0,3,1561,0,0,1,0,11,20,0,13,15,11,5
18129,1,33.38,18,16,0,1,0,0,914,0,0,0,0,13,0,0,18,29,5,3
75767,1,59.2,11,10,0,4,0,3,2475,0,0,0,0,9,15,0,21,11,4,4
64756,1,13.44,11,8,0,1,0,4,1812,0,0,0,0,27,0,0,14,2,4,2
84879,0,52.53,18,22,0,1,1,2,624,0,0,0,1,19,25,0,3,4,11,1
30270,1,45.36,10,16,0,2,1,0,1225,0,0,0,0,3,10,0,12,30,12,1
24022,1,47.29,13,21,0,1,0,2,532,0,0,0,0,22,0,0,5,28,5,2
12461,1,66.68,6,22,1,0,0,2,988,0,0,0,1,35,10,0,13,26,7,5
48715,1,2.9,12,12,0,0,1,2,624,0,0,0,0,21,10,0,13,11,8,0
90624,1,45.15,16,20,1,2,0,2,96,0,0,0,0,38,20,0,16,18,2,1
97257,1,29.59,9,22,1,0,0,3,120,0,0,0,1,26,10,0,7,13,1,0
19963,0,5.29,13,22,0,2,1,2,1244,0,0,0,0,40,35,0,17,15,2,5
59534,1,12.35,16,12,0,2,1,0,1978,0,0,0,0,4,10,0,22,29,1,2
84180,1,29.43,20,18,0,4,0,1,109,0,0,0,1,12,15,0,0,9,12,1
76710,1,64.49,23,22,0,2,0,3,1230,0,0,0,0,16,0,0,12,31,5,5
22359,1,109.17,7,16,0,0,0,3,1987,0,0,0,0,35,0,0,0,17,9,2
60527,0,38.62,13,14,0,3,0,8,1403,0,0,0,0,3,35,0,22,17,3,0
39998,0,70.71,9,21,1,3,1,3,774,0,0,0,0,31,35,0,21,2,11,6
52321,1,20.04,16,16,0,1,1,2,1124,0,0,0,0,23,10,0,1,4,1,5
26333,1,62.09,23,19,0,2,0,4,2397,0,0,0,1,27,0,0,13,9,4,2
27862,1,26.53,20,16,0,0,0,1,2381,0,0,0,0,10,0,0,1,28,9,6
33911,1,16.06,11,14,0,2,1,5,684,0,0,0,0,31,30,0,11,11,6,2
90243,1,69.79,10,18,0,0,0,5,58,0,0,0,0,36,30,0,20,10,1,4
33028,1,37.77,16,19,0,2,1,6,1440,0,0,0,0,3,30,0,14,16,7,2
21544,1,94.01,13,21,0,1,0,0,2239,0,0,0,1,4,0,0,10,24,4,3
66446,1,31.99,21,18,0,1,0,3,428,0,0,0,0,20,0,0,11,18,4,4
25340,0,21.43,11,7,0,2,1,3,1312,0,0,0,0,24,25,0,16,13,12,5
59677,0,36.2,16,21,0,0,0,3,151,0,0,0,0,6,15,0,6,5,9,4
53718,1,85.98,12,24,0,2,0,1,1023,0,0,0,0,38,10,0,17,15,3,5
75977,1,23.9,17,12,1,2,0,2,1260,0,0,0,0,29,10,0,7,10,9,2
30162,1,46.49,3,12,0,0,0,4,1735,0,0,0,0,30,0,0,4,9,4,2
96454,1,50.58,11,20,0,1,1,1,2266,0,0,0,0,21,10,0,12,14,3,4
37479,1,30.54,10,16,0,1,0,3,2368,0,0,0,0,27,0,0,1,17,3,0
17799,1,29.66,10,19,0,1,0,2,458,0,0,1,0,39,30,0,20,29,3,5
57438,1,25.97,4,23,0,1,0,1,1380,0,0,0,0,31,0,0,11,18,2,1
16238,1,1.14,18,16,0,3,0,0,1353,0,0,0,1,9,0,0,19,2,7,2
37386,0,38.56,2,13,0,1,0,0,1898,0,0,0,0,8,15,0,16,13,4,6
13051,1,263.31,15,11,0,0,0,2,1107,0,1,0,0,28,15,0,8,11,11,1
37584,0,91.52,8,12,1,0,0,5,1886,0,0,0,0,28,45,1,16,23,6,0
71352,1,17.51,8,17,0,1,0,2,1825,0,0,0,0,5,0,0,10,3,2,0
32191,1,7.1,9,19,0,7,0,7,1309,0,0,0,0,14,35,0,18,1,3,5
35244,1,1128.02,10,13,0,3,0,5,863,0,0,0,0,18,35,0,3,10,6,1
16717,1,18.76,8,12,1,1,0,3,389,0,0,0,0,28,10,0,3,23,1,3
75729,0,2.12,10,14,0,2,0,0,330,0,0,0,0,38,25,0,3,13,1,0
11577,1,1.48,9,15,0,0,0,0,499,0,0,0,0,6,0,0,0,8,11,5
87455,0,15.48,19,13,0,3,1,6,973,0,0,0,0,3,45,0,16,25,8,0
49728,1,58.3,9,18,0,1,0,1,46,0,1,1,0,41,45,0,9,1,8,4
61275,1,8.06,13,16,0,3,0,3,422,0,0,0,1,3,0,0,6,25,12,3
71405,1,0.1,16,15,1,0,0,0,206,0,0,0,1,5,10,0,14,24,10,4
62977,0,21.81,5,28,0,0,0,2,350,0,0,0,2,41,35,1,0,27,8,2
17967,0,480.79,15,21,0,0,0,0,748,0,0,0,0,8,15,0,0,3,3,0
65324,1,77.09,6,19,0,0,0,1,180,0,0,0,0,15,0,0,18,8,6,6
25616,1,18.14,9,13,0,2,0,1,2206,0,0,0,1,32,0,0,4,29,8,4
31734,1,79.42,10,22,0,3,1,3,680,0,0,0,0,18,10,0,6,28,2,4
60594,1,7.91,21,22,0,0,0,4,214,0,0,0,0,41,10,0,0,20,4,6
66918,1,47.25,13,14,0,2,0,9,828,0,0,0,0,3,20,0,1,11,3,1
89475,1,30.65,17,24,0,0,0,1,289,0,0,0,0,37,10,0,4,12,9,4
80830,1,11.61,13,18,0,0,0,2,251,0,0,0,1,34,0,0,7,20,12,5
68592,1,1.72,13,18,0,1,0,1,1088,0,0,0,0,37,10,0,11,11,5,6
91922,1,15.1,10,16,0,4,0,3,450,0,0,0,0,13,15,0,13,11,8,0
25123,1,68.79,0,13,0,1,0,2,1900,0,0,0,2,44,20,0,4,4,9,3
34273,1,80.68,11,12,0,0,1,3,1324,0,0,0,0,39,20,0,18,24,12,2
72162,1,40.54,10,14,0,0,0,1,569,0,1,0,1,28,15,0,10,24,3,0
58842,1,18.66,21,17,0,1,1,2,797,0,0,0,0,43,20,0,16,18,1,5
93639,1,33.6,23,16,0,1,0,1,2214,0,0,0,0,19,0,0,13,25,10,5
52933,1,14.68,15,17,0,3,0,0,961,0,0,0,0,24,0,0,17,4,12,3
65013,1,36.59,4,14,0,0,0,4,319,0,0,0,2,9,10,0,6,15,12,0
46176,1,32.46,12,13,0,1,0,2,1522,0,0,1,0,23,20,1,16,27,2,3
61590,1,11.55,23,12,0,3,0,3,2207,0,0,1,0,9,20,0,11,12,2,2
27733,0,41.32,23,16,0,0,0,1,748,0,0,0,1,21,15,0,0,22,6,6
19328,1,44.42,11,16,0,6,0,1,2490,0,0,0,0,17,15,0,12,8,9,0
41697,1,3.68,9,22,0,1,0,0,512,0,0,0,0,37,10,0,17,26,6,3
79074,0,826.3,11,20,0,0,0,0,1300,0,0,0,0,36,40,0,5,6,3,3
61763,1,65.84,10,24,1,1,0,4,2099,0,0,0,0,31,10,0,9,10,3,0
49376,1,47.14,7,22,0,0,0,2,1487,0,0,0,0,4,0,0,16,5,1,6
15194,1,5.33,17,17,0,4,0,1,2374,0,0,0,0,14,15,0,4,7,6,5
89072,1,53.12,13,15,1,1,0,3,419,0,0,1,0,7,30,0,17,14,10,1
75316,0,25.53,10,17,0,0,0,2,1277,0,0,0,0,27,15,0,6,29,7,1
17855,0,11.1,2,15,0,0,0,4,2035,0,0,0,0,22,15,0,17,22,9,0
39073,1,8.4,7,19,0,1,1,0,1042,0,0,0,0,42,20,0,3,27,4,6
63587,1,17.05,3,15,0,0,0,2,822,0,0,0,1,17,0,0,1,15,2,5
41430,0,8.24,6,13,0,1,0,1,1648,0,0,0,0,30,15,0,23,12,12,4
55559,1,33.56,0,18,0,1,0,2,2144,0,0,1,0,5,20,0,13,28,12,6
23620,1,1157.45,15,11,0,1,0,3,2156,0,0,0,0,7,15,0,8,11,9,3
89763,1,5.73,7,24,0,0,0,0,2105,0,0,0,0,29,0,0,17,21,8,3
99763,1,32.98,7,27,0,0,0,6,2272,0,0,0,0,4,20,0,19,6,4,6
13239,1,10.22,3,18,0,1,0,5,2468,0,0,0,0,38,30,0,10,29,11,5
45552,0,49.76,20,14,0,1,0,2,1952,0,0,0,1,8,15,0,7,14,3,4
11884,1,67.77,19,25,0,1,0,2,2377,0,0,0,1,9,0,0,11,13,6,4
55279,1,25.16,16,19,0,3,0,6,1114,0,0,0,1,7,20,0,7,13,5,1
44879,1,11.2,18,20,0,1,0,5,1917,0,0,0,1,29,20,0,11,31,1,4
40202,1,14.68,10,17,1,0,1,1,703,0,0,0,1,2,20,0,3,24,8,6
96020,0,0.22,9,15,1,0,0,3,195,0,0,0,1,38,35,0,13,8,3,5
23103,1,6.62,7,14,0,0,0,1,1133,0,1,0,0,37,25,0,3,17,6,1
92872,0,59.24,6,22,0,4,0,2,2221,0,0,0,0,11,30,0,2,3,1,4
63489,0,39.49,7,19,0,2,0,2,2043,0,0,0,0,22,15,0,8,2,6,0
78205,1,27.74,20,20,0,2,0,2,2389,0,0,0,0,4,0,0,17,1,10,2
99384,0,47.23,8,7,0,1,0,5,716,0,1,0,2,9,60,0,22,22,9,0
75039,1,11.22,9,17,1,0,0,1,1201,0,0,0,0,41,20,0,23,18,1,5
15157,1,56.14,13,23,0,1,0,3,500,0,0,0,0,19,0,0,8,7,4,0
68697,1,87.8,10,17,0,0,0,0,1323,0,0,0,1,41,10,0,14,13,4,6
32154,0,50.83,10,13,0,1,0,2,1847,0,0,1,0,12,35,0,0,26,5,0
31578,1,1072.78,18,17,0,0,0,2,180,0,0,0,0,44,25,0,1,21,8,3
24916,1,33.19,9,29,1,1,0,0,1997,0,0,0,0,2,10,0,16,27,6,4
38653,0,4.77,15,16,0,0,0,1,1388,0,0,0,0,33,15,0,4,29,6,6
61601,1,19.4,7,17,0,4,0,2,1026,0,0,0,0,43,25,1,13,27,11,3
89184,1,1.14,13,10,0,3,0,1,1408,0,1,0,0,44,25,0,4,22,12,0
18273,1,77.56,18,20,0,0,0,3,2112,0,0,0,0,25,0,0,13,28,1,1
38340,1,7.06,9,19,0,5,0,6,1435,0,0,0,0,3,35,0,13,7,7,0
93255,1,119.4,14,25,0,1,0,3,1029,0,0,0,0,37,10,0,14,10,5,5
44249,1,9.16,6,21,0,3,0,3,632,0,0,0,0,12,0,0,5,27,2,3
65531,1,94.72,13,16,0,1,0,2,2189,0,0,0,2,30,10,0,14,29,6,6
42814,1,250.03,15,19,0,4,1,2,612,0,0,0,0,30,25,0,0,5,1,6
20205,1,23.61,16,23,0,1,0,2,2441,0,0,0,0,28,0,0,22,5,9,4
63434,1,10.36,0,14,0,3,0,3,907,0,0,0,0,32,0,0,7,24,4,3
24057,0,61.86,7,26,1,4,0,1,2052,0,0,0,2,13,50,0,18,24,11,0
43162,1,37.96,9,14,0,4,0,4,2386,0,0,0,0,25,15,0,23,20,12,5
45264,1,0.99,16,14,1,2,0,4,1857,0,0,0,0,25,10,0,13,24,5,5
57664,1,38.16,7,20,0,0,0,3,2079,0,0,0,0,21,0,0,15,2,3,6
71735,1,44.93,19,17,0,0,0,1,2332,0,0,0,0,43,10,0,6,24,4,3
64048,0,8.09,18,19,0,0,0,2,248,0,0,0,0,26,15,0,10,25,5,6
27482,1,25.79,10,18,0,2,1,2,606,0,0,0,0,33,10,0,17,7,8,3
50925,1,17.99,14,18,0,0,0,0,1812,0,0,0,0,22,0,0,21,19,12,4
77606,1,41.48,9,14,0,1,0,2,1442,0,1,0,1,20,15,0,8,17,5,5
54428,1,1255.24,23,14,1,3,0,1,1092,0,0,0,0,4,25,0,12,7,2,4
99689,1,28.25,13,19,0,1,0,2,1401,0,0,0,1,13,0,0,5,8,5,3
69133,1,5.64,9,24,0,4,0,1,2455,0,0,0,0,4,15,0,3,3,1,4
24156,1,74.85,17,19,0,0,0,0,2493,0,0,0,0,15,0,0,6,12,1,6
69768,1,24.52,11,17,0,0,0,7,274,0,0,0,0,42,30,0,1,10,6,1
75557,1,50.57,11,22,1,0,1,1,1578,0,1,0,0,15,35,1,15,16,9,1
53939,1,23.21,9,23,0,2,0,4,2171,0,0,0,1,42,10,0,5,10,1,4
20164,1,32.62,5,18,1,1,0,1,1499,0,0,0,0,20,10,0,2,4,1,5
44832,1,1007.95,18,14,0,0,0,7,1712,0,1,0,0,2,50,1,11,8,10,2
56221,1,38.99,8,21,0,1,0,1,182,0,0,0,0,15,0,0,18,21,12,6
16471,0,37.69,18,14,0,3,1,2,2476,0,1,0,1,34,40,1,18,26,4,5
72268,1,13.48,6,20,1,2,0,2,786,0,0,0,0,20,10,0,1,4,5,6
15816,1,28.36,11,25,0,1,0,2,932,0,0,0,2,35,10,0,14,23,7,2
27032,1,41.76,11,12,0,2,0,2,1332,0,0,0,0,8,0,0,21,31,10,4
96915,1,58.58,11,24,0,1,0,1,1230,0,0,0,0,11,0,0,2,2,5,4
11769,1,9.56,7,10,1,1,1,3,1088,1,0,0,0,15,45,0,15,7,11,4
79734,1,86.75,5,16,0,4,1,2,1256,0,0,0,0,14,25,0,0,31,3,0
81580,1,96.79,9,17,0,4,0,1,2276,0,0,0,0,36,25,0,19,26,4,5
78707,1,9.68,14,18,0,8,0,3,1734,0,1,0,0,41,40,0,17,26,2,2
61961,0,73.66,14,19,0,1,1,2,1151,0,0,0,1,14,25,0,18,15,9,0
76520,1,600.99,9,18,0,1,0,2,504,0,1,1,1,34,50,0,14,21,9,6
56499,1,52.42,15,21,0,1,1,5,953,0,0,0,0,17,30,0,14,18,1,5
68353,1,25.96,12,21,0,2,0,4,2318,0,0,0,0,19,0,0,18,22,8,4
46622,1,96.55,10,20,0,4,0,1,1502,0,1,0,0,18,30,0,23,11,5,6
36012,1,13.97,11,14,0,2,0,2,2345,0,0,0,2,24,10,0,6,16,7,2
68953,0,27.89,8,21,0,1,0,2,1518,1,0,0,0,12,40,0,7,3,1,4
68893,1,32.04,11,13,0,3,0,1,2074,0,0,0,1,2,0,0,11,21,7,0
62397,1,50.56,14,18,0,1,0,4,627,0,1,0,0,34,15,0,19,29,6,6
28060,1,9.38,1,21,0,4,0,4,2017,0,0,0,0,33,15,0,20,2,12,1
25553,1,5.5,14,20,0,0,0,0,2013,0,0,0,1,9,0,0,7,12,2,2
49049,1,57.49,15,20,0,1,1,3,1324,0,0,0,0,27,10,0,18,8,5,3
79221,1,81.22,10,16,0,3,0,1,2166,0,0,0,0,24,0,0,5,17,3,0
35530,1,35.63,19,16,0,0,0,0,1857,0,0,0,0,29,0,0,2,4,6,2
78974,1,25.75,12,18,0,2,0,1,272,0,0,0,0,22,0,0,9,2,4,2
21313,1,48.84,12,20,0,1,0,1,1888,0,0,0,1,8,0,0,18,12,5,0
86596,1,93.65,19,23,0,1,0,7,1435,0,0,0,0,8,20,0,0,28,9,6
96450,1,19.42,15,16,0,1,0,0,633,0,0,0,0,44,10,0,10,6,5,1
16180,0,56.59,10,15,0,0,0,1,1659,0,1,0,0,5,30,0,3,2,11,6
27961,0,6.67,11,22,0,5,0,0,494,0,0,0,0,33,30,0,16,10,4,3
53280,0,36.69,21,14,0,1,1,9,918,0,0,0,0,44,55,0,5,3,1,4
21839,0,55.56,14,14,0,2,0,3,1516,0,0,0,0,29,15,0,1,27,6,4
27662,0,63.57,4,23,0,4,0,6,1012,0,0,0,0,21,50,0,13,11,3,1
54180,1,40.83,18,18,0,2,0,3,1802,0,0,0,1,23,0,0,0,26,3,2
40865,1,77.86,10,13,1,0,0,4,223,0,0,0,0,34,10,0,22,4,9,3
61943,1,33.27,3,18,0,0,0,4,675,0,0,0,0,15,0,0,11,14,4,0
95711,1,49.38,13,20,0,1,0,1,320,0,0,0,0,38,10,0,16,8,7,1
21202,0,9.87,13,26,0,4,0,0,460,0,0,0,0,40,40,0,19,2,6,0
11228,1,3.58,1,14,0,1,0,1,663,0,0,0,0,23,0,0,9,13,8,2
24395,1,20.91,12,20,0,3,0,4,207,0,0,0,1,31,0,0,15,11,2,1
95686,1,65.68,13,16,1,1,0,3,347,0,0,0,0,42,20,0,17,23,10,3
29982,1,65.93,9,14,0,0,0,9,1432,0,0,0,0,43,30,0,4,19,8,1
73991,1,9.05,19,17,0,0,0,2,1379,0,0,0,0,24,0,0,14,9,9,1
47516,1,8.33,14,13,0,4,0,2,526,0,0,0,0,21,15,0,14,7,4,0
99085,1,3.11,10,14,0,2,0,1,2398,0,0,0,0,4,0,0,22,9,9,1
82247,1,21.38,1,18,1,1,0,3,153,0,0,0,0,37,20,0,11,16,3,6
81409,1,20.01,6,12,0,1,1,0,1893,1,0,0,1,37,45,0,4,15,9,0
51875,0,2.63,7,24,1,0,1,2,1836,0,0,0,0,16,35,0,13,4,6,2
92249,1,50.96,12,16,0,2,0,0,1702,0,0,0,1,23,0,0,21,9,4,2
82976,1,31.27,12,22,0,0,0,4,409,0,0,0,0,43,10,0,12,6,5,1
66758,1,108.63,18,22,0,1,0,3,1532,0,0,0,2,8,10,0,13,10,4,3
35222,1,29.02,11,15,0,0,0,1,1822,0,0,0,0,19,0,0,11,22,6,6
66042,0,82.61,10,19,0,1,0,2,1283,0,0,0,0,25,15,0,23,14,8,3
66407,1,8.02,12,21,1,2,0,3,661,0,0,0,0,11,10,0,19,9,8,5
76777,1,49.46,13,18,0,0,0,4,874,0,1,0,0,8,15,0,17,5,7,5
43074,1,2.41,13,17,0,1,0,5,373,0,0,0,0,41,30,0,13,27,8,2
75574,0,12.98,10,17,0,2,0,2,251,0,0,0,0,40,25,1,12,16,4,2
42229,0,33.17,1,17,0,1,0,1,2392,0,0,0,0,27,15,0,23,11,12,3
63485,0,30.99,10,13,0,7,0,2,465,0,0,0,1,16,30,1,20,13,9,5
11041,0,44.98,4,27,0,0,0,4,707,0,0,0,0,4,15,0,1,20,7,6
11038,1,17.19,4,13,0,1,0,0,2268,0,0,0,0,38,10,0,15,2,2,6
83685,1,45.81,10,16,0,1,0,2,2256,0,0,0,1,39,10,0,11,17,4,3
81679,1,20.92,15,17,0,3,0,2,2408,0,0,0,2,2,10,0,12,2,10,3
72049,1,47.77,12,16,0,1,0,1,2085,0,0,0,0,33,0,0,15,15,3,5
68620,1,6.71,6,17,0,3,0,3,964,0,0,0,0,41,10,0,12,5,9,4
41187,1,64.31,8,24,0,0,1,1,1870,0,0,0,0,33,10,0,16,17,12,2
87574,1,69.91,9,14,0,0,0,0,1652,0,0,0,0,10,0,0,2,15,5,3
68001,1,14.11,8,13,0,1,0,2,2458,0,0,0,1,26,0,0,4,12,11,2
24986,1,644.04,20,22,0,1,1,4,540,0,0,0,1,38,35,0,9,25,4,4
61938,1,1184.77,15,17,0,6,0,1,2241,0,0,0,1,1,30,0,21,2,11,6
83574,1,36.15,8,27,0,2,0,2,571,0,0,0,2,43,20,0,18,7,3,4
33463,1,98.57,2,14,0,0,0,0,1052,0,0,0,0,11,0,0,8,23,6,0
71645,1,64.84,11,19,0,0,0,1,1958,0,0,0,0,4,0,0,8,28,10,1
66753,1,96.54,15,17,0,1,0,1,378,0,0,0,0,7,0,0,18,3,8,6
42881,1,31.73,8,15,0,3,0,2,482,0,0,0,0,43,10,0,3,15,4,1
46600,1,73.81,16,23,0,0,0,1,1133,0,0,0,0,43,10,0,4,18,9,3
48474,0,61.95,6,21,0,3,0,5,302,0,0,0,1,12,35,0,12,25,3,1
74474,1,1101.85,7,17,0,2,1,1,1592,0,0,0,0,42,35,0,12,11,10,5
34281,1,26.76,15,17,0,3,0,2,647,0,0,0,0,35,0,0,17,27,1,0
46640,0,54.47,21,11,0,4,0,3,2010,0,0,0,0,19,30,0,7,31,3,0
60925,1,59.44,21,14,0,2,0,4,1972,0,0,0,0,26,0,0,17,28,7,0
42619,1,83.07,21,23,0,4,0,2,1072,0,0,1,0,15,35,0,14,4,12,3
23628,1,8.51,7,17,0,0,1,0,2136,0,0,0,0,12,10,0,7,12,2,2
54637,1,9.48,5,17,0,1,0,1,2496,0,0,0,2,7,10,0,14,19,2,2
67594,1,65.05,18,22,0,2,0,2,1949,0,0,0,0,1,0,0,9,24,10,4
57529,1,103.58,6,11,0,1,1,2,146,0,0,0,0,39,20,0,2,15,7,1
94791,1,76.99,13,16,0,2,0,0,434,0,0,0,2,37,20,0,14,17,10,4
88405,1,34.75,12,11,0,2,0,1,1093,0,0,0,0,19,0,0,13,9,12,1
13450,1,101.23,5,12,0,0,0,2,341,0,0,0,0,41,10,0,1,4,3,1
76968,1,25.9,14,22,0,3,0,5,1798,0,0,1,0,5,40,0,19,23,11,6
73291,1,71.51,11,18,0,0,0,1,580,0,0,0,0,28,0,0,19,10,10,4
32188,1,15.4,0,16,0,3,1,1,2290,0,0,0,1,29,10,0,15,3,1,4
61857,1,26.63,16,17,0,1,1,1,2397,0,0,0,0,10,10,0,4,27,8,2
93961,1,91.95,1,14,0,3,0,0,1929,0,0,0,0,41,10,0,17,27,4,6
32593,1,57.61,15,18,0,2,0,6,2403,0,0,0,0,40,30,0,10,20,12,5
58406,1,45.39,14,17,0,0,0,3,2384,0,0,0,0,29,0,0,13,23,2,6
68901,1,9.99,9,13,0,0,0,1,205,0,1,1,0,20,35,0,19,31,12,2
81350,1,15.01,8,15,0,2,0,1,2117,0,0,0,1,19,0,0,4,30,12,1
29261,0,88.23,1,16,0,1,0,2,1891,0,1,0,0,43,40,0,4,27,11,3
66763,0,69.63,20,19,0,1,0,0,40,0,0,0,0,10,15,0,13,14,4,0
54844,1,10.76,13,27,0,2,0,7,506,0,0,0,1,24,20,0,8,20,10,0
86318,1,123.65,11,21,0,0,0,7,2358,0,0,0,0,29,20,1,19,8,1,2
82516,1,53.94,6,24,0,1,0,4,1404,0,0,0,0,12,0,0,18,27,12,5
77566,0,1.7,19,25,0,4,0,0,2369,0,1,0,0,16,45,0,10,25,5,6
90563,0,41.02,7,25,0,2,0,1,676,0,0,0,0,9,15,0,0,18,9,3
27410,0,43.73,6,17,0,3,0,0,2164,0,0,0,1,40,25,0,12,19,9,4
81106,1,15.44,14,9,0,1,0,2,1887,0,0,0,2,6,10,0,7,1,12,0
16858,1,85.74,12,15,0,1,1,3,921,0,0,0,0,27,10,0,12,19,10,6
54206,1,3.95,14,11,0,3,0,0,2253,0,0,1,0,6,20,0,2,26,12,4
18298,1,117.9,2,16,0,2,0,2,1508,0,0,0,0,24,0,0,12,5,1,6
44331,0,9.79,16,23,0,2,1,8,786,0,0,0,2,12,55,0,18,8,7,1
22170,1,34.34,12,10,0,0,0,2,706,0,0,0,0,7,0,0,10,7,12,6
65576,0,39.06,14,20,0,6,0,1,369,0,0,0,0,17,30,0,1,13,3,3
40088,0,1.55,13,15,0,0,0,1,2335,0,0,0,0,38,25,1,6,1,2,5
25339,1,15.48,14,24,1,1,0,0,700,0,1,0,0,40,35,0,8,2,1,3
58339,1,15.71,18,18,0,3,0,1,1229,0,0,0,0,29,0,0,19,25,8,0
85149,0,35.41,1,19,0,2,0,4,2041,0,0,0,1,43,25,0,8,6,5,1
16154,1,8.89,11,17,0,0,0,4,2283,0,0,0,0,17,0,0,18,20,4,6
91533,1,47.57,5,12,0,4,0,2,352,0,1,0,0,15,30,0,10,7,1,1
13141,1,66.05,13,18,0,2,0,2,435,1,0,0,1,17,25,0,11,13,1,0
38330,1,0.65,11,10,0,3,0,1,932,0,0,0,1,33,0,0,6,12,10,6
24051,1,17.42,2,14,1,6,1,2,2026,0,0,0,0,38,45,0,6,3,1,4
92204,1,50.19,17,18,1,1,0,2,774,0,0,1,0,25,30,0,9,5,2,2
84875,1,43.57,18,21,0,3,1,1,496,0,0,0,1,1,10,0,14,7,9,6
20770,0,68.18,15,16,0,2,0,2,473,0,0,0,0,37,25,0,0,30,1,3
19979,1,55.67,13,17,0,3,1,1,198,0,0,0,0,27,10,0,17,21,3,4
74561,0,66.09,12,22,0,4,0,3,546,0,0,0,0,16,30,0,17,12,9,4
40303,1,74.79,16,14,0,0,0,2,711,0,0,0,1,14,0,0,11,29,11,5
19269,1,39.0,8,23,0,3,1,4,154,0,0,0,0,1,10,0,20,15,5,3
17232,1,50.71,1,19,0,0,0,9,285,0,0,0,0,33,20,0,0,16,12,1
68491,1,53.02,23,20,0,1,0,3,1866,0,0,1,0,27,20,1,20,8,4,1
92218,0,36.45,17,19,0,0,1,5,2465,0,0,0,0,33,45,0,19,23,3,6
77474,1,69.84,18,16,0,2,0,2,1210,0,0,0,1,22,0,0,20,31,10,4
22117,1,36.19,11,22,0,6,1,2,982,0,0,0,0,5,25,0,12,17,10,4
87953,1,30.53,19,13,0,2,0,2,345,0,0,0,1,29,0,0,13,28,1,1
42742,1,74.17,14,17,0,1,0,1,2479,0,0,0,0,29,0,0,3,20,2,3
74530,1,27.93,23,15,0,1,0,6,1686,0,0,0,0,9,20,0,22,12,6,3
36687,1,6.65,4,14,0,3,0,2,355,0,0,0,1,28,0,0,18,25,6,2
47321,1,7.78,10,21,0,4,0,1,883,0,0,0,1,37,25,0,12,13,7,6
76548,0,5.82,9,15,0,3,0,4,2456,0,0,0,0,39,25,0,6,1,7,1
58145,1,8.47,9,19,1,0,0,4,2380,0,0,0,0,1,10,0,17,30,4,2
42717,1,33.14,19,14,0,0,0,2,2381,0,0,0,1,3,0,0,12,23,5,4
32128,1,7.88,8,16,1,0,0,3,1883,0,0,0,0,36,20,1,9,6,5,1
57101,1,36.48,7,15,0,1,0,1,2374,0,0,0,1,18,0,0,23,14,12,6
23467,1,0.44,13,21,1,5,1,2,474,0,1,0,1,42,60,0,14,22,10,2
52172,0,68.79,19,22,0,2,0,2,964,0,0,0,1,33,15,1,13,31,10,4
78895,1,17.41,21,13,0,2,0,2,303,0,1,0,0,7,15,0,22,23,2,6
22983,1,17.31,9,17,0,0,0,2,130,0,0,1,0,15,20,0,20,11,1,5
35645,1,56.5,7,17,0,0,0,3,1037,0,1,1,0,18,35,0,14,16,6,0
90600,0,57.82,10,11,0,2,1,2,1743,0,0,0,0,27,25,0,0,17,7,3
62782,0,298.31,2,17,0,1,0,2,718,0,0,0,0,11,15,0,5,2,1,3
48225,1,72.42,19,16,0,0,1,2,328,0,0,0,0,38,20,0,18,20,7,6
42651,0,83.19,15,16,0,1,0,4,973,0,0,1,0,11,35,0,0,23,5,4
10278,1,49.5,23,16,0,2,0,1,1909,0,0,0,0,36,10,0,20,20,10,0
87111,1,16.35,8,14,0,2,0,2,2243,0,0,0,0,9,0,0,19,28,11,4
23703,0,37.45,10,23,0,1,0,0,1562,0,0,0,0,20,15,0,20,15,6,6
26207,1,19.78,1,17,0,1,0,4,1653,0,1,0,0,9,15,0,12,17,5,5
17576,0,60.38,16,25,0,1,0,3,553,0,0,0,0,22,15,0,23,3,7,3
97797,1,81.2,1,25,0,0,0,3,247,0,0,0,0,29,0,0,11,26,11,2
85764,1,10.49,17,31,0,2,0,1,1324,0,0,0,0,36,10,0,13,5,7,5
15363,1,26.39,16,18,0,1,0,2,2454,0,0,1,0,38,30,0,12,10,9,2
80850,1,40.68,1,21,0,2,0,1,1095,0,0,0,1,25,0,0,8,24,8,6
58843,1,46.26,14,15,0,0,0,2,912,0,0,0,1,31,0,0,7,24,4,3
82222,1,45.37,18,16,0,0,0,2,384,0,0,0,0,37,10,0,1,11,5,6
57211,1,22.77,13,14,0,1,0,3,2066,0,0,0,0,13,0,0,18,10,10,4
65198,1,42.56,12,18,0,1,0,10,2105,0,0,0,0,28,20,0,20,30,4,2
35942,1,35.54,14,20,0,1,0,7,736,0,0,0,1,7,20,0,18,14,5,2
14586,1,67.37,3,15,0,2,0,2,413,0,0,0,1,29,0,0,0,18,6,2
53376,1,41.16,2,22,0,1,0,2,2413,0,0,1,0,17,20,0,16,11,8,0
13855,1,95.17,18,12,0,1,0,0,1657,0,0,0,0,29,0,0,15,5,7,5
53586,1,50.07,15,24,0,0,0,2,1774,0,0,0,0,38,10,0,21,20,7,6
65155,0,22.57,13,14,0,1,0,3,1849,0,0,0,0,5,15,0,6,10,3,0
24736,0,22.99,17,27,0,6,0,1,243,0,0,0,0,19,30,0,13,30,11,6
24590,0,100.27,19,18,0,1,0,2,99,0,0,0,1,9,15,0,6,1,2,5
99316,1,41.4,12,23,0,2,1,1,1966,0,0,0,0,34,10,0,20,27,10,0
73109,1,88.94,19,17,0,1,1,0,98,0,0,1,2,3,40,0,1,22,7,1
67466,1,38.09,23,19,0,0,0,5,511,0,0,0,0,15,20,1,19,4,3,1
47891,0,59.15,14,17,0,1,0,2,1710,0,0,0,0,9,15,0,5,14,5,2
95060,1,44.42,13,25,0,2,1,2,1527,0,0,0,0,41,20,0,18,8,12,0
18638,0,12.35,19,14,0,1,0,2,2244,0,0,0,1,22,15,0,17,23,7,2
41961,1,51.21,13,21,0,1,0,2,332,0,0,0,0,19,0,0,15,22,9,0
20121,1,31.78,13,21,0,1,0,2,1431,0,0,0,0,27,0,0,9,29,11,5
40920,1,33.67,22,16,0,3,0,1,340,1,0,0,0,19,25,0,10,12,4,5
74673,1,19.86,7,20,0,2,0,0,1634,1,0,0,1,39,35,0,9,1,1,2
79572,1,68.54,10,16,0,0,0,2,2417,0,0,0,0,25,0,0,19,13,6,4
10447,1,13.87,8,19,1,1,0,2,741,0,0,0,0,40,20,0,8,28,6,5
53481,0,28.15,10,15,0,2,0,2,2117,0,0,0,0,26,15,0,20,2,10,3
11112,1,149.75,5,18,0,1,0,3,2007,0,0,0,0,19,0,0,22,8,11,5
83029,1,44.91,12,18,0,3,0,3,120,0,0,0,1,1,0,0,22,22,1,2
56340,0,44.42,21,19,0,2,0,0,439,0,0,0,0,11,15,0,4,23,2,6
11744,1,35.1,10,21,0,1,0,1,881,0,0,0,0,31,0,0,6,3,9,2
40687,1,33.09,14,22,1,3,1,3,1409,0,0,0,0,28,20,0,8,2,8,5
62212,0,5.78,18,16,0,0,0,0,895,0,0,0,0,37,25,0,10,12,10,6
69371,1,66.0,16,14,0,5,0,0,1159,0,0,0,0,6,15,0,0,16,3,6
71683,0,30.44,10,13,0,0,0,1,1755,0,0,0,0,38,25,0,21,18,12,3
68794,1,5.28,0,16,0,2,0,3,2270,0,0,0,0,6,0,0,6,20,6,4
82264,0,1073.53,7,22,0,2,1,2,238,0,0,0,0,14,40,0,18,16,11,6
63169,1,41.38,15,23,0,1,1,1,2273,0,0,0,0,33,10,0,6,16,6,0
31403,0,22.06,7,16,0,0,0,5,1019,0,0,0,0,27,35,1,20,12,4,5
55015,1,88.54,9,20,0,4,0,3,1525,0,0,0,1,4,15,0,13,5,7,5
51465,0,23.07,1,23,0,5,0,2,2430,0,0,0,1,21,30,0,6,31,12,2
94330,1,20.35,13,21,1,6,0,3,514,0,0,0,0,9,25,0,1,8,1,2
13999,1,20.01,19,22,0,6,0,3,1344,1,0,0,0,38,50,0,5,16,11,6
15221,1,19.45,15,17,0,0,1,0,2319,0,0,0,0,19,10,0,15,25,7,4
80284,1,19.66,12,13,1,1,0,7,38,0,0,0,0,31,30,1,14,15,11,5
35467,0,40.82,10,18,0,3,0,3,289,0,0,0,0,18,15,0,20,31,10,4
93380,1,27.17,9,21,0,1,0,0,2033,0,0,0,0,7,0,0,21,31,5,5
13731,1,1.3,11,24,0,0,0,2,2214,0,0,0,1,11,0,0,9,9,6,0
65043,1,6.07,2,18,0,0,0,0,1979,0,0,0,0,23,0,0,13,29,6,6
15291,1,33.93,9,16,0,3,0,3,730,0,0,1,0,37,30,0,16,29,10,2
82615,0,4.24,7,21,0,0,0,1,663,0,0,0,0,40,25,0,1,21,2,4
37332,1,9.26,11,17,0,3,0,0,61,0,0,0,1,16,0,0,3,26,12,4
88739,1,296.0,18,26,1,3,1,1,310,0,0,0,1,17,20,0,4,8,9,0
90632,1,83.41,12,21,0,0,0,3,458,0,0,0,1,30,0,0,10,8,3,5
92209,1,28.97,11,16,0,2,0,3,1679,0,0,0,0,4,0,0,3,27,2,3
90985,1,24.27,5,15,0,0,1,7,2291,0,0,0,0,38,40,0,10,7,1,1
58455,1,70.76,1,17,0,2,0,1,1113,0,0,0,1,43,10,0,7,24,6,1
55076,1,85.32,15,20,0,1,0,2,2092,0,0,0,0,32,0,0,15,4,8,0
16615,0,7.25,18,16,0,1,0,0,1433,0,0,0,0,26,15,0,10,15,9,0
13954,1,21.0,8,17,0,1,0,1,1981,0,0,0,1,3,0,0,13,18,11,1
41555,1,60.19,7,15,0,2,0,5,528,0,0,0,0,23,20,0,18,5,6,3
12404,0,11.36,17,18,0,1,1,3,687,0,0,0,0,28,25,0,12,6,3,3
99438,1,58.64,16,10,0,2,0,2,599,0,0,0,2,27,10,0,11,4,5,6
58836,1,56.77,10,15,0,3,0,1,1632,0,0,0,0,15,0,0,4,24,7,3
39373,1,69.54,11,28,0,4,1,5,787,0,0,0,0,19,45,0,13,21,12,6
60029,0,9.5,16,16,0,1,0,1,1927,0,0,0,0,32,15,1,1,24,7,3
28785,1,24.33,13,13,0,3,1,1,1906,0,0,0,0,43,20,1,17,10,3,0
98611,1,4.56,7,19,0,1,1,2,1492,0,0,0,0,4,10,0,13,13,5,1
82980,0,1184.91,6,20,1,0,0,4,258,0,0,0,0,16,40,1,8,26,6,3
16104,1,14.21,13,16,0,1,0,2,1401,0,0,0,0,14,0,0,19,12,8,1
46760,0,57.88,13,14,0,0,0,0,260,0,0,0,0,24,15,0,4,27,10,0
13048,1,62.35,12,15,0,1,0,2,800,0,1,0,0,25,15,0,8,17,11,0
10005,1,66.79,20,27,0,2,0,1,1542,0,0,0,1,29,0,0,4,5,12,4
67978,0,51.45,14,19,0,1,0,2,1311,0,0,0,0,35,15,0,22,8,1,2
48551,1,34.0,21,18,0,1,0,3,1923,0,0,0,1,38,10,0,12,6,3,3
94319,1,2.96,12,17,0,2,0,2,1755,0,0,0,1,38,10,0,1,6,4,6
68909,1,31.82,17,18,0,3,0,0,656,0,0,0,1,23,0,0,12,16,1,3
36066,1,52.58,10,19,0,3,0,3,799,0,0,0,1,11,0,0,0,3,7,3
93725,0,55.97,21,15,0,1,0,2,2125,0,0,0,0,18,15,0,2,20,7,6
67926,0,21.29,19,17,0,1,1,0,1577,0,0,0,0,5,25,0,10,1,9,0
39838,1,45.1,15,21,0,2,0,3,1377,0,0,0,1,38,10,0,20,23,4,2
87658,0,12.29,0,15,0,1,0,2,1375,0,0,0,0,19,15,0,4,24,4,3
75025,1,836.84,22,15,1,2,0,7,1158,0,0,0,2,35,55,0,22,13,4,6
94369,1,39.57,8,21,0,0,0,2,755,0,0,0,0,17,0,0,21,30,6,0
90587,0,84.33,4,13,0,1,0,0,1482,0,0,0,0,21,15,0,6,2,3,6
79075,1,58.35,14,20,0,0,0,2,1753,0,0,0,2,18,10,0,12,22,5,3
69041,0,54.69,10,17,0,2,0,2,1918,0,0,0,0,4,15,0,5,10,5,5
35876,1,49.24,10,10,0,1,1,1,1247,0,0,0,0,9,10,0,6,6,2,3
58800,1,18.08,1,16,0,2,0,5,1860,0,0,0,1,27,20,0,10,5,3,2
74017,1,22.53,12,18,0,2,0,0,1991,0,0,0,1,40,10,0,21,30,7,2
53825,0,51.93,11,23,1,0,0,6,941,0,0,0,0,29,45,1,18,4,7,4
58640,0,848.74,15,15,0,2,0,7,217,0,0,0,0,40,60,1,2,16,10,3
46343,0,76.81,8,15,0,1,0,4,1287,0,0,0,0,37,25,1,4,16,12,1
48493,1,50.85,8,14,0,0,0,2,337,0,0,0,0,2,0,0,13,8,8,4
94804,1,9.32,12,15,1,1,0,3,620,0,0,0,0,4,10,0,20,11,9,3
13108,1,71.66,7,11,0,5,1,4,613,0,1,0,0,1,40,0,23,4,11,1
41336,1,58.27,0,10,0,2,0,10,212,0,0,1,0,18,40,0,0,17,6,1
14934,1,59.78,9,14,1,4,0,1,1104,0,0,0,0,9,25,0,21,10,3,0
82120,1,46.44,2,18,1,1,0,9,2422,0,0,0,0,19,30,1,15,20,7,6
43844,1,112.49,7,17,0,1,0,2,2458,0,0,0,0,38,10,0,11,11,11,1
10231,1,50.36,11,16,0,1,0,4,1639,0,0,0,0,15,0,0,18,14,12,6
58964,1,46.97,7,17,0,0,0,2,2475,0,0,0,0,30,0,0,4,8,12,0
79374,1,12.82,15,17,0,1,0,3,449,0,0,0,1,17,0,0,12,1,4,1
50972,1,61.11,20,14,0,5,0,4,2489,0,0,0,1,4,15,0,15,28,11,4
97779,0,7.63,8,16,0,4,1,3,854,0,0,0,0,40,50,0,9,11,6,2
32445,1,38.11,8,16,0,1,0,0,2308,0,0,0,1,25,0,0,18,10,3,0
84368,1,11.36,12,19,0,1,0,0,199,0,0,0,0,19,0,0,18,24,9,2
14405,1,36.45,23,15,0,2,0,1,2266,0,0,0,2,29,10,0,14,18,1,5
98418,0,89.83,5,18,0,3,0,4,1248,0,0,0,0,33,15,0,21,29,11,5
93035,1,86.78,11,20,1,3,0,1,1104,0,0,0,2,21,20,0,10,3,10,4
17741,0,76.43,14,17,1,2,0,3,1811,1,0,0,1,3,50,0,21,28,3,4
84318,1,37.05,10,20,0,0,0,1,973,0,1,0,0,27,15,0,4,22,5,3
38495,1,65.33,8,10,0,0,0,2,2109,0,1,0,1,3,15,0,3,5,4,5
42474,0,0.08,16,26,0,2,0,4,235,0,1,0,0,31,30,0,17,21,1,1
58771,1,23.22,11,21,0,1,0,0,1257,0,0,0,0,31,0,0,6,28,11,4
78361,1,51.44,19,15,0,3,0,4,1128,0,0,0,0,34,0,0,0,31,8,6
71208,1,73.52,8,18,0,0,1,4,281,0,0,0,1,33,10,0,19,27,5,1
29958,1,135.81,18,20,0,1,0,0,496,0,1,0,0,25,15,0,18,30,6,0
35956,1,51.35,8,21,0,1,1,0,582,0,0,0,1,20,10,0,6,23,2,6
90028,1,12.69,17,9,0,4,0,0,1889,0,0,0,1,16,15,0,3,17,3,0
26301,0,44.64,10,16,0,1,0,2,695,0,0,0,0,27,15,0,10,22,4,1
22424,0,76.93,4,14,0,1,0,3,1408,0,0,0,2,35,25,0,19,29,7,1
70657,1,38.12,7,14,0,0,0,4,1614,0,0,0,1,6,0,0,22,16,8,5
62217,1,33.9,16,25,1,3,0,3,624,0,0,0,0,40,20,0,10,29,10,2
47782,1,30.61,19,26,0,2,0,3,1670,0,1,0,1,19,15,0,17,29,3,5
28254,1,51.36,13,13,0,0,0,12,655,0,0,0,0,40,30,0,9,3,9,2
20616,0,33.92,19,13,1,0,0,1,1728,0,0,0,1,32,25,0,4,5,4,5
92584,1,54.09,16,23,0,2,0,2,1456,0,0,0,0,12,0,0,9,22,9,0
69895,0,13.64,15,21,0,0,0,3,1352,0,0,0,1,20,15,0,8,3,8,6
99978,1,703.14,6,26,0,3,0,2,1614,0,0,0,0,23,15,0,17,13,1,0
26370,1,36.34,19,15,0,3,0,2,1041,0,0,0,0,29,0,0,3,8,9,0
85710,1,30.79,10,22,0,3,0,3,1786,0,0,0,0,23,0,0,11,5,9,4
50850,1,21.88,22,9,1,0,0,0,164,0,0,0,2,9,20,0,4,20,4,6
57005,1,61.88,0,23,0,1,0,0,227,0,0,0,1,18,0,0,7,18,3,1
81867,1,35.28,11,19,0,1,0,2,614,0,0,0,0,15,0,0,22,22,12,0
11181,1,45.8,4,12,1,7,0,2,1674,0,0,0,0,31,25,0,7,23,12,1
60133,1,25.14,10,21,0,0,1,0,1065,0,0,0,0,24,10,0,17,24,8,6
96542,0,74.13,13,13,0,0,0,0,1035,0,0,0,0,2,15,0,19,3,9,2
96090,1,34.93,15,25,0,1,0,5,121,0,0,0,0,5,20,0,20,22,1,2
43991,0,45.75,6,13,0,0,1,2,318,0,0,1,0,36,55,1,22,18,5,6
31196,1,0.68,8,17,0,1,0,4,863,0,0,0,2,31,10,0,14,30,9,1
59094,1,67.71,2,9,0,1,0,1,859,0,0,0,1,12,0,0,14,26,2,2
89480,1,46.09,8,19,0,2,1,2,1125,0,0,0,0,4,10,1,11,8,6,6
79575,1,59.3,10,18,0,2,0,2,2455,0,0,0,0,14,0,0,21,28,7,0
30861,1,72.8,15,19,0,1,0,4,473,0,0,0,0,31,0,0,12,15,5,3
54480,1,26.62,22,26,0,1,1,1,1384,0,0,0,1,10,10,0,18,30,9,1
83220,1,48.75,8,19,1,3,0,0,2479,0,0,0,0,22,10,0,14,28,8,3
42249,1,15.97,12,20,1,1,0,0,639,0,0,0,0,16,10,0,3,25,9,3
48245,1,72.27,15,15,0,2,0,2,561,0,0,0,1,26,0,0,3,23,11,6
58854,1,78.68,0,23,0,1,0,0,1827,0,0,0,0,18,0,0,22,3,10,4
83559,1,56.39,14,23,1,1,0,0,513,0,0,0,0,8,10,0,22,30,8,5
19589,1,1.65,15,26,1,2,0,0,2198,0,0,0,1,15,10,0,19,12,1,6
14902,1,11.9,12,19,1,4,0,0,1475,0,0,0,0,12,25,0,22,21,12,6
90058,0,69.56,6,20,0,0,0,1,1628,0,0,1,0,30,35,0,12,11,5,6
70095,1,49.72,16,15,0,4,0,4,113,0,0,0,0,23,15,0,10,28,3,4
20946,1,18.62,8,28,0,1,1,2,416,0,1,0,1,44,35,0,22,13,1,0
37606,1,33.43,14,23,0,0,1,3,1974,0,0,0,0,31,10,0,14,9,2,6
47802,0,63.36,4,17,0,1,0,2,261,0,0,0,0,22,15,0,16,28,3,4
86615,1,533.54,12,23,1,4,0,3,2374,0,0,0,0,37,50,1,23,18,12,3
86789,1,68.92,13,16,0,4,0,2,2186,1,0,0,0,31,40,0,23,22,10,2
95195,1,49.03,8,24,0,1,0,0,519,0,0,0,0,20,0,0,13,17,4,3
96030,1,68.32,14,23,0,1,0,5,1377,0,0,0,1,12,20,0,17,25,6,2
81664,0,55.94,5,16,0,1,0,4,2237,0,1,0,0,39,40,1,11,16,8,5
90780,1,16.33,21,18,0,3,0,2,1638,0,0,0,1,33,0,0,21,16,6,0
12955,1,54.37,11,16,0,0,0,2,1078,0,0,0,0,6,0,0,0,23,1,3
39040,0,5.3,11,14,0,1,0,2,283,0,0,0,0,35,15,0,12,31,7,3
83028,0,78.53,14,18,0,1,0,3,1667,0,0,0,0,35,15,0,23,26,8,1
96940,1,3.95,13,22,0,2,0,2,1642,0,0,0,1,44,10,0,3,14,4,0
62720,1,6.5,17,14,0,1,0,1,1308,0,0,0,0,20,0,0,6,16,11,6
39644,0,17.96,13,21,0,1,0,4,1256,0,0,0,0,30,15,0,18,18,7,4
68642,0,71.67,14,24,0,4,0,1,975,0,0,0,0,30,30,0,11,14,10,1
44946,0,91.2,10,18,0,4,1,1,1442,0,0,0,0,23,40,1,4,18,9,3
59915,0,66.74,3,15,0,3,1,1,2352,0,1,0,0,3,40,0,10,26,9,4
69461,0,44.64,13,23,0,3,1,2,1377,0,0,0,0,18,25,0,1,6,2,3
87015,1,21.69,8,21,0,2,0,2,2162,0,0,0,0,24,0,0,15,27,12,5
77694,0,47.98,19,14,0,0,1,3,989,0,0,0,0,15,25,0,17,28,2,4
45506,1,56.11,18,19,1,0,0,4,586,0,0,1,0,32,30,0,16,13,2,3
68823,1,50.17,12,14,0,2,1,4,507,0,0,0,0,6,10,0,1,11,10,5
39490,1,5.83,11,23,0,1,0,3,307,0,0,0,1,10,0,0,0,27,1,0
54016,1,47.52,13,23,0,0,0,5,1102,1,0,0,0,27,45,0,21,2,9,1
51646,1,57.61,11,21,0,3,0,3,1171,0,0,0,1,1,0,0,8,24,4,3
97530,1,456.59,16,11,0,1,0,0,2435,0,0,0,0,20,0,0,12,20,12,5
15413,1,2.49,9,16,0,1,0,3,121,0,0,0,0,29,0,0,22,28,1,1
68252,1,31.08,4,13,0,1,0,3,1468,0,0,0,0,16,0,0,16,1,9,0
38872,1,22.82,7,18,0,1,0,2,2045,0,0,0,0,19,0,0,11,18,12,3
95534,1,0.05,8,20,0,1,0,1,2417,0,0,0,1,23,0,0,14,7,7,0
87622,1,76.97,11,17,0,3,1,0,904,0,0,0,2,19,20,1,20,25,5,6
92800,1,117.03,7,19,0,1,1,3,405,0,0,0,0,42,20,0,8,4,11,1
95440,1,47.88,12,14,0,2,1,1,1029,0,0,0,0,31,10,0,5,31,3,0
56153,0,0.4,0,22,0,2,0,8,1592,0,0,0,0,28,35,0,17,21,12,6
93492,1,25.39,9,11,0,1,0,3,426,0,0,0,0,14,0,0,1,14,3,4
87371,1,27.21,10,10,0,1,0,4,2482,0,0,1,0,24,20,1,1,25,7,4
79793,1,17.63,19,18,0,2,1,5,1645,0,0,0,0,1,30,0,16,22,8,4
42206,1,52.34,23,25,0,3,0,0,1310,0,0,0,1,3,0,0,0,24,10,4
32357,1,99.87,13,27,0,0,1,0,2111,0,1,0,0,25,25,0,19,28,7,0
34986,1,59.82,9,17,0,1,0,3,83,0,0,0,1,20,0,0,18,3,1,4
88379,1,50.97,11,22,0,2,1,1,239,0,0,0,0,4,10,0,2,21,5,2
94510,1,18.84,16,22,0,1,0,1,1508,0,0,0,0,1,0,0,6,22,8,4
52827,0,44.53,16,16,0,0,0,1,1834,0,0,0,2,27,25,0,11,3,12,2
93808,1,65.4,12,23,0,6,1,2,760,0,0,0,0,32,25,0,10,20,7,6
83655,1,32.5,15,10,0,0,0,2,588,0,1,0,1,24,15,0,4,31,8,6
19591,0,31.98,6,19,0,2,1,1,1456,0,0,0,0,43,35,0,14,14,10,1
45739,1,40.6,14,24,0,0,1,1,806,0,0,0,0,17,10,0,18,20,6,4
89065,1,21.64,18,20,0,3,1,2,654,0,0,0,1,10,10,0,12,16,10,3
82293,1,14.09,13,16,1,1,0,0,1636,0,0,0,0,37,20,0,16,9,6,0
72217,1,46.21,10,17,0,2,0,0,1635,0,0,0,0,23,0,0,17,1,2,5
51716,1,14.81,0,22,0,1,0,1,1626,0,0,0,1,43,10,0,20,23,5,4
70527,0,40.51,16,19,0,4,0,4,1492,0,0,0,0,22,30,0,13,13,2,3
97549,1,7.47,3,23,0,2,0,0,108,0,0,0,0,44,10,0,0,9,4,2
62872,1,83.28,19,14,0,0,0,5,1423,0,0,0,0,15,20,0,9,4,1,5
27083,1,89.67,13,24,0,1,0,2,1510,0,0,0,0,41,10,0,12,30,7,2
60187,1,6.11,14,9,0,0,0,3,2050,0,1,0,0,29,15,0,8,13,7,6
29106,1,8.66,9,26,0,0,0,2,1056,1,0,0,1,21,25,0,17,1,4,1
85431,1,35.14,12,10,0,1,0,10,262,0,0,0,0,30,20,0,23,12,1,6
49539,1,54.33,2,22,1,1,0,8,910,0,0,1,0,1,50,0,6,4,8,0
35852,1,16.85,18,21,0,4,0,5,2011,0,0,1,1,27,55,0,19,6,9,5
76675,0,32.34,11,18,0,2,0,3,1012,0,0,0,0,12,15,0,21,10,4,3
70823,1,19.6,18,17,1,0,0,0,1807,0,1,0,0,42,35,0,13,13,8,2
82278,0,35.61,19,14,1,1,0,1,1395,0,0,0,0,39,35,0,19,17,2,0
25257,0,29.89,12,18,1,0,0,1,2106,0,0,0,0,20,25,0,4,8,7,1
19678,1,11.34,7,17,0,2,0,1,2412,0,0,0,1,17,0,0,10,1,4,1
27481,1,32.62,18,18,0,3,0,1,1341,0,0,0,0,4,0,0,5,8,8,4
42959,1,67.95,17,15,0,4,1,3,1832,0,0,0,1,8,25,0,5,15,3,5
58365,1,52.73,19,19,0,0,0,2,1203,0,0,0,1,8,0,0,7,18,1,5
11215,1,33.69,0,17,1,2,1,7,1596,0,0,0,0,11,40,0,21,20,6,4
48070,1,8.37,20,23,0,0,0,3,1180,0,0,0,0,40,10,0,22,2,8,5
95919,1,27.9,21,18,0,2,0,2,1244,0,0,0,1,22,0,0,20,27,12,5
73835,0,63.07,9,16,0,0,0,3,1846,0,0,0,2,22,25,0,13,11,5,6
94622,0,22.6,9,20,0,1,0,2,273,0,0,0,0,1,15,0,3,5,7,5
15525,1,78.05,1,21,0,0,0,3,1845,0,0,0,0,33,0,0,21,14,3,4
93295,1,76.97,10,22,0,0,1,4,2404,0,0,0,0,13,10,0,15,16,5,4
71683,1,915.72,18,12,1,0,0,0,2008,0,0,0,0,15,25,0,21,9,2,6
36921,0,9.58,5,23,0,0,1,2,655,0,0,0,0,17,25,0,22,8,8,4
20372,1,85.62,13,21,0,1,0,1,2345,0,0,0,0,2,0,0,20,6,10,0
78398,1,77.57,9,18,0,3,1,2,2315,1,0,1,0,8,55,1,16,29,8,4
19201,1,29.18,12,14,1,4,0,2,516,0,0,0,0,9,25,0,11,27,1,0
41803,1,51.33,11,27,0,1,0,3,1754,0,0,0,0,27,0,0,15,17,1,4
80542,0,43.85,7,15,0,0,0,2,1305,0,0,0,1,11,15,0,4,6,3,3
99286,1,47.56,17,19,0,0,0,3,589,0,1,0,0,32,15,0,14,27,11,3
99492,1,986.73,11,21,0,2,0,2,2089,0,0,1,0,22,35,0,7,21,2,4
80650,0,25.63,16,19,0,7,1,0,417,0,0,0,0,16,40,0,4,23,8,5
60605,1,17.13,7,20,0,2,0,1,1007,0,0,0,0,30,0,0,6,8,2,5
49013,1,41.1,6,23,0,2,0,3,615,0,0,0,1,30,0,0,8,18,1,5
69365,1,106.89,20,21,0,1,0,3,880,0,0,0,0,16,0,0,2,25,3,1
78371,1,19.44,7,21,0,1,0,2,2159,0,0,0,1,22,0,0,16,16,11,6
22025,1,75.5,14,12,0,1,1,1,2345,0,0,0,0,12,10,0,12,30,11,6
71023,1,28.07,1,10,0,2,0,1,2430,0,1,0,1,9,15,0,0,14,8,3
53061,1,66.06,2,18,0,1,0,4,1732,0,0,0,0,17,0,0,6,30,1,3
60225,1,47.25,10,20,0,1,0,1,458,0,0,0,0,8,0,0,22,11,3,1
41800,1,59.71,10,23,0,5,0,2,1712,0,0,0,0,13,15,0,7,13,10,0
88105,1,17.8,11,16,0,3,0,1,1547,0,0,0,2,17,10,0,20,15,10,2
46290,1,38.43,8,21,0,0,0,2,1514,0,0,0,0,13,0,0,10,29,6,6
85319,1,51.54,10,25,1,1,0,0,1245,0,0,0,1,1,10,0,19,1,1,2
73002,1,46.27,7,21,0,1,1,1,1030,0,0,0,0,24,10,0,5,19,6,3
31390,0,30.26,18,25,0,0,0,2,1656,0,0,0,0,40,25,0,17,22,7,1
48245,1,51.54,15,25,0,1,0,3,2290,0,1,0,0,27,15,0,10,15,6,6
68009,1,65.55,15,25,0,5,0,3,1920,0,0,0,0,32,15,0,22,15,9,0
63381,1,25.33,6,16,1,1,0,0,823,0,0,0,0,3,10,0,11,22,8,4
91204,1,1000.25,12,15,0,1,0,2,1231,0,0,0,0,42,25,0,13,26,8,1
43474,0,77.24,10,17,0,3,0,0,1717,0,0,0,1,3,15,0,13,7,8,3
74135,1,103.43,0,20,0,3,1,3,1152,0,0,0,1,33,10,0,14,17,12,2
48985,1,53.78,18,21,0,4,0,5,1965,0,0,0,0,30,35,0,16,29,8,4
42291,1,3.08,6,15,0,0,0,3,188,0,0,0,1,3,0,0,7,15,7,1
46573,1,57.35,20,26,0,3,1,3,298,0,0,0,0,17,10,0,4,16,11,6
62658,1,46.42,7,19,0,2,1,1,796,0,0,0,0,30,10,0,9,18,2,1
30204,1,9.98,15,16,0,0,0,3,1132,0,0,0,0,39,10,0,19,14,7,0
42417,1,7.78,15,20,0,3,0,1,1140,0,0,0,1,11,0,0,2,9,8,5
10633,1,34.18,14,27,0,0,0,2,438,0,1,0,0,1,15,0,21,11,1,5
64827,0,5.86,15,10,0,1,0,1,436,0,0,0,0,18,15,0,8,30,10,3
63193,0,32.52,14,20,0,3,0,2,1318,0,0,0,0,30,15,0,13,3,8,6
77573,1,16.48,19,18,0,0,1,5,1506,0,0,0,0,20,30,0,13,9,11,6
12404,1,22.08,16,16,1,1,0,1,2041,0,0,0,0,3,10,0,20,15,3,5
17435,1,35.04,15,21,0,0,1,2,2268,0,0,0,0,44,20,0,22,17,7,3
51498,1,12.3,16,13,0,4,0,1,1663,0,0,0,0,20,15,0,19,2,2,6
68765,1,10.89,13,27,0,2,0,8,716,0,0,0,1,5,20,0,13,15,5,3
84744,1,30.79,12,27,0,0,0,1,423,0,0,0,2,42,20,0,10,13,3,3
98377,1,88.33,7,15,0,7,0,1,1126,0,0,0,0,7,15,0,11,26,7,5
77363,1,50.59,18,19,0,1,1,2,1847,0,0,0,0,39,20,0,9,19,8,1
31785,1,63.8,18,13,0,1,0,4,1407,0,0,1,0,38,30,0,20,24,12,2
68322,1,35.92,17,13,0,2,0,2,1127,0,0,1,0,15,20,0,23,30,4,2
69711,1,58.31,3,14,0,2,0,1,2257,0,0,0,0,4,0,0,18,15,3,5
87052,1,16.61,6,21,0,2,0,4,1235,0,0,0,0,13,0,0,19,31,10,4
47439,1,15.0,19,16,0,2,0,2,1836,0,1,0,0,29,15,0,12,5,4,5
80426,1,892.43,4,19,0,1,0,2,307,0,0,0,2,4,25,0,1,29,6,6
68151,1,14.07,20,20,0,0,0,2,2164,0,0,0,0,3,0,0,5,21,10,1
15570,1,87.74,9,14,0,2,0,2,1637,0,0,0,0,10,0,0,23,22,3,5
94879,1,19.79,6,16,0,1,0,0,271,0,0,0,1,33,0,0,17,3,6,1
24247,1,40.96,13,24,0,2,0,2,1770,0,0,0,0,32,0,0,17,25,12,3
68819,1,9.74,23,16,0,1,0,2,2049,1,0,0,0,19,25,1,8,2,1,3
51924,1,42.46,12,10,1,5,0,7,466,0,0,0,2,44,65,0,11,6,9,5
42399,1,49.2,5,13,1,0,0,3,1933,0,0,0,0,12,10,0,11,4,12,3
62656,1,28.86,10,26,0,1,0,2,1329,0,0,0,0,28,0,0,3,13,10,0
59695,1,54.13,20,13,0,0,0,1,1942,0,0,0,0,41,10,0,5,8,2,5
40311,1,42.51,14,15,0,0,0,2,1399,0,0,0,0,36,10,0,18,18,12,3
78415,0,13.94,10,18,1,0,0,4,1591,0,0,1,0,25,45,0,14,9,7,2
74523,1,42.95,16,11,0,2,0,5,1969,0,1,0,0,36,45,0,18,25,6,2
75710,1,28.23,13,14,0,0,1,0,653,0,0,0,0,33,10,0,23,8,3,5
25713,1,41.27,12,22,0,1,0,2,1936,0,0,1,0,34,20,0,10,18,10,5
66964,1,79.32,14,14,0,3,1,0,1149,0,0,0,0,21,10,0,14,25,9,3
48024,1,57.11,19,16,0,1,1,5,2096,0,0,0,0,20,30,0,19,14,3,4
46188,1,31.87,12,27,0,1,0,2,1140,0,0,0,0,40,10,0,17,19,10,6
55492,1,32.1,15,17,0,2,0,3,2383,0,0,0,0,44,10,0,8,31,3,0
10958,1,55.05,20,12,0,1,1,6,1111,0,0,0,1,28,30,0,20,6,3,3
27687,1,21.54,16,15,0,1,1,2,2453,0,0,0,0,43,20,0,7,27,11,3
61609,1,3.54,10,11,0,0,0,2,97,0,0,0,0,11,0,0,7,12,7,5
35038,1,17.43,9,14,0,0,0,2,2355,0,0,0,0,20,0,0,4,3,5,5
25199,0,37.37,9,19,0,1,0,0,271,0,0,0,0,40,25,0,7,14,12,6
48773,0,28.75,17,15,1,2,0,3,2488,0,1,0,1,23,40,0,16,2,5,4
83302,1,99.93,9,14,0,0,0,2,2411,0,0,0,0,40,10,0,19,11,2,1
89934,1,56.91,22,18,0,2,1,2,1958,0,0,0,1,23,10,0,0,3,6,1
53637,1,26.26,14,21,0,1,0,2,456,0,0,0,0,35,0,0,19,26,1,6
35954,1,24.66,17,24,0,1,0,3,1622,0,0,0,0,34,0,0,0,5,1,6
87606,1,23.37,23,14,0,1,0,2,1953,0,0,0,0,3,0,0,22,27,3,3
53600,0,51.37,9,23,0,5,0,4,1981,0,0,0,0,3,30,1,17,31,10,4
50681,1,51.6,9,13,0,5,1,8,1266,1,0,0,0,34,70,0,1,11,7,4
42022,0,6.84,19,15,0,2,0,2,970,0,0,0,0,25,15,0,19,5,8,1
66348,0,70.81,11,17,0,1,0,1,2100,0,0,0,0,7,15,1,7,11,9,3
74935,1,32.12,16,15,0,3,0,4,1986,0,1,0,0,35,15,0,1,6,8,2
17967,0,0.33,10,15,0,2,0,5,331,0,0,0,1,29,35,0,3,24,4,3
24407,1,34.59,11,15,0,2,0,3,1309,0,0,0,0,42,10,0,21,30,4,2
33032,1,4.01,11,22,0,2,0,3,819,0,0,0,0,28,0,0,20,26,12,4
11334,0,32.01,8,26,0,0,1,1,1396,0,0,0,0,37,35,0,20,19,7,5
35882,1,44.3,14,21,0,1,0,3,1599,0,1,1,0,4,35,0,13,23,4,2
75014,0,73.98,0,14,1,0,0,2,1734,0,0,0,1,28,25,0,3,20,5,1
38208,1,1221.39,14,22,0,1,0,10,1936,0,0,0,0,27,35,0,9,9,9,1
83187,1,53.05,2,19,0,1,0,0,2408,0,0,0,0,10,0,0,19,1,2,5
79316,1,23.27,10,16,0,1,0,3,435,0,0,0,0,23,0,0,13,10,2,0
53730,0,8.01,18,15,0,0,0,0,843,0,0,0,0,35,15,0,0,25,5,6
71816,1,25.42,1,13,0,0,0,1,2115,1,0,0,0,31,25,0,21,1,11,5
52597,0,29.06,10,18,0,1,0,0,1784,0,0,0,1,12,15,0,13,7,9,6
69921,1,20.92,18,18,0,1,0,3,1852,0,0,0,0,21,0,0,19,15,3,5
16468,1,40.84,19,14,0,5,0,1,2213,0,1,0,0,44,40,0,15,27,9,5
53561,0,76.3,16,17,0,1,0,2,465,0,0,0,0,4,15,0,3,26,7,5
48824,1,16.67,18,20,0,1,0,1,417,0,0,0,0,26,0,0,22,24,3,0
25217,0,11.01,18,16,0,0,0,1,1854,0,0,0,1,18,15,0,20,27,5,1
10072,1,30.43,10,21,0,3,1,2,2233,0,0,0,0,37,20,0,18,18,11,1
90730,1,20.95,15,17,0,2,0,2,1926,0,0,0,0,43,10,1,10,26,11,2
50152,1,25.79,16,26,0,2,0,1,2283,0,0,0,1,25,0,0,1,16,9,1
85445,1,33.98,10,21,0,1,0,1,356,0,0,0,0,17,0,0,12,5,10,6
34039,1,31.82,18,18,0,6,0,1,2489,0,0,0,0,27,15,0,22,8,5,3
28649,0,18.58,13,12,0,2,0,1,1901,0,0,0,0,32,15,0,8,8,7,1
15093,0,1.94,21,19,0,0,0,3,2314,1,0,0,0,27,40,0,12,4,9,3
51170,1,7.19,14,19,0,1,0,0,1799,1,0,0,0,5,25,0,18,18,5,6
12677,1,34.65,5,15,0,0,1,2,1387,0,0,0,0,6,10,0,23,19,1,6
42280,0,51.05,2,26,1,2,0,7,2202,0,0,0,0,17,45,0,10,7,10,1
87991,1,19.44,19,23,1,2,0,1,1925,0,0,0,0,21,10,0,5,2,3,6
33017,0,27.0,17,15,0,1,0,1,178,0,0,0,0,22,15,0,13,16,6,0
84700,1,3.27,12,19,0,2,0,3,889,0,0,0,0,44,10,0,11,8,3,5
68483,1,867.44,15,19,0,0,1,2,2303,0,0,0,0,8,25,0,6,2,2,6
99394,0,21.14,14,17,0,2,1,3,2155,0,0,0,0,21,25,0,7,6,10,0
68189,1,63.38,2,18,1,3,0,2,1989,0,1,0,1,27,25,0,14,26,9,4
27272,1,12.75,17,19,0,2,0,2,706,0,0,0,1,19,0,0,1,26,8,1
47658,0,1.71,14,19,0,2,1,2,275,0,0,0,0,4,25,0,7,2,6,0
44558,0,36.67,16,22,0,1,0,1,1428,0,0,0,2,33,25,0,6,25,10,5
34240,1,36.19,8,18,0,0,0,0,743,0,0,0,0,31,0,0,19,27,8,2
20001,1,16.81,2,22,0,3,0,1,801,0,0,0,0,15,0,0,10,21,8,3
36996,0,18.56,18,20,0,1,0,1,1439,0,0,0,0,31,15,0,18,4,9,3
17976,1,79.39,5,16,1,0,0,2,2366,0,0,0,0,21,10,0,4,14,3,4
94677,0,42.46,0,20,0,0,1,3,1156,0,0,0,1,15,25,1,16,22,7,1
86826,1,12.42,14,24,0,0,0,1,949,0,0,0,0,41,10,0,19,19,12,4
27253,1,40.75,2,13,0,0,0,4,1711,0,0,0,2,39,20,0,7,5,2,2
79865,1,24.49,10,13,0,3,0,1,1625,0,0,0,0,6,0,0,7,20,9,5
74791,1,17.72,16,19,0,2,0,0,201,0,0,0,0,1,0,0,18,25,10,5
64646,1,20.26,13,23,0,0,0,1,1145,0,0,0,0,2,0,0,2,31,8,6
73062,1,25.89,3,17,0,1,0,4,1993,0,0,0,0,41,10,0,12,20,9,5
43562,1,50.26,4,17,0,0,0,7,575,0,0,0,0,27,20,0,15,28,2,4
75643,1,29.35,19,21,0,4,0,4,1083,0,0,0,0,10,15,0,6,26,10,6
49247,1,21.79,13,21,0,2,0,1,1098,0,0,0,0,41,10,0,13,3,1,4
41902,1,18.13,14,19,1,2,0,0,1874,0,0,0,0,9,10,0,1,17,1,4
72116,0,76.62,15,23,0,3,1,1,1223,0,0,0,0,9,25,0,10,18,3,1
77904,1,1.96,0,14,0,0,0,1,643,0,0,0,0,31,0,0,9,24,10,4
59868,1,65.45,13,12,0,1,0,2,1634,0,0,1,1,40,30,0,16,8,8,4
77511,1,25.48,19,23,0,2,0,0,843,0,0,0,0,5,0,0,23,4,6,2
97326,1,6.41,0,16,0,1,0,1,455,0,0,0,1,38,10,0,18,14,7,0
69722,1,29.81,6,12,0,3,1,0,795,0,0,0,0,30,10,0,14,30,5,4
52033,0,71.25,20,18,1,2,0,4,705,0,0,1,1,7,45,1,11,9,3,6
96127,1,27.56,12,18,0,3,0,4,2174,0,0,0,0,30,0,0,6,13,10,0
85975,1,23.69,10,22,0,2,0,1,1970,0,0,0,0,41,10,0,12,7,5,2
37043,1,33.32,13,25,0,1,1,3,1536,0,0,0,0,4,10,0,10,9,9,1
23236,1,50.89,7,19,0,1,1,3,360,0,1,0,0,8,25,0,19,11,1,5
33821,1,68.11,15,16,0,2,0,1,545,0,0,0,1,32,0,0,3,27,10,0
53872,0,26.9,7,22,0,3,0,1,40,0,0,0,0,26,15,0,9,8,11,5
72217,1,3.26,15,18,0,0,0,3,307,0,0,0,0,6,0,0,16,21,1,1
20989,1,17.33,18,15,0,1,0,2,1820,0,0,0,1,16,0,0,5,27,1,0
93025,1,77.77,18,17,0,0,0,0,196,0,0,0,1,41,10,0,1,18,6,2
41327,1,2.97,18,17,0,2,0,2,2383,0,0,0,0,30,0,0,18,14,5,2
99060,1,7.97,11,23,1,1,0,3,1871,0,0,0,0,44,20,0,13,11,3,1
81155,1,712.86,15,18,0,1,0,1,1762,0,0,0,0,16,15,0,16,28,2,4
75828,0,44.47,14,21,0,5,0,2,890,0,0,0,0,38,40,0,2,9,4,2
14005,1,66.95,11,17,0,2,0,3,2161,0,0,0,0,44,10,0,14,27,2,3
97502,1,4.99,5,17,0,1,0,0,927,0,1,0,1,15,15,0,22,4,2,1
16466,1,33.23,22,20,1,2,0,1,589,0,0,0,0,16,10,0,9,30,10,3
18163,1,8.8,11,22,1,1,1,2,2459,0,0,0,0,1,20,0,0,28,3,4
66292,0,65.6,23,21,0,2,0,1,64,0,0,0,0,33,15,0,0,20,11,3
23628,1,75.92,10,14,0,3,0,2,1018,0,0,0,1,38,10,0,15,7,3,4
19638,1,11.21,18,16,0,2,0,1,2030,0,0,0,0,39,10,0,18,6,5,1
15886,1,49.76,3,21,1,1,0,1,1217,0,0,0,0,28,10,0,0,18,8,0
95902,1,3.31,14,12,0,0,0,1,1484,0,0,0,1,6,0,0,10,27,11,3
98114,1,108.85,15,19,0,2,0,3,1272,0,0,0,1,15,0,0,1,29,12,0
86269,1,84.84,3,15,0,1,0,2,1736,0,0,0,0,29,0,0,22,1,8,4
45054,1,42.54,17,14,0,1,0,3,687,0,0,0,1,10,0,0,2,8,4,1
18301,1,27.64,7,16,0,1,0,1,176,0,1,0,0,26,15,0,13,1,10,2
46704,0,71.59,13,27,0,1,0,2,2322,0,0,0,1,35,15,0,9,23,5,4
66832,0,69.39,11,17,0,1,0,0,297,0,0,0,1,19,15,0,23,4,4,4
68370,1,47.54,13,19,0,0,0,2,349,0,0,0,0,34,0,0,2,19,2,2
44379,0,52.05,17,18,0,3,0,2,564,0,0,0,0,39,25,0,14,12,9,4
99102,1,9.12,17,28,1,1,0,3,1087,0,0,0,0,16,10,0,12,2,5,4
73258,1,65.03,13,20,0,0,0,1,1570,1,0,0,1,40,35,0,2,14,3,4
12918,0,40.54,11,13,0,0,0,5,711,0,0,1,0,10,55,0,18,2,4,2
98244,1,47.21,9,13,0,2,0,1,689,0,0,0,0,23,0,0,19,1,1,2
29224,0,27.03,4,14,0,4,0,1,1862,0,0,1,0,6,50,0,9,21,8,3
34530,1,30.36,15,19,0,1,1,2,1123,0,0,1,1,3,30,0,20,6,7,6
82540,1,59.18,13,10,1,1,0,2,1947,0,0,0,0,36,20,0,8,15,6,6
73043,1,383.1,15,17,0,0,0,6,250,0,0,0,0,27,20,0,13,25,8,0
37401,1,2.36,2,21,0,2,1,2,851,0,0,0,0,42,20,0,23,21,11,4
25475,0,57.92,1,29,0,1,0,4,372,0,0,0,0,15,15,0,0,11,2,1
70214,1,77.72,11,16,0,3,0,6,1183,0,0,0,0,19,20,0,1,16,6,0
42349,1,62.6,13,19,0,1,1,3,177,0,0,0,0,28,10,0,13,23,2,6
24026,0,394.27,7,20,0,0,0,1,1709,0,0,0,0,42,25,0,5,16,7,2
50011,0,37.62,13,16,1,2,0,2,2218,0,0,0,0,42,35,0,16,20,4,6
41458,1,17.08,17,28,0,1,0,1,1901,0,0,0,0,3,0,0,8,18,9,3
56365,0,38.21,16,15,0,0,0,4,1433,0,0,0,0,21,15,0,20,19,6,3
37705,1,51.88,19,22,0,0,0,2,1083,0,0,0,2,29,10,0,2,11,12,3
37233,1,32.68,4,11,0,1,0,2,2171,0,0,0,0,36,10,0,21,8,9,0
71943,0,37.41,9,15,0,2,0,2,573,0,0,0,1,5,15,0,8,22,4,1
21627,1,65.37,18,26,0,0,0,10,313,0,0,1,1,5,40,0,15,20,12,5
34746,1,47.08,8,23,0,2,0,3,1794,0,1,0,1,42,25,0,2,18,6,2
80470,1,24.95,7,17,0,1,0,1,2306,0,0,0,1,43,10,0,13,25,10,5
81198,1,37.29,19,18,1,2,1,2,678,0,0,0,0,18,20,0,23,10,4,3
45836,0,60.55,14,18,0,0,0,5,382,0,0,1,0,1,55,0,15,29,9,0
35151,1,23.86,17,18,0,1,0,1,176,0,0,0,0,34,0,0,7,2,6,0
43981,1,8.98,0,14,0,1,1,0,1356,0,0,0,1,32,10,0,5,13,8,2
79731,1,23.54,0,16,0,1,0,4,916,0,0,0,0,40,10,1,21,6,12,5
91253,1,39.36,15,23,0,0,0,0,1618,0,0,0,0,19,0,0,0,4,5,6
16492,1,30.89,23,15,0,2,0,3,777,0,1,0,0,28,15,0,21,29,3,5
18706,1,81.01,13,16,0,0,0,6,144,0,0,0,1,23,20,0,22,27,10,0
83184,1,39.14,14,20,0,0,1,1,2078,1,0,0,0,26,35,1,23,29,8,4
59010,1,22.71,11,18,0,6,0,1,1836,0,0,0,0,29,15,0,11,6,7,6
11451,1,4.8,13,13,1,2,0,1,1836,0,0,1,2,6,40,0,12,25,10,5
11866,1,15.41,19,22,1,0,0,7,195,0,0,0,0,36,40,0,21,20,8,2
84061,1,32.3,7,24,0,1,0,2,1327,0,0,0,0,12,0,0,1,12,8,1
49981,1,23.89,9,16,0,0,0,1,322,0,0,0,0,21,0,0,23,22,11,5
33900,1,22.43,6,26,0,3,0,2,1678,0,0,0,0,23,0,0,4,22,3,5
76261,1,5.23,11,14,0,2,1,7,1568,0,0,0,0,32,30,0,12,21,6,5
53262,0,63.18,13,16,0,1,0,1,129,0,0,0,0,17,15,0,17,19,7,5
65999,1,21.76,18,16,0,2,0,1,1866,0,0,0,0,39,10,0,4,14,2,4
75702,1,57.12,4,13,0,2,0,2,1031,0,1,0,0,15,15,0,10,31,5,5
49673,1,883.58,14,20,0,3,0,1,1776,0,0,0,0,30,15,0,16,19,12,4
23933,1,18.5,9,19,0,5,1,1,2191,0,1,0,0,43,50,0,12,28,2,4
37446,1,51.32,13,26,0,1,1,2,127,0,1,0,0,10,25,1,3,7,4,0
88528,1,48.63,23,19,0,3,1,1,1164,0,0,0,2,1,20,0,12,1,5,3
81842,1,7.34,12,26,0,0,1,1,935,0,0,0,0,7,10,0,14,19,5,0
26209,0,25.66,21,20,0,2,0,7,575,0,0,0,0,20,35,0,21,11,12,3
54202,1,546.32,18,14,0,2,0,1,1847,0,0,0,0,13,15,0,3,23,3,6
15265,1,41.31,8,18,0,1,0,0,1432,1,0,0,0,20,25,0,12,25,11,1
82910,1,15.95,3,18,0,2,0,0,1664,0,0,0,0,19,0,0,18,22,7,1
25381,1,34.83,13,9,0,2,0,2,2057,0,0,0,0,38,10,0,21,9,3,6
38601,1,993.44,20,16,0,0,1,3,714,0,0,0,0,40,35,0,6,30,5,4
73537,1,79.99,10,14,0,0,0,1,1586,0,0,0,1,13,0,0,7,3,7,3
38369,1,986.15,8,16,0,2,1,2,378,0,0,0,2,11,35,0,8,12,3,2
99343,1,41.86,20,13,0,2,0,1,332,0,0,0,0,19,0,0,22,7,9,6
61231,1,40.36,16,15,0,0,0,0,2041,0,0,1,1,34,20,0,17,23,12,1
53732,1,79.69,22,16,0,2,1,2,1039,0,0,0,1,35,10,0,2,20,4,6
25368,1,67.88,15,13,0,2,0,2,1890,0,0,0,0,29,0,0,20,29,7,1
54429,1,94.35,21,12,0,0,0,3,584,0,0,0,0,35,0,0,22,4,10,5
40626,0,34.15,9,22,0,2,0,2,1245,0,0,1,0,27,35,0,18,15,11,5
88905,0,13.21,8,21,0,0,0,4,1049,0,0,0,3,1,25,0,0,22,5,3
99937,1,92.27,13,17,0,1,0,3,1968,0,0,0,0,37,10,0,10,23,3,6
59695,1,36.58,9,17,0,0,0,3,976,0,0,0,0,31,0,0,2,7,1,1
71940,1,14.11,11,17,0,2,0,2,1854,0,0,0,0,40,10,0,17,8,12,0
89939,0,31.6,15,10,0,0,0,2,413,0,0,0,0,22,15,0,11,2,5,4
72641,1,44.51,20,17,0,0,0,0,89,0,0,0,0,24,0,0,7,2,7,2
62635,1,22.31,2,20,0,2,1,0,1053,0,0,0,0,19,10,0,13,7,3,4
57580,1,4.68,20,18,0,2,0,4,2100,0,0,0,1,23,0,0,6,2,8,5
15944,1,33.54,12,15,0,2,0,3,1906,0,0,0,0,37,10,0,16,16,10,3
11477,1,3.3,15,19,0,2,0,0,1731,0,0,0,0,29,0,0,18,7,6,5
30742,1,53.41,14,16,0,3,1,3,1995,0,0,0,0,18,10,0,20,2,10,3
77406,1,25.49,11,14,0,3,0,1,1672,0,0,0,0,34,0,0,17,23,9,1
91665,1,42.23,5,17,0,4,0,0,2032,0,1,0,0,20,30,0,8,8,4,1
57766,1,28.88,10,23,0,2,1,3,575,0,0,0,0,7,10,1,11,8,7,1
85993,1,44.85,9,27,0,0,0,0,823,0,0,0,0,14,0,0,15,12,4,5
45232,1,36.69,15,17,1,1,0,0,1783,0,0,0,0,38,20,0,0,1,1,2
68075,1,40.56,9,19,0,1,0,0,36,0,0,0,0,7,0,0,16,6,5,1
11880,0,9.49,20,17,0,2,0,2,955,0,0,0,0,36,25,1,17,11,8,0
68328,1,12.61,14,21,0,1,0,1,1315,0,0,1,0,34,20,0,18,8,9,0
11431,1,66.16,20,15,0,1,0,0,2072,0,0,0,2,18,10,1,1,12,11,2
67240,1,37.45,13,15,0,6,1,3,1315,0,0,0,0,6,25,0,8,14,1,1
11930,1,29.85,16,13,0,1,0,4,715,0,0,0,1,27,0,0,1,18,11,1
89163,1,11.54,20,14,1,5,0,9,2107,0,0,0,0,6,45,0,7,1,1,2
24818,1,12.29,13,12,0,1,0,3,1400,0,0,0,0,18,0,0,22,8,6,6
76518,1,32.78,0,19,0,1,1,0,735,0,0,0,0,38,20,0,20,17,4,3
58673,0,52.94,13,16,0,2,0,1,174,0,0,0,0,23,15,0,10,25,8,0
99226,0,7.56,21,19,0,4,0,1,1932,0,0,0,0,41,40,0,18,2,4,2
66953,0,0.33,17,17,0,0,0,3,1940,0,0,1,1,37,45,0,5,1,4,1
32345,0,20.94,10,25,0,2,0,1,1290,0,0,0,0,11,15,0,12,24,8,6
99926,1,59.93,5,19,0,0,1,1,493,0,1,0,0,10,25,0,8,4,3,1
11822,1,32.87,15,20,0,5,1,2,2059,0,0,0,0,28,25,0,10,30,3,6
48876,1,807.31,9,10,0,1,0,0,1055,0,0,0,0,13,15,0,5,1,9,0
12926,1,49.7,9,25,0,0,0,0,700,0,0,0,0,26,0,0,20,14,4,0
16067,1,28.92,15,20,0,1,0,6,2449,0,0,0,0,40,30,0,21,17,5,5
86111,0,38.44,11,20,1,4,0,0,1375,0,0,0,1,40,50,0,0,9,11,6
44379,1,37.88,18,20,0,1,0,2,1092,0,0,0,0,2,0,0,10,22,1,2
76009,1,80.55,10,24,0,0,0,1,1358,0,0,0,0,18,0,0,18,24,9,2
97237,0,28.3,13,10,0,7,1,1,744,0,0,0,0,39,50,0,19,4,6,2
56479,1,764.28,9,10,0,1,1,1,1151,0,0,0,0,6,25,0,19,15,10,2
97753,1,38.95,0,20,0,4,0,4,1734,0,0,0,0,34,15,0,15,20,10,0
52798,0,26.52,10,20,0,1,0,1,2189,0,0,0,0,15,15,0,11,24,12,2
73835,1,65.17,15,18,0,1,0,2,248,0,0,0,0,35,0,0,12,5,12,4
64813,1,54.34,15,19,0,2,0,4,277,0,0,0,1,24,0,0,8,25,5,6
27821,0,82.41,11,20,0,0,0,2,974,0,0,0,0,17,15,0,17,15,6,6
85432,1,46.23,21,25,0,1,1,2,596,0,0,0,2,6,20,0,16,16,5,4
82782,1,35.42,9,12,0,1,0,5,1482,0,0,1,1,42,50,0,5,17,4,3
73510,0,10.13,10,7,1,5,1,0,2021,0,0,0,0,38,60,0,0,24,1,4
55154,1,20.4,0,16,0,2,0,3,2327,0,0,0,0,15,0,0,10,11,6,2
92006,0,40.6,2,17,0,1,0,0,345,0,0,0,0,27,15,0,14,5,3,2
76526,1,59.26,22,11,0,0,0,1,2193,0,0,0,1,14,0,0,19,13,5,1
87838,1,44.01,12,23,0,1,0,1,960,0,0,0,0,15,0,0,21,31,10,4
48897,1,20.51,18,17,1,3,0,2,2050,0,0,0,0,24,10,0,1,18,1,5
36880,1,1217.15,18,14,0,3,0,2,1889,0,0,0,0,43,25,0,23,19,7,5
95026,0,40.17,15,13,0,3,0,1,309,0,0,0,0,22,15,1,23,30,1,3
38213,0,28.3,20,17,0,0,0,3,674,0,0,0,0,37,25,0,19,12,6,3
57156,1,58.97,12,24,0,2,0,1,1183,0,0,0,0,15,0,0,6,9,4,2
43818,1,54.83,12,19,0,1,0,2,1897,0,0,0,1,6,0,0,10,10,11,0
20034,1,55.35,19,21,0,0,0,1,1073,0,0,1,0,23,20,0,2,17,11,0
56635,1,56.25,8,14,0,0,0,3,1776,0,0,0,0,1,0,0,9,10,10,4
11550,1,10.0,14,18,0,1,0,6,267,0,0,0,0,5,20,0,1,6,10,0
52875,1,75.26,11,17,1,1,0,2,822,0,0,0,0,41,20,0,8,28,8,3
90265,1,27.27,23,21,0,4,0,4,852,0,0,0,0,35,15,0,15,26,12,4
64140,0,15.54,9,19,0,2,0,4,2147,0,0,0,0,27,15,0,3,18,8,0
67657,1,48.98,9,6,0,1,0,1,2327,0,0,0,0,13,0,0,23,31,8,6
63316,1,18.05,19,16,0,2,0,1,1916,0,0,0,0,16,0,0,5,21,4,0
49051,1,33.61,7,16,0,2,1,3,1329,0,0,0,0,30,10,0,23,17,10,4
13015,0,8.27,7,18,0,3,0,5,453,0,0,0,1,15,35,0,14,3,8,6
43517,1,53.75,21,21,0,1,0,0,727,0,0,0,0,33,0,0,7,6,10,0
51426,1,10.37,16,17,0,0,0,3,532,0,0,0,0,32,0,0,4,1,5,3
42402,0,59.53,10,23,0,7,0,1,1770,0,0,0,1,43,40,0,3,2,4,2
38836,1,21.42,11,21,0,0,0,0,1551,0,0,0,1,8,0,0,9,13,11,3
28787,1,19.07,2,20,0,2,0,3,1275,0,0,0,1,17,0,0,15,29,3,5
64929,1,50.26,6,23,0,0,0,3,1004,0,0,0,0,12,0,0,16,23,11,6
20038,0,30.67,13,18,0,2,0,4,1080,0,0,0,0,1,15,0,0,26,12,4
41736,1,39.22,8,21,0,0,0,3,2380,0,0,0,0,41,10,0,12,4,7,4
51905,1,87.08,8,11,0,3,0,3,2183,0,0,0,0,25,0,0,8,2,1,3
41997,1,225.3,9,17,0,1,1,1,1311,0,0,0,1,22,10,0,3,18,1,5
78701,1,374.33,8,16,0,4,1,2,2093,0,0,0,0,32,25,0,8,11,1,5
54108,1,22.87,17,21,0,1,0,1,1269,0,0,0,0,35,0,0,0,30,5,4
47458,1,61.08,16,13,0,0,0,3,1390,0,0,0,0,23,0,0,7,22,2,5
60209,1,84.74,14,20,0,1,0,2,1080,0,0,0,0,13,0,0,8,3,11,0
79732,1,18.15,9,13,0,1,0,1,736,0,0,0,0,16,0,0,21,5,2,2
32835,0,395.35,12,21,0,0,0,2,2057,0,0,0,0,1,15,0,11,26,3,2
85307,1,1049.3,14,23,0,1,0,0,891,0,0,0,2,30,25,0,19,12,4,5
22071,1,11.64,19,18,0,2,0,1,2157,0,0,0,0,2,0,0,15,16,7,2
25476,1,46.0,15,17,0,1,0,3,2093,0,0,0,1,9,0,0,2,22,11,5
93317,1,2.22,11,13,1,0,0,3,428,0,0,0,0,12,10,0,9,12,6,3
32414,0,36.46,0,15,0,0,0,0,1282,0,0,0,1,34,15,0,22,28,4,0
25558,1,40.41,6,14,0,0,0,2,75,0,0,0,0,10,0,0,0,4,8,0
64352,1,19.49,13,15,0,1,0,3,600,0,0,1,0,5,20,1,5,29,10,2
25547,0,4.97,7,26,0,3,0,1,537,0,0,0,0,11,15,0,0,20,7,6
58908,1,72.65,15,21,0,3,0,1,2487,0,1,0,0,38,25,0,4,12,11,2
41884,1,53.04,8,25,0,5,0,1,2087,0,0,0,2,7,25,0,14,14,1,1
42001,1,20.19,13,11,0,5,0,1,1104,0,0,0,0,3,15,0,12,8,4,1
17759,1,59.24,2,11,1,2,0,1,2266,0,1,0,0,23,25,0,10,9,2,6
58270,1,59.66,21,15,1,5,0,2,2063,0,0,0,0,44,35,0,6,20,8,2
36176,1,1026.23,1,13,0,0,0,2,2212,0,0,0,0,26,15,0,10,25,6,2
81617,1,45.93,11,13,0,2,0,2,52,0,0,0,0,26,0,0,22,18,3,1
68630,1,31.81,8,20,0,3,0,1,1564,0,0,0,2,42,20,0,8,22,3,5
67942,1,17.06,5,18,0,2,0,1,1476,0,0,0,0,41,10,0,10,7,1,1
81990,1,12.47,6,24,0,3,0,0,2076,0,0,0,0,20,0,0,19,13,12,5
61612,1,25.64,12,18,0,2,0,1,2065,0,0,0,2,42,20,0,10,15,6,6
60405,1,18.42,9,16,0,2,0,0,1289,0,0,0,0,31,0,0,2,11,8,0
48868,1,0.33,10,18,0,2,0,1,1943,0,0,0,0,39,10,0,13,6,4,6
93218,1,103.58,9,22,0,0,1,6,1350,0,0,0,1,15,30,0,16,4,12,3
15702,1,81.58,13,23,0,1,0,2,1539,0,0,0,0,35,0,0,5,14,6,5
48578,1,11.4,6,19,0,0,0,3,1048,0,0,0,0,3,0,0,11,9,5,4
63880,1,32.21,15,12,0,4,0,1,450,0,0,0,0,44,25,0,5,12,1,6
72453,1,0.77,19,16,0,1,0,2,1772,0,0,0,1,12,0,0,5,25,7,4
93401,1,138.84,13,16,0,3,1,2,824,0,0,0,1,7,10,0,15,3,7,3
19215,0,30.22,13,16,0,1,0,1,819,0,0,1,2,3,45,0,1,24,6,1
75550,1,28.97,10,19,0,2,0,2,384,0,0,0,2,38,20,0,8,11,5,6
75063,0,8.07,12,16,0,0,0,1,1048,0,0,0,1,39,25,0,12,23,7,2
53026,1,65.08,22,21,0,1,0,1,2199,0,0,0,0,9,0,0,3,26,8,1
27316,1,658.46,18,18,0,3,0,3,1540,0,0,0,0,28,15,0,3,24,10,4
17867,1,86.07,9,21,0,2,0,9,1134,0,0,0,1,39,30,0,0,4,1,5
28961,1,18.42,14,13,0,0,0,2,1923,0,0,0,0,36,10,0,5,25,4,4
73193,1,24.63,17,21,0,0,0,4,2057,0,0,0,0,41,10,0,4,23,1,3
48097,1,0.81,17,16,0,2,0,1,326,0,0,0,0,5,0,0,16,28,6,5
20412,1,20.08,16,21,0,0,0,8,245,0,0,0,0,16,20,0,14,22,10,2
42898,0,34.04,15,23,1,5,0,2,2440,0,0,0,0,13,40,0,4,15,4,1
24557,1,71.58,15,16,0,3,0,0,1952,0,1,0,0,38,25,0,11,16,7,2
56215,1,40.52,7,23,0,4,0,4,231,0,0,0,0,9,15,0,16,30,4,2
63794,0,27.5,13,19,1,1,1,2,1927,0,0,0,0,13,35,0,22,22,7,1
85524,1,40.22,15,24,0,3,1,1,1022,0,0,0,0,17,10,0,8,3,4,3
63093,0,46.43,13,17,0,0,0,1,2197,0,0,0,0,31,15,0,5,5,11,2
14197,1,59.88,11,22,0,2,1,1,905,0,0,0,0,38,20,0,21,11,10,5
36799,1,63.04,8,22,0,1,0,0,2131,0,0,0,0,33,0,0,22,11,10,5
95605,1,22.14,13,10,0,2,0,1,1695,0,0,0,0,32,0,0,2,5,2,2
76429,1,13.06,13,21,0,1,0,5,2236,0,0,1,0,34,40,0,3,21,7,0
46115,1,43.63,4,16,0,1,0,2,2097,0,0,0,1,44,10,0,7,15,6,6
30767,1,1123.59,20,20,0,2,0,6,648,0,0,0,0,5,35,0,16,25,6,2
95468,1,38.29,18,24,0,5,0,2,425,0,0,0,0,44,25,0,13,28,6,5
41923,1,2.97,12,25,0,2,0,0,57,0,0,0,0,40,10,0,0,11,3,1
27758,1,33.72,9,23,0,1,0,4,2203,0,0,0,0,5,0,0,19,20,9,5
47363,0,9.62,8,11,0,2,0,2,2297,0,0,0,1,3,15,0,3,14,9,6
45282,0,59.48,17,18,0,0,0,2,2397,0,0,0,1,27,15,0,17,17,7,3
61567,0,31.86,11,15,0,2,0,1,211,0,0,1,0,40,45,0,6,11,8,0
13975,0,51.43,16,20,0,0,0,3,656,0,0,0,1,17,15,0,17,26,6,3
18256,0,65.51,20,17,0,1,0,6,2496,0,0,0,0,33,35,0,8,10,3,0
85297,1,0.01,7,19,0,1,0,2,132,0,0,0,0,2,0,0,22,21,1,1
16472,1,62.39,18,21,0,1,0,3,1739,1,1,0,0,29,40,0,14,16,10,3
35550,1,55.07,8,16,0,1,1,4,753,0,0,0,0,39,20,0,18,18,4,4
60507,1,23.72,4,11,0,2,0,2,1487,0,0,0,1,32,0,0,21,20,3,3
39379,1,51.98,16,18,0,1,0,3,1721,0,0,0,1,6,0,0,0,18,10,5
13336,1,10.41,6,19,0,2,1,1,638,0,0,0,0,37,20,0,23,28,1,1
73394,1,47.16,3,28,0,5,1,0,1489,0,0,0,0,12,25,0,6,6,6,4
77747,1,41.47,19,23,1,1,0,3,253,0,0,0,0,29,10,0,23,18,6,2
17294,1,25.35,18,18,0,1,0,2,1982,0,0,0,0,29,0,0,14,21,7,0
64431,0,11.26,9,17,1,0,0,2,309,0,0,0,0,27,25,0,20,18,4,4
66982,1,50.1,12,21,0,0,0,5,2244,0,0,0,0,20,20,0,4,4,1,5
20511,1,77.8,16,17,0,2,0,1,2378,0,0,0,0,4,0,0,21,19,8,1
21908,1,20.22,22,20,0,1,0,3,746,0,0,0,0,42,10,0,3,22,1,2
53177,0,30.39,15,25,1,2,0,1,897,0,0,0,0,10,25,0,12,15,2,5
20446,1,13.75,2,20,0,2,0,4,1516,0,0,0,0,37,10,0,3,18,7,4
37018,1,17.53,12,22,0,1,1,3,896,0,0,0,0,22,10,0,22,23,4,2
92195,0,6.97,10,21,0,3,1,4,1891,0,0,0,0,6,25,0,23,22,3,5
36198,1,67.62,8,24,0,1,0,0,2487,0,0,0,0,28,0,0,11,15,11,5
80213,1,76.62,18,16,0,1,1,4,618,0,0,0,0,21,10,0,17,28,4,0
21515,1,7.85,12,13,1,1,0,1,757,0,0,0,0,3,10,0,18,15,8,4
35370,1,14.61,18,27,0,1,0,1,166,0,0,0,0,9,0,0,13,21,1,1
26993,1,8.87,8,18,0,0,0,3,315,0,0,0,1,38,10,0,1,28,6,5
58848,1,30.34,14,21,0,1,0,1,1408,0,0,0,0,38,10,0,1,31,1,4
57144,0,30.17,14,22,0,1,0,1,1861,0,0,0,1,30,15,0,10,29,8,4
88034,0,43.74,14,18,0,0,0,1,1871,0,0,0,0,37,25,0,7,6,5,1
10461,1,59.4,19,21,1,1,1,0,1731,0,0,0,0,25,20,0,16,5,7,5
61420,1,6.97,15,19,1,0,0,3,2047,0,0,0,3,26,20,0,9,1,8,4
55373,1,26.56,4,22,0,1,0,0,590,0,1,0,0,29,15,0,16,18,9,3
65520,1,4.51,16,14,0,1,0,1,194,0,0,0,1,42,10,0,10,17,9,2
87370,1,11.42,18,19,0,4,0,1,996,0,0,0,1,39,25,0,5,24,5,5
55777,1,28.72,11,26,0,0,0,3,2331,0,0,0,1,11,0,0,23,7,11,4
70442,1,81.07,19,24,0,1,1,0,87,0,0,0,0,4,10,0,10,22,11,5
11104,1,17.84,7,19,0,5,1,2,206,0,0,0,0,44,35,0,7,20,9,5
23251,1,16.43,2,12,0,1,0,2,2480,0,0,0,0,27,0,0,16,3,12,2
22142,0,1011.59,12,12,0,0,0,1,1651,0,0,0,0,21,30,0,12,4,10,5
33335,1,61.27,19,17,0,1,0,2,1707,0,0,0,2,6,10,0,11,23,10,3
42463,1,972.64,15,14,0,1,0,3,1268,1,0,0,1,25,40,0,21,10,11,0
56102,1,12.58,17,11,1,2,0,1,627,1,0,0,0,24,35,0,13,21,10,1
70789,1,29.13,9,16,0,2,1,3,550,0,0,0,0,19,10,0,22,2,3,6
80670,1,571.42,6,10,0,1,0,2,2069,0,0,0,0,26,15,0,20,12,4,5
57378,0,43.28,9,14,0,1,0,3,846,0,0,1,0,25,35,0,6,6,2,3
15384,1,6.87,15,15,1,0,0,4,2007,0,0,0,1,33,10,0,7,25,8,0
78872,1,201.65,14,19,0,2,0,3,393,0,1,0,2,8,25,0,7,29,1,2
75185,1,27.66,9,20,0,2,0,0,717,0,0,0,0,24,0,0,7,25,8,0
24434,1,25.85,13,16,0,1,0,5,1820,0,0,0,0,22,20,0,8,4,4,4
75402,1,16.9,16,14,1,2,0,1,2331,0,0,0,0,8,10,0,3,3,12,2
88959,1,45.1,10,19,1,0,0,10,2309,0,0,0,2,30,40,0,14,14,2,4
45901,1,55.72,12,16,0,4,0,2,2467,0,0,0,1,43,25,0,15,27,8,2
57091,1,29.32,11,10,0,0,1,3,1040,0,0,0,0,33,10,0,17,17,3,0
49209,0,24.16,12,19,0,0,0,0,858,0,1,0,1,36,40,0,14,29,6,6
19024,1,52.28,12,15,0,2,0,1,1361,0,0,0,0,43,10,0,16,28,12,6
88413,1,2.49,13,17,0,1,0,0,608,0,0,0,0,17,0,0,2,26,9,4
31179,1,46.61,11,15,1,1,0,1,74,0,1,0,1,22,25,0,6,13,9,5
72970,1,6.44,9,17,0,1,0,2,230,0,0,0,0,10,0,0,7,16,5,4
73709,1,7.14,11,16,0,2,0,5,734,0,0,0,0,15,20,0,1,15,7,1
47639,1,12.78,0,12,0,0,0,0,279,0,0,0,0,2,0,0,6,1,3,5
19422,1,27.29,0,24,0,0,0,1,1096,0,0,0,0,34,0,0,23,7,4,0
97239,1,9.88,4,22,1,0,0,3,1517,0,0,0,1,23,10,0,4,5,11,2
23908,1,75.39,8,19,0,2,1,3,1646,0,0,0,0,25,10,0,11,25,12,3
33633,0,44.15,12,19,0,3,0,0,2446,0,0,0,1,10,15,0,1,16,1,3
82033,1,249.45,10,14,0,0,0,1,903,0,0,0,0,33,0,0,13,12,7,5
70394,1,44.86,16,15,0,3,0,1,1328,0,0,0,0,25,0,0,22,9,11,6
62362,1,3.01,11,17,1,1,0,2,836,0,0,0,2,2,20,0,0,16,4,2
15148,0,79.09,16,8,0,1,0,2,2154,0,0,0,0,33,15,0,15,20,8,2
64592,1,53.11,15,16,0,2,0,2,318,0,0,0,0,43,10,0,8,17,8,6
91869,1,14.36,3,16,0,2,1,2,955,0,0,0,0,43,20,1,20,30,4,2
85789,0,18.41,21,13,0,3,1,1,1571,0,0,0,0,29,25,0,5,9,10,3
70214,1,44.17,15,19,1,2,0,0,2154,0,0,0,1,21,10,0,15,13,11,3
14080,1,9.4,9,15,0,4,0,3,1919,0,0,0,0,38,25,0,21,25,11,1
46299,0,20.03,6,20,0,2,0,3,1733,0,0,0,1,7,15,0,11,21,3,4
15594,1,50.37,6,18,1,4,0,3,669,0,0,0,1,23,25,0,5,20,2,3
15040,1,28.2,0,14,0,1,0,2,821,0,0,0,0,31,0,0,21,19,4,5
28345,1,36.84,5,22,0,5,0,4,1373,0,0,0,1,17,15,0,2,19,9,4
41919,0,42.93,12,17,1,4,1,0,1538,0,0,0,2,44,70,0,15,17,10,4
60835,0,39.45,8,23,0,1,1,2,1508,0,0,0,0,25,25,1,9,16,1,3
49595,0,12.56,10,13,0,2,0,0,1344,0,0,0,0,19,15,0,12,6,6,4
29215,0,35.45,10,18,0,1,0,1,958,0,0,0,0,28,15,0,10,23,2,6
74950,0,12.01,12,15,0,5,0,0,1100,0,0,0,0,30,30,0,11,21,4,0
32800,1,59.51,12,22,0,0,0,0,1593,0,1,0,1,40,25,0,9,11,4,4
75317,1,19.3,17,11,0,3,0,2,2072,0,0,0,0,37,10,0,19,5,5,0
23257,0,18.01,23,20,0,0,0,2,417,0,1,0,2,34,40,0,12,14,7,0
40982,1,84.0,10,21,0,2,1,1,2087,0,1,0,0,8,25,0,6,9,2,6
79892,1,17.23,16,28,0,2,0,3,1428,0,0,0,1,19,0,0,6,9,11,6
62713,1,57.1,11,15,0,1,0,6,1525,0,0,0,0,20,20,0,23,26,7,5
33956,1,14.32,17,20,0,3,0,1,648,0,0,0,0,27,0,0,23,7,1,1
28351,1,2.54,11,15,0,0,1,0,1481,0,1,0,1,11,25,0,7,11,2,1
51761,1,67.78,2,14,0,3,0,2,971,0,0,0,0,7,0,0,10,15,4,1
13957,1,33.93,23,12,0,1,0,5,135,0,0,1,0,38,50,0,3,19,5,0
29201,1,607.6,13,16,0,1,0,1,194,0,0,0,1,19,15,0,4,7,7,0
38139,0,6.7,11,24,1,6,1,2,1470,0,0,0,2,7,60,1,16,10,12,2
31815,1,47.27,20,19,0,0,1,0,2437,0,0,0,0,11,10,0,21,10,8,6
78752,1,19.72,12,23,0,5,0,3,2181,0,0,0,1,6,15,0,11,24,3,0
11898,1,3.88,14,16,0,1,1,1,1960,0,1,0,1,13,25,0,1,16,9,1
10308,1,52.24,10,22,0,0,0,1,1345,0,0,0,0,17,0,0,21,17,12,2
65467,1,19.4,7,20,0,3,0,1,2342,0,0,0,2,19,10,0,14,28,6,5
45899,0,32.36,15,22,0,4,0,0,987,0,0,0,0,41,40,1,17,12,8,1
90325,0,70.59,14,24,0,2,0,3,253,0,0,0,1,22,15,0,13,19,5,0
30122,1,10.04,10,14,1,2,0,2,1571,0,0,0,1,16,10,0,3,3,10,4
47623,1,32.29,18,21,0,0,0,0,2217,0,1,0,0,29,15,0,16,8,1,2
21149,1,46.32,13,21,1,0,0,7,1339,0,0,0,0,22,30,0,4,1,2,5
35711,1,73.59,13,19,1,1,0,3,1918,0,0,0,1,31,10,0,13,24,7,3
14534,0,39.83,20,21,1,6,0,2,1396,0,0,0,0,34,40,0,16,24,7,3
92442,1,61.46,8,11,0,1,0,0,830,0,0,0,0,32,0,0,5,4,9,3
11677,1,59.95,1,15,0,1,1,5,395,0,0,1,0,20,50,0,13,28,3,4
85264,0,20.49,17,24,0,1,0,2,381,0,0,1,0,28,35,0,23,3,7,3
78089,1,41.48,14,19,0,1,0,2,2385,0,0,0,0,6,0,0,2,2,1,3
31387,1,25.92,8,17,0,3,0,1,2463,0,0,0,3,26,10,0,13,9,11,6
29867,1,24.74,18,21,0,1,0,3,2406,0,0,0,1,25,0,0,1,12,9,4
75846,1,16.69,18,20,0,2,0,1,1058,0,0,0,1,34,0,0,9,1,1,2
53878,1,44.16,18,17,1,1,1,2,636,0,0,0,0,12,20,0,15,6,1,0
24562,1,15.6,20,15,0,4,0,1,1402,0,0,0,1,19,15,0,2,12,12,4
23902,1,72.22,21,18,0,1,0,0,32,1,0,0,1,13,25,0,15,8,8,4
47589,1,218.11,13,18,0,1,1,1,1065,0,0,0,1,19,10,1,2,10,9,2
39505,1,14.2,14,23,0,0,0,1,880,0,0,0,1,1,0,0,13,9,12,1
11686,1,20.61,15,16,0,0,0,0,96,0,0,1,0,27,20,0,13,5,10,6
99384,1,48.51,12,15,0,0,0,1,1490,0,0,0,0,31,0,0,17,1,11,5
55664,0,28.07,3,15,0,3,0,2,2031,0,0,0,0,35,15,0,21,11,10,5
34615,1,64.83,15,18,0,3,1,1,1904,0,0,0,2,40,30,0,3,1,2,5
74146,0,8.26,0,18,0,1,0,3,1993,0,0,0,0,24,15,0,9,5,6,3
28682,0,199.5,11,19,0,2,1,1,916,0,0,0,0,14,25,0,13,3,8,6
62577,0,13.26,16,11,0,5,0,1,1733,0,0,1,1,42,60,0,5,10,6,1
88135,0,9.65,23,21,1,4,1,1,1842,0,0,0,0,42,60,0,21,6,10,0
28691,1,24.17,10,17,0,1,0,7,336,0,0,0,0,36,30,0,6,9,9,1
20216,1,1025.3,7,20,0,1,0,2,1148,0,0,0,0,5,15,0,10,6,2,3
89743,1,29.9,7,16,0,0,0,1,1701,0,0,0,0,20,0,0,23,16,12,1
57956,1,37.07,10,13,0,0,0,3,2255,0,0,0,1,25,0,0,16,6,7,6
14383,1,66.43,0,17,0,6,0,2,1134,0,0,0,0,8,15,0,23,9,12,1
90649,0,3.3,8,13,0,0,1,1,1926,0,0,0,0,33,25,0,11,2,7,2
35385,1,55.17,9,21,1,2,0,1,311,0,0,0,1,2,10,0,10,23,10,3
27047,1,8.81,7,14,0,2,0,5,736,0,0,0,1,37,30,0,11,25,2,1
86917,0,76.18,16,14,0,3,0,2,148,0,0,0,1,6,15,0,9,13,9,5
38756,1,67.23,11,21,1,1,0,1,1519,0,0,0,0,20,10,0,18,20,8,2
34715,0,21.42,9,12,0,2,0,4,952,0,0,0,0,39,25,0,18,30,11,6
13425,1,31.89,16,15,0,2,0,1,919,0,0,0,1,36,10,0,23,9,6,0
81285,1,52.6,0,22,0,5,0,4,1240,1,0,0,1,12,40,0,20,26,4,5
47542,0,57.39,10,15,0,2,0,3,1608,0,0,0,0,17,15,0,10,15,4,1
77225,1,88.05,15,14,0,0,0,3,679,0,0,0,0,3,0,0,5,14,4,0
49809,1,34.66,8,11,0,0,1,0,229,0,0,0,0,44,20,0,2,12,1,6
36385,1,47.65,6,23,0,3,0,2,2263,0,0,0,0,17,0,0,13,30,4,2
39944,1,88.85,14,17,0,2,0,2,2457,0,0,0,0,38,10,0,11,25,1,5
17014,1,35.6,15,15,0,3,0,2,1829,0,1,0,0,7,15,1,16,1,9,0
69650,1,55.96,10,13,0,0,0,1,697,0,0,0,0,24,0,0,18,13,7,6
98698,0,19.16,19,17,0,3,0,3,255,0,0,0,0,9,15,0,8,14,5,2
23475,1,402.58,11,30,0,0,0,3,431,0,1,0,3,10,25,0,16,10,3,0
74076,1,883.61,11,13,1,0,1,4,787,0,0,0,0,6,35,0,0,15,7,1
15110,0,59.43,6,14,0,1,0,0,1708,0,0,0,0,18,15,0,9,16,5,4
30041,0,28.34,18,12,0,0,0,4,1662,0,0,0,0,3,15,0,9,14,3,4
36911,1,59.22,14,25,0,1,0,1,2180,0,0,1,0,33,20,0,16,15,5,3
80031,0,47.08,22,10,0,2,0,2,1302,0,0,0,2,39,35,0,11,9,6,0
12280,1,1137.04,0,19,0,2,1,1,885,0,0,0,0,44,35,0,1,14,5,2
33227,0,49.29,19,16,0,1,0,0,2264,0,0,0,0,25,15,0,11,23,12,1
99743,1,6.04,10,13,0,0,0,1,1792,0,0,0,0,35,0,0,15,26,1,6
55967,1,14.99,10,15,0,2,0,2,472,0,0,0,0,9,0,0,20,19,8,1
43017,1,24.98,13,15,0,1,0,2,1528,0,0,0,0,4,0,0,6,22,12,0
21138,1,910.82,7,10,0,3,0,2,419,0,0,0,0,31,15,0,6,17,1,4
53421,1,39.99,11,20,0,0,0,3,1214,0,0,0,0,35,0,0,6,25,3,1
13485,0,33.61,23,20,0,0,0,6,775,0,0,0,0,34,35,0,20,9,8,5
96768,1,47.46,12,18,0,2,0,7,995,0,0,0,1,31,20,0,3,1,12,0
22207,1,70.71,11,21,0,3,1,2,1371,0,0,0,1,14,10,0,23,17,9,2
39196,1,16.06,7,14,0,0,0,0,2374,0,0,0,0,29,0,0,8,6,4,6
82042,1,50.12,9,12,0,0,1,3,1455,0,0,0,1,20,10,0,1,17,1,4
62576,1,18.14,18,16,0,1,0,4,503,0,0,0,2,41,20,0,4,7,5,2
23562,1,2.78,18,12,0,3,0,0,2057,0,0,0,1,4,0,0,2,29,10,2
23092,1,65.62,0,18,0,1,0,2,280,0,0,0,0,8,0,0,1,2,8,5
15997,1,28.33,16,19,0,3,0,0,2137,0,0,0,1,32,0,0,18,9,3,6
25241,1,842.3,13,13,0,5,0,2,1787,0,0,0,0,27,30,0,21,27,3,3
61722,1,69.79,15,22,0,0,0,1,252,0,0,0,0,21,0,0,11,3,3,0
12109,1,59.72,10,20,0,0,0,1,819,0,0,0,0,17,0,0,9,19,4,5
80246,1,75.49,13,17,0,2,0,1,1651,0,0,1,0,6,20,0,11,28,8,3
59319,1,17.63,7,18,0,0,0,3,2371,0,0,1,0,9,20,0,3,21,1,1
53693,1,51.76,16,17,0,0,0,2,1770,0,0,0,0,5,0,0,16,14,10,1
92801,1,60.97,5,22,0,2,0,2,1734,0,0,0,0,23,0,0,14,13,11,3
47200,1,20.47,21,12,0,6,0,1,1154,0,0,0,0,11,15,0,22,17,7,3
25604,1,59.76,21,19,0,0,0,1,612,0,0,0,1,28,0,0,3,11,1,5
29015,1,42.65,12,17,0,1,0,0,586,0,0,0,1,31,0,0,18,3,1,4
84119,1,25.31,12,19,0,1,0,1,2038,0,0,0,0,14,0,0,5,24,10,4
85177,1,69.84,6,24,0,2,0,3,668,0,0,1,0,43,30,0,23,5,4,5
54168,1,44.6,19,25,0,1,0,1,918,0,0,0,0,34,0,0,1,26,9,4
37096,1,1180.53,15,32,0,1,0,0,1818,0,0,0,0,44,25,0,4,2,6,0
75685,0,6.88,12,20,0,1,0,2,88,0,1,0,0,7,30,0,0,16,10,3
72221,1,1.5,1,25,0,5,0,2,1384,0,0,0,2,41,35,1,0,4,9,3
62798,1,23.55,13,19,0,1,0,1,1175,0,0,0,1,41,10,0,4,4,4,4
44568,0,93.64,15,17,0,0,0,0,1492,0,0,0,0,44,25,0,11,1,11,5
38048,0,8.92,9,15,0,2,0,2,815,0,0,0,0,21,15,0,10,22,6,6
94053,0,75.4,7,25,0,0,0,0,1629,0,0,0,0,24,15,0,18,21,5,2
78063,1,256.91,12,12,0,1,0,1,1357,0,0,1,2,39,40,0,13,17,12,2
74067,1,13.76,1,26,0,1,0,2,2070,0,0,0,0,32,0,0,17,21,3,4
62248,1,40.4,5,20,0,1,1,7,1943,0,0,0,0,13,30,0,19,14,6,5
66415,0,15.09,13,15,0,0,0,2,172,0,0,0,1,38,25,0,15,4,3,1
29225,1,21.63,19,18,0,1,0,3,1309,0,0,0,0,19,0,0,13,30,11,6
77346,1,66.94,18,23,1,0,0,4,2357,0,0,0,0,19,10,0,0,17,12,2
57840,1,57.35,16,13,0,1,0,0,1115,0,0,0,0,4,0,0,4,25,4,4
22932,0,323.71,9,25,1,0,0,1,1454,0,0,0,0,32,25,0,11,28,9,6
17155,1,50.75,4,24,1,2,0,0,1478,0,0,1,1,35,30,0,16,4,8,0
99464,0,41.15,16,18,0,1,0,1,1522,0,0,0,0,20,15,0,11,23,3,6
23980,0,81.06,2,12,0,2,0,3,1890,0,0,0,0,16,15,0,20,26,6,3
62869,1,74.48,5,14,1,3,0,2,1683,0,0,1,3,14,40,1,1,28,2,4
72205,1,62.41,10,22,0,1,0,1,1088,0,0,0,0,39,10,0,17,27,1,0
92835,1,4.1,13,22,0,0,1,1,405,0,0,1,0,8,30,1,4,12,2,2
13459,1,20.47,11,14,0,0,0,1,641,0,0,0,2,7,10,0,21,18,1,5
33683,1,3.74,16,20,1,1,0,3,683,0,1,0,1,30,25,1,8,9,10,3
75345,1,37.56,12,9,0,1,0,5,160,0,0,0,0,7,20,0,16,4,8,0
75805,1,44.04,13,13,1,1,0,0,137,0,0,0,0,18,10,0,8,29,8,4
36900,1,44.91,8,23,0,5,0,2,2369,0,0,0,0,36,25,0,22,31,7,3
24256,1,46.72,13,21,0,1,0,2,979,0,0,0,0,34,0,0,7,22,9,0
66417,1,44.62,18,19,0,0,0,2,753,0,0,0,1,9,0,0,15,22,4,1
71254,1,1.32,14,21,0,1,0,2,2129,0,0,0,0,41,10,0,23,22,11,5
22500,1,556.72,14,17,0,2,0,2,979,0,0,0,1,18,15,0,17,30,1,3
18416,1,56.82,13,23,0,2,0,0,1306,0,0,0,0,17,0,0,0,19,12,4
72376,0,44.65,2,23,0,1,1,0,1502,0,0,0,0,35,25,0,4,8,2,5
86320,0,89.9,11,13,0,1,0,3,1366,0,0,0,0,15,15,0,7,5,6,3
47275,1,68.06,18,19,0,1,1,2,180,0,0,0,1,1,10,0,15,26,6,3
26915,0,35.07,20,17,0,3,0,5,88,0,0,0,1,40,45,1,5,8,1,2
29153,1,2.61,9,18,0,2,0,2,164,0,0,0,2,4,10,0,14,1,10,2
35617,0,7.43,14,22,1,2,0,2,2341,0,0,0,0,34,25,0,16,17,11,0
33596,1,28.74,18,16,0,1,1,3,1030,0,0,0,0,44,20,0,20,30,4,2
24591,1,3.05,16,13,1,0,0,2,2142,0,0,0,0,31,10,0,20,25,11,1
11357,1,85.77,11,16,0,1,0,2,1653,0,0,1,1,22,20,0,19,18,3,1
15017,1,50.27,15,18,0,3,0,2,1080,0,0,0,0,14,0,0,12,19,4,5
53598,1,15.14,11,16,0,0,1,4,1443,0,0,0,1,11,10,0,11,19,1,6
32167,1,37.31,13,18,1,0,0,4,2470,0,0,0,0,43,20,0,1,16,6,0
54808,1,742.23,8,15,0,1,1,3,1181,0,0,0,0,15,25,0,3,27,6,4
63494,1,34.74,9,18,1,3,0,1,59,0,0,0,0,42,20,1,23,26,6,3
42330,1,39.09,16,17,0,2,0,3,2382,0,0,0,0,28,0,0,13,12,4,5
79290,1,1080.48,14,20,0,2,0,1,98,0,0,0,0,14,15,0,12,30,4,2
62129,0,59.25,2,18,0,2,1,4,2355,0,0,0,0,38,35,0,10,30,10,3
58374,1,27.1,6,17,1,2,1,1,325,0,0,0,0,26,20,0,22,17,3,0
60362,0,39.69,11,21,0,1,1,2,317,0,0,1,0,17,45,0,7,6,2,3
79538,1,797.11,14,15,1,0,0,2,1436,0,0,0,0,22,25,0,22,23,5,4
27666,0,60.42,11,21,0,3,0,2,1628,0,0,0,0,37,25,0,15,25,3,1
70236,1,53.5,1,12,0,2,0,2,1195,1,0,0,0,22,25,0,13,25,7,4
36841,1,7.71,6,17,0,0,0,3,237,0,0,0,0,20,0,0,4,3,6,1
74046,0,29.94,14,17,0,2,0,0,1459,0,1,0,0,27,30,0,13,5,8,1
61916,1,11.47,22,14,0,0,0,2,852,0,0,0,0,25,0,0,21,10,3,0
39942,0,21.44,8,20,0,2,0,1,1742,0,1,0,0,28,30,0,2,24,5,5
20662,1,64.15,0,20,0,1,0,2,1199,0,0,0,0,10,0,0,19,13,11,3
96861,1,67.2,15,24,0,0,0,1,955,0,0,0,0,44,10,0,2,10,4,3
79760,1,58.38,9,23,0,1,1,5,940,0,0,0,0,17,30,0,15,19,7,5
10683,1,32.33,16,15,0,1,0,0,2001,0,0,0,1,9,0,0,6,5,2,2
48473,0,49.54,14,14,1,0,0,1,1166,0,0,0,0,41,35,0,18,11,4,4
63453,1,24.04,10,18,0,0,0,2,2286,0,0,1,0,16,20,0,0,3,6,1
14636,1,26.15,5,22,0,0,0,1,2366,0,0,0,0,24,0,0,9,16,6,0
94556,1,39.54,21,17,0,3,0,2,1887,0,0,0,0,28,0,0,22,21,7,0
56427,1,758.41,6,21,0,2,1,0,551,0,0,0,0,18,25,0,4,18,2,1
68493,0,37.81,12,19,0,3,0,3,1568,0,0,0,0,8,15,0,22,28,5,2
20859,1,21.84,10,14,0,1,0,2,1577,0,1,0,1,15,15,0,23,24,5,5
76917,1,43.79,7,15,1,1,0,1,400,0,0,0,0,23,10,0,8,27,7,6
71910,1,76.42,11,15,0,0,0,1,115,0,0,0,0,44,10,0,20,23,8,5
68526,1,20.06,17,15,0,2,0,3,2417,0,0,0,0,28,0,0,6,24,7,3
98790,1,21.3,16,15,0,2,1,2,2050,0,0,0,1,27,10,0,3,29,4,1
72683,1,83.74,7,15,0,7,0,3,479,0,0,0,0,4,15,0,4,6,10,0
49809,1,10.7,5,20,0,4,0,4,1601,0,0,0,1,17,15,0,16,24,10,4
35652,1,3.91,13,17,0,1,0,4,1413,0,0,0,1,23,0,0,5,29,7,1
85471,1,41.14,12,13,0,0,0,3,2270,0,0,0,1,21,0,0,1,13,7,6
29986,1,56.03,7,18,0,0,0,2,435,0,0,0,0,21,0,0,17,14,4,0
89941,1,6.26,14,19,0,1,0,3,57,0,0,1,0,3,20,0,9,14,1,1
71213,0,84.42,16,18,0,1,0,2,2185,0,0,0,0,11,15,0,4,1,9,0
76506,1,26.64,7,13,0,1,0,3,730,0,1,0,0,24,15,0,20,20,5,1
37336,1,17.65,13,26,0,0,1,2,1575,0,0,0,1,6,10,0,8,8,4,1
61218,1,35.15,3,17,1,3,1,2,1207,0,0,0,0,44,30,0,12,20,6,4
46003,1,55.41,14,10,0,0,0,3,1764,0,0,0,1,17,0,0,17,1,7,1
95282,0,9.45,13,24,0,0,0,3,32,0,1,0,0,13,30,1,4,4,12,3
19093,1,8.86,17,18,1,2,0,2,1391,0,0,1,0,11,30,0,2,11,10,5
56414,1,46.61,19,20,1,2,0,2,327,0,0,0,0,34,10,0,7,30,9,1
29411,1,27.75,14,12,1,0,0,5,580,0,0,0,1,25,30,0,21,23,10,3
17304,1,31.94,22,22,0,0,0,2,2290,0,0,0,0,7,0,0,14,7,1,1
35084,1,36.39,16,27,0,4,0,0,827,0,0,1,0,2,35,1,13,12,10,6
33482,0,68.35,5,16,0,6,1,3,2285,0,0,0,0,42,50,0,10,15,7,1
56061,1,45.51,5,22,0,1,0,1,1095,0,0,0,0,21,0,0,10,20,10,0
95716,0,3.34,14,12,0,0,0,3,1711,0,0,0,1,37,25,0,10,10,3,0
63705,0,46.61,12,20,0,0,0,1,2120,0,0,0,0,32,15,0,12,22,2,5
61864,0,17.03,19,16,0,1,0,0,1648,0,0,0,0,2,15,0,15,8,2,5
85448,1,18.55,15,15,0,1,0,3,793,0,0,0,0,38,10,0,23,9,8,5
71564,1,68.43,13,21,0,0,0,0,1616,0,0,0,1,1,0,0,18,2,7,2
82241,1,39.88,1,28,0,4,0,3,1040,0,0,1,0,30,35,1,3,29,7,1
97109,1,16.77,21,14,0,1,1,4,1471,0,0,0,0,38,20,0,17,11,5,6
92959,1,22.87,13,20,0,6,0,3,1303,0,0,0,0,28,15,0,12,29,12,0
76527,0,61.76,19,23,0,2,0,2,625,0,0,0,0,42,25,0,16,14,6,5
97741,1,28.81,1,17,0,0,0,1,812,0,1,0,1,31,15,1,7,24,11,0
97702,1,6.14,10,18,0,1,0,2,1139,0,0,0,0,31,0,0,12,29,11,5
55286,1,21.6,14,18,0,1,0,0,1833,0,0,0,1,40,10,1,8,21,10,1
87692,1,34.36,9,20,0,1,0,0,438,1,0,0,2,28,35,0,14,19,12,4
39627,1,30.56,7,21,0,1,0,2,557,0,1,0,2,20,25,0,17,5,7,5
38954,1,45.19,13,23,0,0,0,2,1362,0,0,0,1,10,0,0,21,29,11,5
64250,1,4.26,8,14,0,0,0,2,791,0,0,0,1,34,0,0,23,12,1,6
30247,1,11.67,14,9,0,1,0,2,1921,0,0,0,0,27,0,0,21,7,5,2
24048,0,66.54,7,12,0,1,0,2,453,0,0,0,1,31,15,0,4,12,8,1
39175,1,100.52,10,15,0,1,0,4,283,0,0,0,0,24,0,0,23,11,5,6
61898,0,27.83,16,22,0,0,0,3,2361,0,0,0,0,20,15,0,11,17,3,0
83130,1,19.97,9,25,0,1,0,2,144,0,0,0,0,21,0,0,22,10,8,6
47247,1,10.54,16,21,0,1,0,1,306,0,0,0,0,2,0,0,22,27,10,0
81682,1,61.23,7,22,0,0,1,8,1836,0,0,0,0,13,30,0,22,11,10,5
80066,1,10.6,16,17,0,3,0,1,479,0,0,0,0,1,0,0,4,20,11,3
27545,1,51.54,21,14,1,3,0,1,1406,0,0,0,0,15,10,0,5,22,9,0
69949,0,92.46,5,9,0,1,0,3,1678,0,0,0,0,6,15,0,21,12,5,0
87009,0,34.92,6,24,0,1,0,1,283,0,1,0,0,9,30,0,5,3,9,2
21718,1,34.77,14,16,0,0,0,6,740,0,0,0,0,19,20,0,19,8,3,5
25539,1,24.99,18,11,0,2,0,2,582,0,1,0,0,10,15,0,9,21,4,0
81218,1,60.83,18,22,0,5,0,1,684,0,1,0,0,23,30,0,11,22,10,2
30844,0,0.8,17,21,0,1,0,4,1427,0,0,0,0,5,15,0,1,23,6,0
27686,1,77.26,10,13,0,1,0,0,681,0,0,0,0,27,0,0,17,17,11,0
57756,1,20.39,8,21,0,2,0,3,603,0,0,0,0,16,0,0,1,15,1,2
36670,1,48.03,7,20,0,2,0,3,799,0,0,0,0,35,0,0,11,13,2,3
71148,1,15.63,11,26,0,1,0,0,1722,0,0,0,0,1,0,0,12,28,7,0
97738,1,30.55,13,13,0,2,1,2,2224,0,0,0,0,38,20,0,14,17,11,0
83469,1,12.63,15,18,0,4,0,1,1203,0,0,0,0,18,15,0,21,6,5,1
61738,1,28.25,6,11,0,2,0,1,2066,0,0,0,0,31,0,0,3,1,10,2
92709,1,97.39,18,14,1,3,0,3,523,0,0,0,0,42,20,0,20,4,8,0
31209,0,5.74,16,23,1,7,0,4,1956,0,0,0,0,14,40,0,4,1,1,2
21414,1,61.47,18,19,0,4,0,9,2477,1,0,0,1,40,70,1,14,31,7,3
40579,1,10.46,6,10,0,1,1,2,243,0,0,0,0,16,10,0,8,17,7,3
54034,1,1.01,10,18,0,4,1,4,1832,0,0,0,0,32,25,0,11,30,6,0
11977,0,53.24,8,14,0,0,0,3,163,0,0,0,0,20,15,0,19,20,6,4
16473,1,12.55,12,18,0,3,1,4,1286,0,0,1,1,44,40,0,18,29,11,5
56631,1,69.93,9,15,1,0,1,4,1540,0,0,0,0,3,20,0,4,29,7,1
91764,1,53.0,7,22,0,6,0,2,1407,0,0,0,0,41,25,0,20,20,9,5
64197,1,3.64,18,16,0,0,0,4,1260,0,0,0,0,2,0,0,22,16,6,0
85376,1,8.11,10,15,0,1,0,2,938,1,0,0,1,21,25,0,6,12,12,4
75374,0,16.62,8,15,0,3,0,0,1701,0,0,0,0,14,15,0,10,7,8,3
82916,0,22.28,12,23,1,1,0,4,1569,0,0,0,1,25,25,0,1,4,12,3
75491,0,548.84,8,15,0,1,0,2,1494,0,0,0,0,14,30,0,22,26,10,6
57074,1,4.99,23,23,0,0,0,2,2030,0,0,0,1,28,0,0,20,20,8,2
31390,1,85.01,11,17,0,0,0,3,500,0,0,0,0,1,0,0,3,15,1,2
92107,1,29.16,0,24,0,1,0,2,1323,0,1,0,0,28,15,0,11,26,5,0
43067,1,18.83,14,22,1,0,0,0,939,0,1,0,0,39,35,0,13,27,2,3
52016,1,31.38,14,18,0,4,1,6,1043,0,0,0,1,2,45,0,1,14,1,1
25758,1,26.89,6,21,0,0,0,3,408,0,1,0,0,34,15,0,11,16,4,2
15602,1,50.57,16,19,0,0,1,6,1569,0,0,0,1,44,40,0,2,25,9,3
40993,1,95.12,13,13,0,4,0,2,359,0,0,0,0,20,15,0,23,6,2,3
92048,1,69.9,6,20,0,7,0,4,495,0,0,0,1,3,15,0,10,15,10,2
17721,1,9.04,12,22,0,0,0,1,2294,0,0,0,1,18,0,0,17,10,8,6
66986,1,6.57,11,16,0,1,1,1,1260,0,0,0,0,27,10,1,11,26,12,4
79662,1,14.78,16,14,0,0,1,2,269,0,0,0,0,13,10,0,8,15,4,1
50548,1,570.87,7,20,0,2,0,3,815,0,0,0,0,17,15,0,20,22,11,5
20872,1,1251.27,10,17,0,2,1,3,979,0,1,0,0,9,40,0,2,11,7,4
20128,1,11.07,10,19,0,2,0,3,1359,0,0,0,1,20,0,0,3,15,2,5
14171,1,72.65,4,16,0,2,0,1,389,0,0,0,0,34,0,0,6,8,4,1
26292,1,38.26,8,14,0,1,0,0,2035,0,0,0,0,22,0,0,11,21,7,0
57136,1,97.08,13,21,0,0,1,4,2331,0,0,0,1,30,10,0,15,21,10,1
87578,1,978.94,16,15,1,1,0,3,1633,0,1,0,0,43,50,0,22,6,12,5
64154,1,12.61,8,16,0,7,0,4,1770,0,0,0,1,1,15,0,7,24,10,4
72932,0,21.37,12,17,0,1,0,4,1224,0,0,0,0,1,15,0,19,25,3,1
91359,1,30.45,0,25,0,4,1,2,2055,0,0,0,0,15,25,0,11,6,2,3
45793,1,60.43,6,13,0,2,0,2,1546,0,0,0,2,10,10,0,5,12,3,2
87444,1,63.93,15,16,0,2,0,3,2245,0,0,0,0,38,10,0,13,31,7,3
14713,1,79.89,8,22,0,3,0,4,1371,0,0,0,0,34,0,0,0,24,7,3
63224,1,37.56,12,23,1,10,1,1,2209,0,0,0,0,42,45,0,13,10,4,3
13340,1,66.61,9,18,0,1,0,3,1242,0,0,0,0,27,0,0,22,12,5,0
89151,0,92.5,9,24,0,1,0,1,2162,0,0,0,0,23,15,0,14,29,12,0
27296,1,37.49,11,19,0,0,0,3,134,0,0,0,0,3,0,0,16,4,9,3
54189,0,41.17,14,23,0,0,0,2,2068,0,0,0,1,15,15,0,18,8,8,4
99871,0,12.3,19,20,0,2,0,2,2193,0,0,0,2,24,25,0,1,3,1,4
10544,0,37.56,23,16,0,1,0,3,702,1,0,0,0,7,40,0,0,1,3,5
15111,1,35.72,9,15,1,1,0,8,681,0,0,0,0,13,30,0,4,30,3,6
64544,1,23.17,5,15,0,1,0,2,2281,0,0,0,2,11,10,1,16,16,4,2
77999,1,60.59,16,21,0,2,0,2,2231,0,0,0,0,41,10,0,20,25,1,5
66688,1,51.95,17,18,0,4,0,2,1687,0,0,0,1,12,15,0,21,16,6,0
88132,1,82.55,13,21,0,3,0,1,1064,0,0,0,0,5,0,0,20,12,8,1
19881,0,1.28,14,16,0,0,0,4,1054,0,0,0,0,34,15,0,13,28,7,0
31599,0,63.94,11,17,0,3,1,2,1863,0,0,0,0,5,25,0,11,14,11,4
89138,1,29.13,15,17,0,1,1,4,661,0,0,0,0,27,10,0,9,8,10,2
73760,1,30.35,10,12,0,1,0,0,260,0,0,0,0,21,0,0,7,27,11,3
13703,0,46.75,9,17,0,4,0,2,1621,0,0,0,0,4,30,0,15,18,10,5
33880,1,1224.54,15,22,0,0,0,4,841,0,1,0,1,10,30,0,7,16,2,6
97781,1,43.87,11,26,0,1,0,6,474,0,0,0,0,44,30,0,3,16,4,2
79169,1,66.72,6,17,0,1,0,4,343,0,0,0,0,40,10,0,3,23,8,5
64305,1,44.97,21,20,0,5,0,0,1781,0,0,0,0,12,15,0,3,9,6,0
26090,1,0.03,16,10,1,3,1,0,439,0,0,0,0,36,30,0,20,12,7,5
93023,1,28.81,4,21,0,3,0,2,1213,0,0,0,1,40,10,0,2,16,2,6
97282,1,53.44,17,18,0,2,0,4,1376,0,0,0,0,41,10,0,19,8,4,1
95934,1,57.63,23,25,0,1,0,3,351,0,0,0,0,20,0,0,12,17,10,4
85618,1,34.95,4,17,0,1,0,4,2146,0,0,0,1,11,0,0,14,3,8,6
78673,1,45.44,16,22,0,5,1,3,2290,0,0,0,1,28,25,0,1,10,10,4
37909,1,21.56,7,18,0,1,0,2,798,0,0,0,0,10,0,0,7,20,9,5
98172,1,28.45,12,17,0,7,0,3,884,0,1,0,0,20,30,0,4,15,6,6
38313,1,22.7,14,12,0,1,0,3,796,0,0,0,0,38,10,0,21,6,7,6
64082,1,60.72,16,13,0,2,0,1,1190,0,1,0,1,25,15,1,3,8,7,1
43734,1,31.2,9,24,0,2,0,3,153,0,1,0,1,19,15,0,3,30,11,6
72440,1,78.35,2,15,0,0,0,1,765,0,0,0,0,28,0,0,4,25,8,0
27284,0,101.9,13,17,0,0,1,2,1094,0,0,1,1,14,45,0,7,18,3,1
43664,1,22.32,2,18,0,2,1,3,830,0,0,0,0,2,10,0,0,31,7,3
31464,0,58.53,17,20,0,1,0,3,2184,0,0,0,2,12,25,0,22,25,5,6
66346,1,3.99,0,16,1,0,0,1,1532,0,0,0,0,6,10,0,10,17,12,2
65016,1,13.65,13,16,0,3,0,2,1478,0,0,1,1,23,20,0,15,29,6,6
26829,1,24.57,17,12,0,3,1,0,999,0,0,0,0,5,10,0,3,4,1,5
69737,1,88.29,16,25,0,0,0,3,633,0,0,0,1,28,0,0,15,11,6,2
63470,1,18.07,14,16,0,3,0,2,2313,0,0,0,0,42,10,0,10,1,4,1
27801,1,68.61,12,22,0,2,0,4,693,0,0,0,0,24,0,0,19,30,10,3
62706,1,42.3,8,17,0,1,0,0,338,0,0,0,0,8,0,0,16,28,6,5
92363,1,998.12,18,15,0,3,0,4,828,0,0,0,0,4,15,0,21,9,12,1
79984,1,0.79,16,19,0,1,0,1,1466,0,0,0,0,5,0,0,2,5,12,4
55811,1,14.88,10,21,1,3,0,3,1631,0,0,0,0,26,10,0,11,27,10,0
40620,0,69.27,16,17,0,0,1,7,108,0,0,0,0,44,55,0,3,28,6,5
96777,1,30.73,19,25,0,0,0,8,497,0,0,0,0,38,30,0,7,18,12,3
10526,1,7.78,23,19,0,1,0,2,303,0,0,1,0,11,20,0,19,18,8,0
29357,1,68.27,10,24,0,4,0,0,679,0,0,0,2,39,35,1,6,28,1,1
48664,0,54.31,9,19,0,2,1,5,1851,0,0,0,0,29,45,0,14,25,10,5
58359,0,49.75,14,22,0,2,0,0,249,0,0,0,0,9,15,0,7,9,8,5
85335,0,15.7,12,18,0,0,0,2,666,0,1,0,0,33,30,0,23,9,7,2
33319,1,23.05,23,16,1,0,0,3,1819,0,1,0,0,37,35,0,21,22,8,4
55449,1,1.91,11,21,0,5,0,6,37,0,0,0,0,25,35,0,18,14,7,0
93064,1,78.32,23,16,0,1,0,3,1626,0,0,0,0,18,0,0,18,21,5,2
75196,1,366.5,8,18,0,3,0,1,1860,0,0,0,0,17,0,0,23,19,9,4
16093,1,44.3,4,17,0,1,0,3,2015,0,0,0,0,17,0,0,12,10,5,5
22731,1,34.36,14,19,0,4,0,1,1873,0,0,0,0,16,15,0,14,16,6,0
83695,1,245.05,14,19,0,0,0,2,2203,0,0,0,1,31,0,0,19,30,10,3
25633,1,24.84,20,23,0,1,0,1,743,0,0,0,0,18,0,0,14,13,1,0
47146,1,71.3,3,16,0,0,0,2,1122,0,0,0,0,30,0,0,17,17,11,0
29189,0,39.09,12,16,1,0,0,3,2497,0,1,0,0,20,40,0,0,10,4,3
71916,0,8.16,14,17,0,0,0,1,2401,0,0,0,1,15,15,0,4,15,5,3
63606,1,34.81,17,18,0,2,0,1,421,0,1,0,0,11,15,0,20,10,6,1
31293,1,23.46,10,11,1,2,0,1,2228,0,0,0,0,31,10,0,3,23,11,6
79195,1,62.08,8,17,0,2,1,8,563,0,0,0,0,34,30,0,5,31,12,2
93531,1,39.6,9,21,0,1,0,2,1853,0,1,0,0,3,15,0,13,15,10,2
43055,1,43.22,18,24,0,5,0,0,636,0,0,0,2,30,25,0,18,23,8,5
20114,1,41.02,13,17,0,2,1,2,1632,0,0,0,0,7,10,0,1,15,7,1
83180,1,3.6,10,24,0,3,1,2,233,0,0,0,1,43,20,0,1,21,2,4
74057,0,19.06,12,23,0,2,0,3,173,0,0,0,0,40,25,0,8,14,5,2
42736,1,801.95,11,16,0,0,0,1,1283,0,0,0,0,35,15,0,11,10,2,0
45277,1,49.04,10,18,0,2,0,4,1370,0,0,0,1,21,0,0,2,1,11,5
91361,1,98.26,10,22,0,0,1,2,2457,0,0,0,0,19,10,0,0,25,9,3
93480,1,28.8,9,8,0,0,0,1,1816,0,1,0,0,12,15,0,2,25,5,6
16073,1,107.85,6,18,1,1,0,5,1241,0,0,0,1,32,30,0,17,15,9,0
67784,1,14.21,15,17,0,4,0,3,1952,0,0,0,0,13,15,0,6,16,8,5
67276,1,74.08,9,18,0,0,0,2,127,1,1,0,0,5,40,0,20,22,5,3
21521,1,19.08,7,16,1,2,0,4,1970,0,1,0,0,13,25,0,22,24,8,6
54529,1,12.67,11,13,0,0,1,5,1758,0,0,0,2,36,50,0,8,26,11,2
65916,1,28.47,10,13,0,1,0,1,529,0,0,0,0,16,0,0,15,2,10,3
96120,0,59.72,14,28,0,0,1,1,1936,0,0,0,0,26,25,0,7,4,1,5
32521,1,4.13,10,19,0,0,0,2,897,0,0,0,0,18,0,0,2,27,10,0
99046,0,58.01,13,16,0,2,0,3,1221,0,0,0,1,9,15,0,7,20,11,3
24414,1,753.67,0,17,0,1,0,1,1549,0,0,0,0,34,15,0,16,2,4,2
84976,1,21.77,6,27,0,2,0,1,910,0,0,0,0,31,0,0,5,8,11,5
76984,1,708.04,11,15,0,0,0,1,1241,0,0,0,0,43,25,0,16,27,4,6
53552,1,24.38,17,19,0,2,0,4,759,0,0,0,1,20,0,0,2,21,9,6
90618,1,38.51,10,21,0,0,0,1,1813,0,0,0,1,36,10,0,13,31,12,2
86234,1,28.09,11,32,0,2,0,2,871,0,0,0,1,35,0,0,2,26,5,0
68029,1,57.54,10,12,0,2,0,0,1594,0,0,0,1,1,0,0,19,26,6,3
82693,1,66.14,11,19,0,3,0,1,457,0,0,0,0,23,0,0,10,29,10,2
60658,1,68.54,10,20,0,1,0,1,1773,0,0,0,0,6,0,0,7,19,11,2
14967,1,0.41,13,19,0,1,0,4,103,0,0,0,0,18,0,0,20,29,1,2
79409,1,41.67,1,14,0,0,0,3,2298,0,0,0,0,18,0,0,22,22,8,4
21112,1,1.12,13,20,0,0,0,4,2394,0,0,0,1,27,0,0,1,25,2,1
71067,1,34.95,12,14,0,2,0,2,1494,0,0,0,0,41,10,0,10,3,12,2
58298,0,23.21,15,18,0,0,1,6,46,0,0,0,0,30,45,0,16,6,3,3
51865,1,48.81,11,13,0,0,1,2,2097,0,0,0,1,16,10,0,8,7,8,3
69391,1,60.29,14,17,0,3,0,2,1985,0,0,0,0,42,10,0,1,23,8,5
39050,0,7.42,11,15,0,1,1,3,86,0,1,0,0,24,40,0,20,14,6,5
10499,1,25.94,19,19,0,1,0,1,189,0,0,0,0,39,10,0,7,2,8,5
88508,1,6.73,9,20,0,6,0,2,536,0,0,0,1,4,15,0,8,22,9,0
42974,1,1111.37,20,16,1,3,1,2,2433,0,0,0,1,31,35,0,4,23,12,1
65176,1,35.81,11,17,0,1,0,2,1018,0,0,0,0,6,0,0,15,18,6,2
51450,0,30.48,12,21,0,3,0,1,1508,0,0,0,1,14,15,0,2,20,8,2
22822,1,57.6,5,20,0,1,1,4,725,0,0,0,0,37,20,0,16,1,10,2
39929,1,46.71,11,13,0,3,0,1,261,0,0,0,0,32,0,0,9,12,2,2
53204,0,9.37,15,19,0,1,0,0,2247,0,0,0,0,10,15,0,3,8,4,1
51882,1,48.36,16,19,0,0,0,0,2311,0,0,0,1,21,0,0,19,9,6,0
10628,1,44.59,14,21,0,1,1,1,1147,0,1,0,1,43,35,0,3,22,8,4
47520,0,3.24,7,22,0,2,0,2,2413,0,1,0,0,2,30,0,21,3,1,4
79899,1,64.63,12,21,0,7,0,1,2034,0,0,0,0,30,15,0,9,4,8,0
60853,1,68.69,18,16,0,1,0,1,1935,0,1,0,0,34,15,0,4,23,10,3
45448,0,12.59,11,15,0,2,1,1,1571,0,0,0,0,12,25,0,0,3,10,4
95787,1,54.7,12,16,1,1,0,0,538,0,0,0,0,10,10,0,11,20,10,0
28433,0,32.67,6,23,0,0,0,2,1050,0,0,0,1,5,15,0,10,13,4,6
52285,1,54.49,15,20,0,1,0,2,2063,0,0,1,0,31,20,0,17,25,5,6
98647,1,52.72,13,20,0,0,0,3,1256,0,0,0,0,24,0,0,21,8,2,5
94387,1,765.62,10,17,0,0,1,1,580,0,0,0,0,7,25,0,11,9,10,3
84642,1,42.95,17,15,0,0,0,1,1251,0,0,0,0,18,0,0,13,20,3,3
62994,0,31.8,11,18,0,3,0,4,1739,0,0,0,0,29,15,0,17,20,1,0
87515,1,3.66,15,14,0,2,0,0,1141,0,0,0,0,25,0,0,11,6,3,3
50575,1,56.99,11,24,0,2,0,2,1229,0,0,0,0,15,0,0,21,24,1,4
80061,1,510.76,10,15,0,2,1,2,1990,0,0,0,0,3,25,0,11,2,1,3
32001,1,47.21,10,17,0,3,1,1,1595,0,0,0,0,44,20,0,9,21,3,4
90941,0,31.55,0,18,0,2,0,0,1515,0,0,0,1,2,15,0,16,19,3,2
56004,1,57.14,17,22,0,1,0,3,1510,0,0,0,1,11,0,0,3,10,5,5
47263,0,31.73,4,11,0,1,0,1,675,0,0,0,0,44,25,0,10,20,6,4
86060,1,37.96,21,11,0,2,0,0,1652,0,1,0,0,11,15,0,18,29,11,5
10230,0,52.61,18,17,0,0,0,3,565,1,1,0,0,43,65,0,10,25,5,6
47876,1,77.36,16,20,0,1,0,4,2205,0,0,0,0,40,10,1,6,24,9,2
62460,0,54.97,21,21,0,0,0,2,2128,0,0,0,0,20,15,0,11,20,6,4
90290,1,18.19,12,11,0,2,0,4,486,0,0,0,1,30,0,0,18,17,12,2
38702,1,15.53,9,13,0,1,0,0,1231,0,0,0,0,26,0,0,18,27,3,3
56990,0,2.39,20,20,0,3,0,1,2132,0,0,0,1,9,15,0,5,7,9,6
98278,1,20.76,13,18,0,3,0,2,1845,0,0,0,1,1,0,0,7,22,7,1
69616,1,32.96,9,19,1,0,0,1,197,0,0,0,0,29,10,0,9,12,5,0
18016,1,9.23,20,25,0,1,0,2,2181,0,0,0,0,30,0,0,16,28,10,1
62479,0,37.85,15,13,0,2,0,3,616,0,0,0,0,13,15,0,1,7,4,0
98402,0,64.11,10,19,1,2,0,1,1951,0,0,0,0,22,25,0,2,22,1,2
29225,1,77.6,16,19,0,0,0,4,701,0,0,0,0,16,0,0,14,15,12,0
61683,1,3.01,0,17,0,1,1,3,1582,0,0,0,1,41,20,0,20,5,7,5
86379,0,154.72,15,25,0,1,1,2,1047,0,0,0,0,20,25,0,0,10,11,0
59019,1,50.55,5,14,0,1,0,3,663,0,0,0,0,25,0,0,11,8,12,0
15412,1,23.57,7,17,0,1,0,3,1098,0,1,0,0,26,15,0,21,17,5,5
24214,0,62.25,21,20,0,1,0,4,1922,0,0,0,0,10,15,0,15,18,4,4
45268,0,48.88,17,23,0,2,0,1,2098,0,0,0,0,18,15,0,3,30,11,6
30447,1,82.28,19,12,1,0,0,0,182,0,0,0,0,25,10,0,3,16,8,5
50112,0,35.8,11,17,0,1,0,3,2327,0,0,0,1,11,15,0,12,14,11,4
17856,1,11.8,17,17,0,1,0,0,2121,0,0,0,1,23,0,0,4,16,6,0
50100,1,5.04,15,16,0,2,0,0,1760,0,1,0,0,32,15,0,4,22,10,2
89127,1,13.28,14,21,1,2,0,0,1499,0,0,0,0,16,10,0,13,29,4,1
58816,0,33.72,15,15,0,2,0,5,779,0,0,0,0,35,35,0,5,11,5,6
12142,1,91.76,10,21,0,1,0,1,1477,0,0,0,0,1,0,0,15,26,10,6
24645,0,17.53,12,18,0,4,0,0,626,0,0,0,1,16,30,0,12,30,12,1
89706,0,13.03,8,13,0,1,0,2,643,0,0,0,0,3,15,0,4,10,10,4
13492,1,491.18,12,19,1,1,0,0,632,0,0,0,0,13,10,0,23,2,2,6
87977,1,50.83,19,29,0,3,0,2,751,0,0,0,0,36,10,0,4,19,12,4
67957,0,5.84,13,19,0,1,1,4,2242,0,0,0,1,20,25,0,15,26,12,4
16771,0,17.82,7,15,0,3,0,2,631,0,0,0,0,44,25,1,4,12,10,6
99518,1,5.59,12,20,0,3,1,1,55,0,1,0,1,35,25,0,14,25,6,2
15418,1,4.86,7,14,0,1,0,2,2064,0,0,0,0,28,0,0,14,16,11,6
13899,1,325.07,14,18,0,3,0,2,1882,0,0,0,1,27,0,0,9,27,1,0
85732,0,1.86,15,24,0,1,0,1,1859,0,0,0,0,15,15,0,18,9,8,5
72018,1,21.2,17,21,0,2,1,3,2045,0,0,0,1,23,10,0,22,27,7,6
87360,1,48.68,14,22,1,2,0,1,812,0,0,0,0,14,10,0,10,7,5,2
95411,1,1.03,13,16,0,6,0,1,2030,0,0,0,0,22,15,0,6,29,7,1
67154,1,19.76,0,25,0,0,0,2,1075,0,0,0,1,23,0,0,1,4,9,3
10316,1,93.45,0,14,0,2,0,2,1259,0,0,0,0,25,0,0,18,22,12,0
25312,1,32.54,18,22,0,1,0,2,1645,0,0,0,0,28,0,0,13,4,10,5
36518,1,25.15,7,23,1,0,0,0,895,0,0,0,0,18,10,0,23,24,5,5
19978,0,47.36,12,10,0,0,0,1,1279,0,0,0,1,11,15,0,16,22,6,6
43396,0,72.47,15,21,0,1,0,3,2247,1,0,0,1,25,40,1,14,31,12,2
38285,1,29.2,15,20,0,2,0,8,506,0,0,0,0,27,20,0,12,12,11,2
67782,1,3.32,8,23,0,1,0,1,1035,0,0,0,0,20,0,0,0,15,4,1
95844,1,61.06,12,19,0,0,0,4,414,0,0,0,0,29,0,0,22,3,10,4
17823,1,70.32,0,16,0,1,1,4,1195,0,0,0,1,10,10,0,20,17,3,0
88399,1,12.1,12,19,0,2,1,6,51,0,0,0,0,18,30,0,14,16,9,1
66733,1,75.83,10,13,0,1,0,3,1455,0,0,0,1,33,0,0,13,11,1,5
62409,1,259.99,12,20,0,0,0,0,575,0,0,0,0,30,0,0,4,30,8,5
56940,1,47.1,10,10,1,1,0,1,554,0,0,1,1,24,30,1,0,29,6,6
39247,1,58.34,9,20,0,0,0,3,1478,0,0,1,0,27,20,0,3,26,6,3
89194,1,70.65,21,22,0,0,0,1,1130,0,0,0,0,13,0,0,8,13,4,6
81116,0,45.04,14,26,0,1,0,1,1718,0,0,0,0,29,15,0,15,15,4,1
45624,1,11.81,10,14,0,0,0,4,150,0,0,0,1,14,0,0,5,20,8,2
25428,1,94.01,11,17,1,2,0,2,1855,0,0,0,0,36,20,0,4,13,12,5
55224,1,35.47,5,15,0,2,0,2,1410,0,0,0,1,13,0,0,5,31,1,4
47645,1,43.99,15,22,0,2,0,3,252,0,0,0,1,31,0,0,22,10,2,0
65190,1,11.05,21,15,0,1,1,2,273,0,0,1,0,7,30,1,6,2,8,5
63458,1,0.24,12,13,0,3,0,1,1824,0,0,0,0,35,0,0,9,3,11,0
58683,0,33.01,14,17,1,5,0,2,1211,0,0,0,0,28,40,0,23,20,9,5
79519,0,37.3,13,14,0,1,0,0,1332,0,0,0,1,14,15,0,9,27,10,0
78249,1,72.05,9,22,0,2,0,2,2028,0,0,0,0,40,10,0,12,17,12,2
77657,1,17.19,18,22,0,1,0,3,2489,0,0,0,0,13,0,0,20,10,9,2
78887,1,23.48,12,24,0,1,0,1,2239,0,0,0,0,6,0,0,6,4,9,3
35223,1,34.92,3,16,0,1,1,1,773,0,0,0,0,32,10,0,18,29,4,1
68259,1,41.28,17,22,1,1,0,6,1516,0,0,0,0,5,30,0,1,24,7,3
71841,0,78.22,17,9,0,1,1,1,1066,0,0,0,0,42,35,0,14,4,2,1
86827,0,53.15,13,17,0,1,0,1,1074,0,0,0,0,21,15,0,13,9,6,0
67473,1,64.29,15,30,0,1,0,0,661,0,0,0,0,43,10,0,1,23,11,6
50162,0,104.46,19,21,0,1,0,2,691,0,0,0,0,7,15,0,10,25,8,0
30449,1,20.67,5,10,0,2,1,1,1638,0,0,0,1,2,10,0,2,15,12,0
96161,1,40.45,9,10,0,3,0,3,2497,0,0,0,1,11,0,0,11,5,12,4
38700,1,51.85,9,16,0,4,0,2,2094,0,0,0,1,8,15,0,10,5,3,2
91494,1,14.1,10,22,0,2,1,1,1950,0,1,0,1,24,25,0,13,27,2,3
63103,1,2.31,9,17,0,1,0,3,394,0,0,0,0,14,0,0,22,8,7,1
19765,1,52.02,17,24,0,5,0,7,1817,0,0,0,0,42,45,0,2,26,11,2
42052,0,23.08,11,25,0,0,0,2,1747,0,0,0,0,29,15,0,19,12,10,6
29952,1,20.35,9,18,0,0,0,2,1820,0,0,0,0,5,0,0,9,7,8,3
78773,1,17.29,13,21,0,2,1,2,136,0,0,0,1,14,10,0,4,14,9,6
62392,1,60.14,20,16,0,1,0,3,897,0,0,0,0,30,0,0,3,26,10,6
60658,1,29.14,20,19,0,5,0,1,218,0,0,0,0,44,25,0,3,27,8,2
97740,1,724.67,6,17,1,0,0,1,142,0,0,0,1,3,25,0,15,29,9,0
51237,1,38.91,20,20,0,1,0,1,2143,0,0,0,1,29,0,0,4,20,3,3
79498,1,11.26,7,10,0,4,0,2,757,0,0,0,0,2,15,0,17,6,9,5
53772,1,61.62,15,21,0,4,0,1,1969,0,0,0,0,25,15,0,22,25,10,5
82007,1,49.14,13,22,0,9,1,3,2415,0,1,0,0,31,40,0,19,7,12,6
61910,1,4.6,8,15,1,0,0,4,2165,0,0,0,1,23,10,0,8,14,2,4
39011,0,21.97,13,21,0,0,1,1,1233,0,1,0,1,14,40,0,0,29,8,4
47276,0,42.63,13,17,0,0,0,2,1659,0,0,0,1,40,25,0,21,17,5,5
32253,1,29.44,10,21,0,2,0,3,640,0,0,0,1,42,10,0,8,21,10,1
21887,1,41.47,6,15,0,0,0,1,1051,0,0,0,0,13,0,0,6,24,11,0
61431,1,63.54,12,20,0,3,0,2,1417,0,0,0,1,12,0,0,8,26,10,6
63367,1,22.26,12,8,0,6,1,1,1687,0,0,0,3,25,35,0,17,7,8,3
93186,1,15.56,0,32,0,1,0,5,283,0,0,0,0,38,30,0,16,11,3,1
63386,1,29.6,10,23,0,0,0,4,1847,0,0,0,0,15,0,0,18,21,8,3
54264,0,41.17,16,15,0,1,0,3,53,0,0,0,1,6,15,0,10,11,4,4
95738,1,25.6,23,20,0,2,0,2,770,0,0,0,1,12,0,0,9,1,2,5
18221,1,194.03,2,22,0,1,0,2,443,0,0,0,0,38,10,0,20,12,8,1
10716,1,40.34,13,15,0,2,0,6,1299,0,0,0,0,42,30,0,2,9,4,2
29120,1,10.89,12,18,0,1,0,8,967,0,0,0,0,16,20,0,10,27,3,3
21186,1,38.55,7,15,0,1,0,3,2331,0,0,0,0,38,10,0,5,1,1,2
81255,1,18.97,10,21,0,3,0,2,2052,0,0,0,0,24,0,0,8,10,4,3
44174,0,3.81,20,21,0,0,0,1,2498,0,0,0,0,27,15,0,5,10,9,2
59114,1,16.19,9,13,0,2,0,1,2385,0,1,0,0,4,15,0,8,21,9,6
26360,0,49.19,0,25,0,3,0,5,675,0,0,0,0,21,35,0,17,28,8,3
37380,0,33.98,7,14,0,3,0,2,1875,0,0,0,0,11,15,0,9,21,2,4
25274,0,44.59,15,24,0,3,1,2,1146,0,0,1,0,24,45,0,4,21,2,4
83697,1,29.47,20,12,0,1,1,3,1251,0,0,0,0,28,10,0,0,10,11,0
89965,1,85.32,7,24,0,6,0,4,2387,0,0,0,0,36,25,0,14,27,10,0
22969,1,30.65,20,21,1,1,0,0,1807,0,0,0,0,39,20,0,6,13,11,3
41241,1,14.13,8,15,0,5,0,1,627,0,0,0,1,40,25,0,9,19,1,6
71194,1,7.26,6,19,1,2,1,2,1321,0,0,0,1,1,20,0,10,4,11,1
72185,1,242.24,15,14,0,2,1,3,1053,0,1,0,2,3,35,0,17,29,12,0
97547,1,19.84,16,12,0,1,0,4,2252,0,0,0,0,33,0,0,20,22,7,1
35089,1,32.58,16,12,0,0,0,2,297,0,0,0,0,13,0,0,4,20,9,5
64317,1,1.63,0,22,0,1,0,4,1790,0,0,0,0,20,0,0,0,21,4,0
58771,0,41.54,9,8,0,2,1,2,2243,0,0,0,0,26,25,0,7,28,4,0
72695,1,52.56,13,18,0,6,0,5,2155,0,0,0,0,28,35,1,4,11,9,3
14255,0,45.52,12,28,0,3,0,2,2384,0,0,0,0,24,15,0,2,21,5,2
50639,1,302.6,13,27,1,0,0,2,295,0,1,0,0,5,25,0,8,24,12,2
21969,1,10.19,20,20,1,1,0,0,2251,0,0,0,2,28,20,0,2,30,1,3
47586,0,5.32,23,20,0,0,0,5,2009,0,0,0,0,2,35,0,2,9,6,0
98738,1,666.76,2,14,0,0,0,3,1048,0,0,0,1,27,15,0,13,29,3,5
14955,1,6.59,8,10,0,2,0,0,2278,0,0,0,0,30,0,0,11,27,4,6
65813,0,29.45,0,18,0,0,0,6,2370,0,0,0,0,8,35,0,20,27,6,4
68458,0,46.92,12,13,0,6,1,3,40,0,0,0,2,12,50,0,9,11,10,5
59285,0,82.62,7,16,0,2,0,1,466,0,0,0,0,11,15,0,7,17,3,0
14502,1,31.89,13,21,0,2,1,4,884,0,0,0,0,32,10,0,0,16,12,1
43969,1,2.16,15,13,1,0,0,0,2165,0,0,0,0,29,10,0,17,19,2,2
70443,1,76.46,11,16,0,4,0,0,81,0,0,0,1,12,15,0,16,25,8,0
38625,1,68.17,18,14,0,1,0,1,1638,0,1,0,0,31,15,0,18,18,7,4
43276,1,44.57,3,22,0,3,0,6,137,0,0,0,0,35,20,0,6,12,4,5
88963,0,3.24,10,9,0,1,0,3,2213,1,0,0,0,8,40,0,15,22,9,0
94746,0,14.66,13,15,0,0,0,4,509,0,0,0,0,9,15,0,12,15,3,5
81907,1,39.36,23,25,0,2,0,1,2200,0,0,0,1,34,0,0,19,4,9,3
28578,1,23.78,10,15,0,0,0,4,1215,0,0,0,1,12,0,0,21,13,2,3
40426,1,82.78,10,17,0,3,0,5,1001,0,0,0,0,6,20,0,22,7,5,2
38530,1,27.08,18,17,0,3,0,0,1341,0,0,0,1,5,0,0,7,28,10,1
90249,1,1208.97,17,12,1,1,1,3,124,0,0,0,0,6,35,0,15,27,2,3
50021,1,20.25,11,19,0,5,1,0,2035,0,0,0,1,7,25,0,10,12,6,3
10480,1,53.12,15,15,0,1,0,1,346,0,0,0,0,42,10,0,19,11,5,6
85920,0,5.1,12,16,0,8,0,0,1232,0,0,0,0,14,30,0,9,28,9,6
65168,1,19.28,6,18,0,1,0,0,1502,0,0,0,0,7,0,0,23,24,1,4
77696,1,43.92,1,21,1,1,1,0,1900,0,0,0,1,14,20,1,8,25,7,4
53861,1,517.76,13,23,1,5,0,9,2483,0,0,0,1,35,60,1,0,15,12,0
33775,1,786.84,20,18,0,0,0,3,617,0,0,0,1,8,15,0,16,16,3,6
67796,1,4.24,10,19,0,1,0,3,1497,0,0,0,1,4,0,0,6,7,11,4
29195,1,25.82,15,22,0,1,0,1,2395,0,0,0,0,6,0,0,1,19,3,2
12927,1,41.92,11,13,0,3,1,1,1949,0,0,0,1,6,10,0,15,6,7,6
34079,1,39.15,8,22,0,1,0,6,427,0,0,1,0,27,40,0,22,8,4,1
41124,1,31.4,11,18,0,1,0,1,1836,0,0,0,0,37,10,0,2,20,4,6
43017,1,76.29,9,11,0,3,0,3,333,0,0,0,0,19,0,0,19,5,4,5
71159,0,15.92,19,18,0,0,0,0,2147,0,0,0,1,24,15,0,2,2,9,1
83108,0,9.58,11,15,0,1,0,2,1485,0,0,0,0,27,15,0,7,30,3,6
54623,1,20.32,8,16,0,8,0,0,1239,0,0,0,0,16,15,0,15,22,10,2
49322,0,65.26,10,12,1,3,0,6,1704,0,1,0,0,20,60,1,20,27,2,3
96672,0,28.55,16,18,0,5,0,0,1692,0,0,0,0,6,30,0,22,27,2,3
50334,0,61.38,13,20,0,0,1,5,978,0,0,0,1,14,45,0,19,22,10,2
20846,1,19.44,16,20,0,1,0,3,1676,0,0,0,0,34,0,0,11,7,4,0
48498,0,755.02,10,16,1,2,1,3,785,0,0,0,0,21,50,0,23,20,2,3
41419,0,21.9,19,18,0,5,0,3,1603,0,0,0,1,23,30,0,6,15,2,5
41680,1,62.14,10,14,1,0,0,3,1872,0,0,0,0,17,10,1,8,18,7,4
21851,1,41.42,12,11,0,2,0,2,2389,0,0,0,1,9,0,0,7,25,4,4
65171,1,20.4,5,26,1,5,0,2,1949,0,0,0,2,29,35,0,21,15,9,0
87108,1,31.97,10,16,0,1,1,3,2139,1,0,0,1,36,45,1,0,20,9,5
10359,1,19.34,13,22,0,1,1,3,2104,0,0,0,0,10,10,0,4,13,9,5
84117,1,59.14,14,24,0,3,1,1,41,1,0,0,1,32,35,0,19,27,6,4
35543,1,50.96,5,15,0,2,1,2,485,0,0,0,1,38,20,0,16,17,3,0
13374,1,51.53,11,22,0,4,0,5,848,0,0,0,0,9,35,0,12,5,6,3
21510,0,28.62,1,22,1,2,0,0,1946,0,0,0,0,29,25,0,6,19,7,5
58624,1,36.65,10,13,0,0,0,1,1674,0,0,0,1,7,0,0,16,9,4,2
58458,1,8.47,7,21,0,0,0,2,1577,0,0,0,0,41,10,0,7,17,9,2
91846,1,16.79,9,23,0,1,0,3,2455,0,0,0,0,9,0,0,22,18,4,4
93567,1,33.06,15,16,0,1,0,3,1307,0,0,0,0,44,10,0,5,1,3,5
21145,0,5.06,9,16,0,0,1,2,2008,0,0,1,1,29,45,0,1,27,6,4
66831,1,20.46,16,19,0,1,1,0,1946,0,0,0,2,6,20,0,8,11,8,0
17308,1,40.78,14,13,0,1,0,0,107,0,0,0,0,23,0,0,13,15,9,0
36699,1,55.73,15,19,0,1,0,2,929,0,0,0,0,22,0,0,19,29,5,3
27301,1,40.28,14,21,1,1,0,2,1906,0,0,0,0,5,10,0,23,24,9,2
11603,1,1182.14,12,21,0,0,0,2,287,0,0,0,1,2,15,0,10,5,10,6
65706,1,15.31,14,16,0,7,0,2,2468,0,0,0,0,43,25,0,3,30,1,3
73503,1,2.11,3,28,0,3,0,2,833,1,0,0,1,18,25,0,1,21,9,6
98440,0,48.26,13,13,0,2,0,2,1323,0,0,0,1,29,15,0,3,23,7,2
75203,1,17.75,19,21,0,2,0,1,2027,0,0,0,0,12,0,0,19,12,8,1
60132,1,33.85,14,18,0,1,0,4,928,0,0,0,0,42,10,0,8,15,10,2
39314,1,43.43,12,19,0,0,0,1,141,0,1,0,1,16,15,0,17,5,2,2
14024,1,15.79,16,18,0,2,0,3,1798,0,0,0,0,8,0,0,7,29,9,0
77704,1,19.68,18,19,0,1,0,1,147,0,0,0,0,13,0,0,22,8,10,2
94557,1,58.45,7,17,0,1,0,3,2029,0,0,0,0,5,0,0,2,8,4,1
77803,0,61.56,12,23,0,0,0,0,289,0,0,0,0,19,15,1,21,27,4,6
77877,0,29.26,10,17,0,2,0,2,2269,0,1,0,0,1,30,1,4,21,10,1
43095,1,40.36,12,23,0,1,0,1,2072,0,1,0,0,6,15,0,0,9,8,5
30999,1,50.32,7,13,0,2,0,3,1945,0,0,0,0,25,0,0,3,21,6,5
47124,1,50.74,6,24,0,2,0,1,322,0,0,0,0,28,0,0,2,23,10,3
92152,1,56.42,18,21,0,6,1,3,688,0,0,0,0,18,25,0,19,4,10,5
65206,1,71.45,14,25,0,0,0,3,361,0,0,0,0,1,0,0,0,3,6,1
44006,1,0.73,10,16,0,0,1,2,1020,0,0,0,1,36,20,0,4,14,6,5
18097,1,17.0,13,18,0,5,0,3,93,0,0,0,0,7,15,0,8,23,3,6
60669,0,19.71,13,12,0,7,0,3,1652,0,0,0,0,23,30,0,17,8,1,2
70528,1,26.92,14,22,0,0,0,4,424,0,0,0,0,8,0,0,5,21,6,5
77148,1,24.11,12,18,0,0,0,6,1274,0,0,0,0,41,30,0,5,29,5,3
33235,1,8.98,11,23,0,2,0,6,2292,0,0,0,1,42,30,0,0,13,9,5
84656,1,95.28,8,16,0,6,0,2,1955,0,0,0,0,25,15,0,20,2,8,5
21020,1,0.85,15,22,0,1,0,4,670,0,0,1,0,12,20,0,23,10,10,4
47427,1,22.6,17,20,0,0,0,1,1533,0,0,0,0,41,10,0,17,10,7,3
38082,1,1.38,16,15,0,1,0,0,2427,0,0,0,0,28,0,0,12,13,4,6
16223,0,5.5,6,16,0,0,1,0,1942,0,0,0,0,44,35,0,0,26,3,2
90156,1,28.53,8,26,0,7,0,5,214,0,1,0,0,34,50,0,8,18,9,3
66006,1,45.9,10,15,0,3,0,2,1400,0,0,1,0,3,20,0,10,25,6,2
68912,1,16.98,16,14,1,1,0,1,1483,0,1,0,0,13,25,0,3,13,8,2
84340,0,31.99,13,21,0,1,0,1,2186,0,0,1,1,8,35,0,7,25,12,3
15381,1,15.53,15,23,0,2,0,4,2463,0,0,0,0,38,10,0,10,15,11,5
92183,0,51.47,8,23,0,0,0,2,606,0,0,0,1,6,15,0,4,13,12,5
39941,1,49.23,7,15,0,1,0,2,2192,0,0,0,0,8,0,0,11,16,6,0
49749,1,99.01,18,11,0,0,0,4,2375,0,0,0,1,43,10,0,6,12,8,1
23715,0,14.76,13,16,1,1,1,0,2490,0,0,0,1,16,35,0,14,5,4,5
64806,1,8.72,12,27,0,1,1,2,1047,0,0,1,0,26,30,0,15,20,1,0
73900,1,26.69,19,17,0,2,0,1,1244,0,0,0,0,26,0,0,11,8,5,3
24171,1,39.0,13,12,0,8,0,3,1255,0,0,0,0,4,15,0,0,12,6,3
62742,1,29.05,12,22,0,0,0,3,1359,0,0,0,0,15,0,0,5,11,8,0
68907,0,10.43,13,16,0,1,0,2,1646,0,0,0,0,4,15,0,5,4,7,4
65718,0,1020.49,12,16,0,0,0,4,2267,0,0,1,0,28,50,0,19,30,12,1
23139,1,65.8,13,20,0,2,1,2,756,0,0,0,0,38,20,0,5,21,2,4
32444,0,5.59,14,17,0,4,0,2,757,0,0,0,0,14,30,0,2,11,12,3
93349,1,40.71,15,20,0,2,0,0,465,0,0,0,0,28,0,0,5,11,8,0
30241,0,82.12,4,24,0,3,0,3,112,0,0,0,0,32,15,0,10,7,12,6
70787,1,38.33,16,20,0,3,0,5,2148,0,0,0,0,8,20,0,0,27,11,3
90930,0,43.67,16,23,0,0,0,3,559,0,0,0,0,24,15,0,18,21,1,1
37194,1,25.49,12,19,1,1,1,0,132,0,0,0,0,14,20,0,14,1,6,6
58374,1,2.27,16,9,0,2,0,6,1438,0,0,0,1,35,20,0,23,23,6,0
40657,1,39.3,12,20,1,0,0,0,1245,0,0,0,0,34,10,0,6,1,6,6
42917,1,27.82,0,19,1,1,0,1,214,0,0,0,0,18,10,0,11,20,1,0
37300,1,1244.8,9,12,0,0,0,3,95,0,1,0,0,22,30,0,8,6,7,6
79887,1,55.22,18,15,0,3,1,5,2238,0,0,0,0,10,30,0,21,30,9,1
22202,1,18.93,8,18,0,0,1,1,1626,0,0,0,0,9,10,0,4,9,11,6
52277,1,13.05,0,17,0,0,1,1,2274,0,0,0,0,30,10,0,22,22,12,0
75824,1,665.13,2,11,0,3,1,2,1652,0,0,0,0,5,25,0,4,30,4,2
28617,1,28.62,2,17,0,3,0,1,217,0,0,0,0,32,0,0,16,11,4,4
50499,1,60.82,5,20,0,0,0,2,2168,0,0,0,0,19,0,0,12,19,12,4
38687,1,1103.56,18,22,0,1,0,3,593,0,0,0,0,20,15,0,14,2,12,1
23411,0,118.09,11,13,1,9,0,0,2451,0,0,0,0,18,40,0,13,25,10,5
63125,0,39.66,19,13,0,2,0,3,642,0,0,0,0,39,25,0,0,28,6,5
18171,0,16.54,11,18,1,0,1,0,1395,0,0,1,0,37,65,0,18,7,4,0
55602,0,16.0,11,8,0,2,0,2,262,0,0,0,0,24,15,0,19,10,6,1
77915,0,32.23,15,21,0,1,0,1,2144,0,0,0,0,19,15,0,19,31,8,6
30164,0,2.21,8,18,0,0,0,2,173,0,0,0,1,28,15,0,4,15,11,5
90516,1,99.69,15,5,0,0,0,1,1028,0,0,0,0,18,0,0,3,13,4,6
15615,0,6.28,17,20,0,4,1,0,302,0,0,0,0,21,40,0,11,13,9,5
21927,1,28.01,22,19,0,1,0,4,534,0,0,0,0,8,0,0,19,24,5,5
65428,0,511.94,8,16,0,2,0,0,2429,0,0,0,0,12,30,0,23,20,12,5
74455,1,64.9,12,16,0,1,0,1,971,0,0,0,1,18,0,0,5,27,4,6
96392,1,44.22,15,16,0,8,0,4,1980,0,0,0,0,38,25,0,18,13,1,0
64473,1,37.59,11,15,0,0,1,1,1463,0,0,0,0,5,10,0,22,20,1,0
11535,1,100.21,20,11,0,1,0,2,803,0,0,0,0,30,0,0,5,13,7,6
34464,1,91.13,9,23,0,0,0,1,153,0,0,0,1,44,10,0,1,9,5,4
21506,1,113.02,11,29,0,5,0,1,1210,0,1,0,0,22,30,0,1,13,6,4
47297,1,17.38,7,20,0,1,0,0,598,0,0,0,0,21,0,0,6,9,10,3
12728,1,909.77,17,21,0,3,0,4,1394,0,0,0,0,3,15,0,6,30,1,3
29700,1,50.16,17,19,0,3,0,3,246,0,1,0,0,25,15,0,16,8,12,0
63662,1,35.97,7,14,0,1,0,2,891,0,0,0,1,33,0,0,20,18,5,6
99229,0,50.71,10,16,1,4,0,0,553,0,0,0,0,10,40,0,21,8,12,0
96794,1,329.76,10,15,0,0,1,1,2094,0,0,0,0,16,10,0,19,15,9,0
63093,1,69.58,11,15,0,2,0,4,260,0,1,0,1,2,15,0,9,26,4,5
21955,1,93.28,16,13,0,0,0,2,2030,0,0,1,0,33,20,0,1,6,10,0
75900,1,37.42,15,18,0,7,1,0,910,0,0,0,0,19,25,0,10,4,3,1
44846,1,160.31,12,13,0,5,0,2,1307,0,0,0,0,26,15,0,2,26,3,2
79835,1,9.81,16,17,1,1,0,4,69,0,0,0,0,30,10,1,19,2,6,0
73812,0,58.62,5,9,0,1,0,2,2434,0,1,0,0,26,30,0,16,20,9,5
57131,1,70.93,5,18,0,1,0,1,2101,0,0,0,2,44,20,0,9,1,2,5
30717,1,18.71,11,17,0,0,1,0,1127,0,0,0,0,13,10,0,13,29,4,1
53921,1,10.88,6,24,0,2,0,4,1735,0,0,0,0,34,0,0,9,24,3,0
49709,1,26.04,14,17,0,1,0,1,2025,1,0,0,0,2,25,0,0,5,12,4
12410,1,31.25,18,8,0,3,0,5,2390,0,0,0,0,35,20,0,0,26,5,0
88609,1,101.03,18,20,0,2,0,1,1948,1,0,0,1,11,25,0,15,6,8,2
33969,0,107.84,11,20,0,4,0,3,2124,0,0,0,0,20,30,0,8,11,7,4
63702,1,43.94,20,20,0,1,1,2,1764,0,0,0,1,7,10,0,19,5,2,2
28539,0,43.42,10,19,0,1,0,11,549,0,0,0,0,32,35,0,4,25,1,5
60023,1,0.67,11,25,0,3,1,3,1003,0,0,0,0,32,10,0,19,4,1,5
69598,1,76.46,9,27,0,4,0,1,1529,0,0,0,1,28,15,0,18,4,3,1
80276,1,21.14,13,17,0,1,0,3,536,0,0,0,0,16,0,0,10,12,10,6
67288,1,87.75,9,23,0,0,0,4,2199,0,0,0,0,29,0,0,0,24,7,3
46389,1,2.45,10,21,0,2,0,2,977,0,0,0,0,27,0,0,8,4,7,4
74318,1,1046.83,15,12,0,2,0,0,1828,0,0,0,2,37,35,0,19,24,5,5
32912,1,69.41,7,19,0,3,0,2,1989,0,0,0,2,31,10,0,3,17,12,2
18090,1,54.54,17,13,0,0,0,0,2055,0,0,0,1,16,0,0,0,7,7,0
74454,1,779.03,6,12,0,0,1,1,1858,0,1,0,0,44,50,0,4,17,7,3
23089,1,31.96,11,16,0,4,0,1,711,0,0,0,0,43,25,0,1,22,1,2
62072,1,32.63,18,20,0,3,0,4,1303,0,0,0,1,34,0,0,6,5,8,1
77337,1,28.09,21,15,0,2,0,0,2266,0,0,0,1,6,0,0,21,26,8,1
63768,1,25.65,13,17,0,0,0,2,1191,0,0,0,1,15,0,0,4,21,9,6
66889,0,405.95,22,16,0,0,0,2,549,0,0,0,0,38,25,0,15,31,5,5
81105,1,50.26,9,26,0,2,0,2,530,0,0,0,0,16,0,0,2,11,5,6
77862,1,41.35,9,27,0,2,0,1,1870,0,0,0,0,36,10,0,17,6,9,5
87917,1,23.85,7,26,0,2,0,2,916,0,0,0,0,42,10,0,22,20,6,4
12077,1,39.54,10,16,1,3,0,1,1570,0,0,0,1,18,10,0,9,26,3,2
95579,1,92.28,13,10,0,0,1,1,1558,0,0,0,0,19,10,0,15,23,3,6
60799,1,72.87,3,13,0,2,1,1,1671,0,0,0,0,22,10,0,14,22,2,5
91822,0,91.56,21,21,0,1,0,2,2152,0,0,0,0,30,15,0,22,17,7,3
51235,1,72.61,12,20,0,2,0,1,2159,0,0,0,1,22,0,0,23,7,12,6
11113,1,1059.71,10,28,0,0,0,2,2061,0,1,0,1,14,30,0,12,17,5,5
24132,0,41.12,3,11,0,3,1,1,882,0,0,0,0,40,35,0,0,29,5,3
16604,0,46.19,1,15,0,5,0,2,1078,0,0,0,0,18,30,0,6,22,11,5
56849,1,937.25,16,20,0,1,0,0,1803,0,0,0,1,13,15,0,1,7,9,6
56992,1,14.17,10,16,0,1,0,2,2197,0,0,0,2,30,10,0,4,16,4,2
49343,1,59.5,17,18,0,0,0,3,1641,0,0,0,0,1,0,0,10,14,8,3
94732,1,28.87,8,16,0,3,0,2,432,0,0,0,0,1,0,0,11,7,11,4
94081,1,33.81,9,20,0,0,0,8,1701,1,0,0,1,1,45,0,1,16,12,1
50683,1,31.1,3,19,0,9,0,2,345,0,0,0,1,6,15,0,19,9,12,1
43449,0,1048.83,2,13,0,1,0,2,2236,0,0,0,0,27,30,0,5,22,7,1
51584,1,33.7,3,21,0,0,0,2,299,0,0,0,0,43,10,0,21,24,11,0
10149,1,443.8,1,12,0,1,0,4,1701,0,0,0,0,13,0,0,22,5,8,1
32551,1,10.67,1,12,0,1,0,1,560,0,0,0,0,4,0,0,15,20,5,1
94455,0,14.98,3,12,0,2,1,1,466,0,0,0,0,14,25,0,8,3,3,0
49717,1,29.22,14,19,0,0,0,1,573,0,0,0,1,42,10,0,14,19,9,4
55747,1,69.03,11,21,0,2,0,0,602,0,0,0,0,8,0,0,22,4,9,3
13505,1,15.39,2,15,0,0,0,2,1235,0,0,1,0,24,20,0,20,29,10,2
45272,1,39.93,12,23,0,2,0,1,1619,0,0,0,0,7,0,0,6,22,3,5
20020,1,55.1,18,18,0,1,0,0,1977,0,0,0,0,33,0,0,10,4,6,2
23264,1,20.57,11,27,1,1,0,0,286,0,0,0,0,31,10,0,4,27,9,5
40636,1,39.44,15,16,1,2,0,0,1641,0,0,0,0,17,10,0,0,17,7,3
89026,1,11.86,13,24,0,1,0,2,1483,0,0,0,1,39,10,0,14,9,2,6
98560,1,72.92,15,14,0,4,0,5,1834,0,0,0,2,19,45,0,2,15,6,6
44105,1,73.13,13,22,0,6,0,2,2348,0,0,0,0,27,15,0,2,30,10,3
32379,0,541.94,8,22,0,1,0,1,933,0,0,0,0,33,30,0,9,4,4,4
35422,1,83.45,7,18,0,1,0,1,2357,0,0,0,2,38,20,0,13,18,2,1
84596,1,49.91,15,18,0,3,0,1,1940,0,0,0,0,40,10,0,9,26,1,6
95178,1,34.94,18,18,0,1,0,1,285,0,0,0,0,1,0,0,17,25,12,3
71826,1,30.44,5,18,0,0,1,1,1537,0,0,0,2,35,20,0,22,19,2,2
85099,1,21.39,5,16,0,2,1,1,505,0,0,0,0,22,10,0,18,23,11,6
63692,1,18.77,21,15,0,1,0,1,1783,0,0,0,3,8,10,0,6,25,5,6
20998,1,1.28,6,19,0,4,0,2,1917,0,0,0,0,37,25,0,1,15,9,0
16827,0,76.39,9,18,1,2,1,1,1130,0,0,0,0,34,35,0,15,16,12,1
65663,0,81.95,14,11,0,2,0,0,2339,0,0,0,0,43,25,0,18,15,1,2
88382,1,12.66,8,18,0,3,0,0,1383,0,0,0,1,36,10,0,14,24,2,0
44769,0,44.89,11,20,0,0,0,3,2196,0,0,0,1,30,15,0,1,12,8,1
35564,0,7.24,9,14,0,2,1,0,1519,0,0,0,0,31,25,0,14,28,6,5
33341,1,123.36,15,27,0,2,0,2,899,0,0,1,1,30,20,0,1,10,9,2
84160,1,38.56,14,13,1,0,1,0,1897,0,0,0,0,26,20,0,12,12,11,2
34679,0,78.29,8,16,1,1,1,1,1893,0,0,0,0,42,45,0,2,27,6,4
15371,0,5.76,11,31,0,0,0,0,622,0,0,0,0,5,15,0,19,20,5,1
74673,1,3.44,15,14,0,1,1,2,1060,0,0,0,0,13,10,0,14,9,2,6
16638,1,39.7,1,11,0,1,0,3,1325,0,0,0,0,3,0,0,7,15,11,5
17110,0,3.58,18,21,0,2,0,1,165,0,0,0,0,26,15,0,13,28,1,1
52134,1,19.09,4,18,0,0,0,7,614,0,0,0,1,44,30,0,0,11,8,0
10434,1,6.14,13,18,0,2,1,3,1560,0,0,0,0,30,10,0,17,16,6,0
96714,1,0.09,11,12,0,0,0,3,2197,0,0,0,0,36,10,0,1,17,4,3
42007,1,22.81,2,25,0,6,1,1,527,0,1,0,0,17,40,0,0,29,6,6
89838,0,28.57,12,19,0,0,0,0,64,0,0,0,0,39,25,0,13,9,5,4
34073,0,30.49,13,15,0,1,0,2,1085,0,0,0,1,21,15,0,9,30,3,6
29757,0,28.75,6,21,0,0,1,4,1788,0,0,0,0,28,25,0,0,2,6,0
90264,1,67.14,18,12,1,1,1,6,1080,0,0,0,1,44,50,0,21,16,2,6
61451,0,1.39,11,22,0,2,1,1,1522,0,0,0,0,29,25,0,6,12,1,6
30375,0,384.38,7,14,0,1,1,1,284,0,0,0,0,16,25,1,0,7,1,1
55438,1,14.87,7,17,1,0,0,2,1321,0,0,0,0,28,10,0,15,4,10,5
29547,1,59.62,10,19,0,0,0,2,2041,0,0,0,4,41,20,0,0,24,9,2
53674,1,47.66,7,15,0,2,0,1,236,0,1,0,1,20,15,0,10,28,1,1
44177,1,8.36,13,19,0,1,0,0,1215,0,0,0,0,6,0,0,1,5,9,4
49811,1,30.4,8,19,0,1,0,4,802,0,0,0,0,26,0,0,15,26,1,6
58027,1,8.96,9,20,0,2,0,1,754,1,0,0,1,12,25,0,22,17,12,2
55152,0,71.73,19,25,0,4,0,3,2042,0,0,0,0,8,30,0,6,13,11,3
17454,1,824.97,19,15,0,4,0,1,385,0,0,0,1,18,30,0,18,7,7,0
55596,1,11.53,7,19,0,2,0,1,1450,0,0,0,0,13,0,0,20,4,9,3
99356,1,22.31,14,19,1,3,1,3,1628,0,1,0,1,37,45,0,6,24,1,4
65197,1,82.08,4,17,0,2,0,2,918,0,0,0,0,36,10,0,12,23,5,4
65505,0,61.79,15,18,0,1,0,4,221,0,0,1,0,43,45,0,13,4,10,5
71821,1,19.7,20,17,0,3,0,2,2230,0,0,0,0,33,0,0,11,19,8,1
26533,0,65.25,8,18,0,2,0,1,653,0,0,0,0,41,25,0,11,29,12,0
11097,1,47.73,10,17,0,6,1,4,1102,0,0,0,1,19,25,0,19,9,3,6
79102,1,45.42,9,16,1,2,0,9,2377,1,0,0,0,9,55,0,7,4,2,1
62393,1,101.59,20,13,0,0,0,1,2252,0,1,0,0,8,15,0,14,18,5,6
84070,1,4.19,10,18,1,0,0,1,1038,0,0,0,0,21,10,0,19,10,11,0
48161,1,104.69,8,16,0,1,0,1,1863,0,0,0,0,28,0,0,3,18,3,1
82755,1,94.01,16,10,0,2,0,2,649,0,0,0,0,34,0,0,20,26,10,6
28076,1,55.18,15,19,0,2,0,5,2491,0,0,0,0,6,20,0,2,16,2,6
34829,1,46.28,12,17,0,2,0,7,1590,0,0,0,1,8,20,0,18,10,5,5
34510,1,39.74,15,20,0,6,1,4,770,0,0,0,1,41,35,0,9,11,8,0
75398,0,398.08,17,14,0,2,1,3,2312,0,0,0,1,38,35,0,22,7,8,3
91012,1,70.06,21,14,1,1,0,1,1784,0,1,0,0,23,25,0,22,13,2,3
96925,0,63.37,7,22,1,1,0,3,692,0,1,0,0,9,40,0,8,29,5,3
39717,1,35.85,2,18,0,4,1,3,798,0,0,1,0,27,45,0,19,28,7,0
43049,1,24.67,8,15,0,5,0,3,1289,0,0,0,1,16,15,0,20,25,11,1
66463,1,49.89,6,26,0,0,0,1,794,0,0,0,0,44,10,0,12,9,5,4
96416,1,96.94,14,20,0,0,0,3,744,0,0,0,0,5,0,0,4,16,4,2
72711,1,63.09,15,27,0,2,1,0,205,0,0,0,0,38,20,0,23,8,10,2
73430,1,43.17,10,21,0,1,0,3,136,0,0,0,0,19,0,0,1,2,12,1
82111,1,36.17,10,11,0,0,0,5,1255,0,0,0,1,1,20,0,10,19,8,1
43967,1,55.24,9,22,0,0,0,1,1403,0,0,0,0,39,10,0,5,17,10,4
80666,0,63.3,10,18,1,3,0,0,1718,0,0,0,0,41,35,0,15,20,5,1
12798,1,77.41,16,25,0,2,0,0,389,0,0,0,0,42,10,0,21,19,4,5
88244,1,17.13,2,18,1,0,0,1,69,0,1,0,1,24,25,0,2,7,11,4
23718,1,46.8,6,32,1,0,0,2,399,0,0,0,0,21,10,0,1,24,3,0
69107,1,42.91,17,19,0,6,0,2,2450,0,0,0,1,25,15,0,21,7,12,6
11629,1,35.44,16,23,0,2,0,1,2076,0,0,0,0,8,0,0,0,29,8,4
81083,0,36.8,23,18,0,1,0,1,414,0,0,0,2,34,25,0,1,25,12,3
32822,1,750.58,10,12,0,1,1,1,2194,0,0,0,1,27,25,0,13,8,3,5
86556,1,76.77,13,17,0,0,0,1,2348,1,0,0,0,32,25,0,15,19,12,4
18276,1,95.33,11,12,0,1,1,1,1120,0,0,0,0,38,20,0,14,11,6,2
95311,1,68.99,16,19,0,2,0,1,2343,0,0,0,1,40,10,0,9,28,8,3
29184,0,24.89,6,14,0,1,0,2,2270,0,0,0,0,15,15,0,19,5,1,6
59194,1,45.41,23,14,0,5,0,1,1772,0,0,0,1,32,15,0,21,10,11,0
73710,1,58.53,13,17,0,5,0,8,1735,1,0,0,1,4,60,0,14,27,11,3
97810,1,75.33,14,19,0,2,1,1,848,0,0,0,1,25,10,0,5,5,12,4
53530,0,55.15,20,16,0,2,0,1,2340,0,0,0,0,22,15,0,10,19,3,2
75510,0,25.88,10,18,0,2,0,1,636,0,0,0,1,42,25,0,1,22,2,5
93106,0,17.29,21,19,0,3,0,4,2034,0,0,0,1,37,25,0,16,3,11,0
72479,1,36.49,7,29,0,2,0,2,597,1,0,0,0,35,25,0,22,5,12,4
80088,1,25.01,0,19,0,0,0,6,601,0,0,1,1,25,40,0,8,18,11,1
49834,0,10.15,15,18,0,1,0,3,923,0,0,1,1,10,35,0,23,17,5,5
46271,1,41.49,13,21,0,0,0,2,1969,0,0,0,1,22,0,0,13,5,8,1
13011,1,11.68,8,19,0,2,0,0,2490,0,0,0,1,17,0,0,1,29,10,2
40178,1,2.95,17,11,0,4,0,2,1494,0,0,0,0,39,25,0,10,24,6,1
89561,0,16.72,16,15,0,1,0,3,1765,0,0,0,0,29,15,0,7,13,9,5
76822,0,50.06,17,17,1,0,0,2,1296,0,0,0,0,31,25,1,17,28,6,5
45726,1,38.01,6,23,0,5,0,1,2419,0,0,0,0,31,15,0,12,9,8,5
56741,0,17.66,13,15,1,2,0,1,2120,0,0,0,0,43,35,0,13,1,7,1
20214,1,28.1,8,16,0,1,0,4,429,0,0,0,0,13,0,0,0,9,11,6
26932,1,95.36,19,26,0,0,0,2,828,0,0,0,0,13,0,0,4,7,6,5
73792,0,297.74,18,15,0,3,0,2,92,0,0,0,1,3,15,0,22,30,12,1
64069,1,32.04,19,14,0,1,1,1,1130,0,0,0,0,29,10,0,15,24,9,2
75147,1,49.31,15,18,0,0,0,5,2319,0,0,0,0,16,20,0,15,25,11,1
72594,1,22.52,12,18,1,6,0,7,1220,0,1,0,0,22,60,0,8,1,5,3
49631,1,4.11,5,18,0,6,0,1,2276,0,0,0,0,1,15,0,9,25,5,6
86377,0,90.8,8,16,0,3,1,3,1922,0,0,0,0,25,25,0,2,19,10,6
41802,0,6.74,20,27,1,2,0,1,2216,0,0,0,0,3,25,0,5,29,7,1
91198,1,75.87,9,19,1,5,0,0,329,0,0,0,0,9,25,0,23,19,12,4
41637,1,8.22,19,18,0,3,0,4,1943,0,0,0,0,1,0,0,16,21,5,2
80766,0,42.98,11,23,0,1,0,2,497,0,0,0,1,1,15,0,19,24,2,0
55195,1,16.08,19,23,0,3,0,4,2059,0,0,0,0,36,10,1,16,20,1,0
16031,1,8.26,7,17,0,1,0,3,1849,0,0,0,0,9,0,0,23,5,6,3
43143,0,42.81,20,21,0,1,1,4,2211,0,0,0,1,3,25,0,20,29,10,2
59363,0,26.15,10,26,0,1,0,1,493,0,0,0,0,29,15,0,17,8,6,6
11268,1,24.66,22,19,1,3,0,0,1620,0,0,0,0,42,20,0,5,20,7,6
72753,1,55.83,18,14,1,1,0,0,1740,0,0,0,0,44,20,0,4,13,2,3
12020,0,353.43,13,24,0,1,0,0,712,0,0,0,0,12,15,0,16,19,12,4
46182,1,18.92,16,25,0,2,1,2,1042,0,0,0,0,3,10,0,4,20,1,0
84300,0,10.12,20,15,0,5,0,3,127,0,0,0,0,31,30,0,23,25,12,3
63664,1,92.99,14,19,0,1,0,2,1700,0,0,0,0,29,0,0,18,28,4,0
78245,1,10.44,13,15,0,1,0,0,451,0,0,0,0,27,0,0,5,21,4,0
84554,0,14.07,18,22,0,2,0,3,758,0,0,0,0,38,25,0,13,30,8,5
29479,1,23.59,17,20,0,0,1,2,2138,0,0,0,0,14,10,0,4,16,1,3
51565,1,81.28,13,24,0,0,0,2,66,0,0,0,0,35,0,0,1,1,4,1
27128,0,15.21,7,20,0,0,0,2,488,0,0,0,0,2,15,0,2,19,5,0
20087,1,29.91,20,23,0,0,0,4,332,0,1,0,0,21,15,0,17,29,12,0
73314,1,0.56,7,17,0,0,0,3,932,0,0,0,0,43,10,1,4,28,6,5
73320,1,22.13,12,11,0,1,0,3,180,0,0,0,1,32,0,0,22,26,10,6
71260,1,644.48,23,13,0,2,0,2,2039,0,0,0,0,27,15,0,3,24,4,3
60294,1,998.26,15,25,1,1,1,3,2190,1,0,0,0,33,60,1,5,30,11,6
75241,1,17.46,18,22,0,2,0,1,45,0,0,0,0,40,10,0,18,27,1,0
90901,1,36.95,23,16,0,7,0,2,2348,0,0,0,0,28,15,0,3,13,10,0
21156,1,72.37,10,12,0,3,0,2,721,0,0,0,0,38,10,0,23,23,2,6
14638,1,79.57,12,17,0,2,0,3,159,0,0,0,0,7,0,0,8,1,9,0
67650,0,14.07,6,10,0,5,0,0,2085,0,0,0,0,12,30,1,23,18,6,2
49783,1,1011.22,11,22,0,2,1,6,1293,0,0,0,1,17,45,1,23,8,12,0
24790,1,39.53,1,20,0,0,0,0,371,0,0,0,0,34,0,0,3,13,11,3
16601,1,314.53,13,22,0,6,0,2,1957,0,0,0,1,26,15,1,16,26,4,5
12600,1,54.74,16,16,0,0,0,1,96,0,0,1,0,10,20,0,8,21,6,5
41226,0,20.98,13,21,0,1,1,1,968,0,0,0,0,12,25,0,12,11,7,4
93818,1,1.41,8,13,0,0,0,1,1872,0,0,0,0,30,0,0,19,16,1,3
68233,0,38.11,15,19,0,0,0,3,1888,0,1,0,1,13,30,0,17,9,6,0
83343,1,295.52,15,15,1,2,0,2,823,0,0,0,0,18,10,0,4,19,11,2
80442,1,86.08,15,14,0,2,0,4,254,0,0,0,0,5,0,0,10,6,9,5
56430,1,67.34,13,22,0,0,0,2,1552,0,0,0,1,13,0,0,10,6,1,0
15274,1,564.2,7,13,0,0,0,3,1712,0,0,0,0,27,15,0,8,31,10,4
82724,1,78.22,22,11,0,2,0,1,1708,0,0,0,0,32,0,0,14,8,2,5
28826,1,63.36,10,14,0,1,0,2,55,0,0,0,0,34,0,0,19,10,10,4
47849,1,8.72,13,31,0,2,0,1,2152,0,0,0,0,16,0,0,5,2,1,3
25248,1,48.51,18,20,0,1,0,2,855,0,0,0,0,5,0,0,7,27,10,0
59056,1,555.97,8,14,0,0,0,3,1816,0,0,0,0,9,15,0,5,10,3,0
20264,0,1.21,11,21,0,1,0,3,1062,0,0,0,0,1,15,1,23,1,7,1
34969,1,54.73,15,10,0,2,0,3,466,0,0,0,0,21,0,0,19,26,4,5
50827,1,48.89,17,17,0,1,1,1,833,0,0,0,1,13,10,0,20,29,11,5
38285,1,664.33,8,23,0,0,0,3,2173,0,0,0,0,26,15,0,17,22,3,5
72482,0,58.19,2,18,0,0,0,3,384,0,0,0,0,21,15,0,6,3,12,2
41214,0,41.86,9,21,0,7,1,0,1280,0,0,0,1,8,40,0,14,26,4,5
75123,0,17.91,17,22,1,0,0,2,778,0,0,0,0,1,25,0,3,6,1,0
75529,0,46.97,6,14,0,1,1,0,1507,0,0,0,1,25,25,0,23,30,3,6
11402,0,42.92,12,17,0,2,0,3,2063,0,0,0,0,39,25,0,22,10,9,2
10703,1,56.14,10,15,1,3,0,2,1530,0,0,0,0,5,10,0,18,11,8,0
17534,0,21.09,17,15,0,1,0,3,2296,0,0,0,0,9,15,0,7,12,9,4
56303,1,19.51,12,21,0,2,1,2,2402,0,0,0,0,23,10,0,12,24,1,4
68538,1,54.52,2,23,0,2,0,0,1818,0,0,0,0,40,10,0,8,18,8,0
53977,0,34.46,18,18,0,1,0,1,2467,0,0,0,1,25,15,0,18,30,10,3
78150,1,35.67,8,16,1,5,1,0,279,0,0,0,0,16,35,0,20,21,8,3
72142,1,305.79,17,17,0,2,1,4,1449,0,0,0,0,28,10,0,19,9,12,1
33737,0,87.25,5,21,0,0,0,3,567,0,0,0,0,35,15,0,20,14,11,4
86980,1,36.41,14,22,0,0,0,1,2178,0,0,0,1,12,0,0,22,12,9,4
24534,0,78.97,15,15,1,2,0,0,1263,0,0,0,0,24,25,0,7,18,9,3
11762,1,69.12,15,22,1,0,0,8,1625,0,0,0,2,1,40,1,6,19,10,6
32631,1,40.56,15,28,0,0,1,0,547,0,1,0,0,11,25,0,0,21,12,6
56784,1,24.97,7,9,0,1,0,2,418,0,0,0,0,44,10,0,21,22,4,1
63039,1,15.96,15,24,0,2,0,2,1793,0,1,0,0,16,15,0,13,6,11,3
73790,0,37.35,7,15,0,0,0,7,1042,0,0,0,0,22,35,1,21,4,11,1
30373,1,12.12,9,15,1,1,0,1,1530,0,0,0,0,36,20,0,2,29,12,0
13345,1,45.99,13,22,0,5,0,3,2202,0,0,0,0,23,15,0,11,22,3,5
48333,1,41.29,13,14,0,2,0,2,879,0,0,0,0,31,0,0,17,24,9,2
29739,1,974.86,8,17,0,0,0,0,1271,0,0,0,0,3,15,0,16,10,8,6
97744,0,70.47,10,16,0,2,0,1,1260,0,0,0,0,5,15,0,8,20,1,0
86891,1,9.79,18,18,0,2,0,3,1934,0,0,0,0,33,0,0,6,17,6,1
72748,0,62.6,15,15,1,1,0,2,2103,0,0,0,0,38,35,0,18,30,3,6
21830,1,32.56,9,14,0,2,1,1,1593,0,0,0,1,36,20,1,21,21,8,3
11919,1,39.03,3,15,0,2,0,1,1275,0,0,0,0,18,0,0,11,26,9,4
58491,1,61.1,10,20,0,3,0,4,1864,0,0,0,0,22,0,0,17,4,11,1
17943,0,63.09,2,16,0,2,0,2,1468,0,0,0,1,43,25,0,4,2,10,3
31718,1,8.56,6,18,1,2,0,1,2090,0,0,0,1,2,10,0,1,19,3,2
98120,1,34.46,0,8,0,3,0,3,1563,0,0,0,0,29,0,0,9,17,12,2
23045,1,36.13,13,17,1,0,0,2,471,0,0,0,0,31,10,0,15,25,10,5
62472,1,27.08,5,17,0,1,1,2,2021,0,0,0,0,3,10,0,9,14,6,5
75002,1,80.18,12,26,0,2,0,0,1433,0,0,0,0,14,0,0,6,1,4,1
83244,1,769.55,13,20,0,1,0,2,2422,0,0,0,2,8,25,0,13,6,7,6
26384,1,65.02,13,18,0,1,0,2,216,0,0,0,0,35,0,0,13,2,3,6
59746,1,41.87,11,22,0,2,1,2,382,0,0,0,0,26,10,0,21,11,10,5
90551,1,1185.88,7,29,0,1,0,2,2076,0,0,0,0,24,15,1,10,2,6,0
47553,0,21.38,1,13,0,1,0,1,2003,0,0,0,1,35,15,0,8,4,2,1
98697,0,44.68,10,16,0,1,0,2,1603,0,0,0,0,7,15,0,5,15,6,6
65824,1,20.14,13,19,0,1,0,1,1442,0,0,0,0,3,0,0,3,10,4,3
47996,1,17.14,13,15,0,2,0,2,120,0,0,0,0,8,0,0,10,23,5,4
10954,0,39.58,13,11,0,1,1,2,520,0,0,0,0,41,35,0,18,13,11,3
96795,0,55.07,5,23,0,1,1,2,146,0,0,0,0,28,25,0,23,22,9,0
95067,1,58.88,12,23,0,0,0,2,2016,0,0,0,0,21,0,0,0,26,5,0
19939,1,78.64,16,12,0,2,0,2,1213,0,0,0,0,38,10,0,10,17,2,0
60070,1,53.55,8,18,0,0,0,3,2250,0,0,0,0,38,10,0,0,28,9,6
23790,0,20.45,2,19,0,0,0,4,1550,0,0,0,0,43,25,0,3,31,3,0
62784,1,38.13,4,19,0,1,0,4,841,0,0,0,0,15,0,0,21,18,3,1
54774,1,52.7,14,13,0,2,0,6,1353,0,0,0,1,2,20,0,18,27,4,6
52634,1,72.12,12,17,0,0,0,4,1718,0,0,0,1,41,10,0,7,29,4,1
88287,1,33.76,18,23,1,1,0,2,2057,0,0,0,0,38,20,0,18,1,3,5
55373,1,24.74,1,14,0,6,0,2,1256,0,0,0,0,33,15,0,17,29,3,5
60170,1,73.73,14,22,1,3,0,1,1587,0,1,0,0,2,25,0,4,7,12,6
30924,1,36.07,17,15,0,5,0,0,1058,0,1,0,0,7,30,0,19,1,2,5
56431,1,35.14,9,17,0,0,0,3,336,0,0,0,0,30,0,0,22,10,10,4
64269,1,10.01,14,19,0,0,1,5,438,0,0,1,0,20,50,1,16,27,3,3
96863,1,15.0,23,18,0,0,0,4,1632,0,0,0,1,23,0,0,5,5,5,0
75906,0,26.3,6,17,0,0,0,3,1860,0,0,0,1,29,15,0,11,21,8,3
58730,1,62.53,10,17,0,0,0,0,1447,0,0,0,0,1,0,0,7,21,1,1
93043,1,67.06,15,19,1,0,1,2,1635,0,0,0,0,3,20,0,16,4,11,1
42911,1,69.62,6,11,0,5,0,7,110,0,0,0,0,34,35,0,23,2,2,6
28842,1,73.58,19,17,0,1,1,2,1462,1,0,0,1,23,35,0,11,16,9,1
59698,0,1.42,16,15,0,3,0,2,979,0,1,0,0,13,30,0,11,9,1,3
69465,1,35.98,3,23,0,2,0,2,43,0,0,0,0,15,0,0,16,14,3,4
14950,1,50.37,12,22,0,3,0,3,2013,0,0,0,1,36,10,0,12,22,7,1
40526,1,66.91,19,14,0,0,0,3,1297,0,0,0,2,19,10,0,22,29,1,2
24736,1,53.89,13,14,0,1,0,3,2419,0,1,0,0,12,15,0,23,24,7,3
56181,0,3.78,15,9,0,0,0,2,591,0,0,0,0,32,15,0,19,26,1,6
82754,1,14.89,1,19,0,2,0,0,598,0,0,0,0,38,10,0,15,27,2,3
10848,1,10.37,20,17,1,2,0,1,1181,0,0,0,1,33,10,0,21,27,8,2
36096,0,30.16,14,14,0,2,0,0,1040,0,0,0,0,39,25,0,3,30,6,0
72610,1,2.66,9,16,0,2,1,0,1248,0,0,0,0,34,10,0,15,23,7,2
16022,1,62.33,1,8,0,2,0,1,723,0,0,0,0,12,0,0,22,28,11,4
81908,1,25.61,19,18,0,2,0,3,1456,0,0,0,0,17,0,0,7,24,11,0
14163,1,23.44,14,25,0,2,0,1,1955,0,0,0,0,33,0,0,22,9,9,1
67429,1,16.28,18,22,0,1,0,0,1404,0,0,0,0,15,0,0,21,7,7,0
73924,1,6.96,19,20,0,0,0,2,1702,0,0,0,0,19,0,0,18,3,12,2
48266,1,84.97,17,16,0,0,0,3,740,0,0,0,0,38,10,0,17,27,5,1
30656,1,10.95,12,21,1,2,0,1,2094,0,0,0,0,12,10,0,14,23,9,1
75414,1,16.88,15,12,0,1,0,3,2346,0,0,0,0,23,0,0,21,4,10,5
25719,1,1037.35,9,17,0,1,0,0,1747,0,0,0,0,27,15,0,19,4,6,2
90296,1,16.0,13,20,0,0,0,3,800,0,0,0,2,13,10,0,6,4,3,1
33776,1,20.81,13,20,0,2,0,1,1293,0,0,0,1,15,0,0,14,23,6,0
64119,0,6.54,15,20,0,0,0,0,1185,0,0,0,1,40,25,0,16,26,11,2
89504,1,24.83,12,19,0,0,0,3,1734,0,0,0,0,32,0,0,5,9,4,2
56880,1,44.0,12,23,0,1,0,3,1755,0,0,0,2,8,10,0,11,30,1,3
50794,0,68.05,1,12,0,0,0,1,711,0,1,0,0,19,30,0,4,16,7,2
92606,1,1057.59,13,18,0,2,0,3,329,0,0,0,1,20,15,0,0,21,10,1
77859,1,52.92,9,15,1,0,0,1,1747,0,0,0,1,7,10,0,2,20,3,3
38181,0,33.12,10,26,0,0,1,4,1500,0,0,0,1,16,25,0,2,19,7,5
72427,1,70.1,10,24,0,0,0,1,989,0,0,1,0,13,20,0,21,2,9,1
99459,1,45.71,7,15,0,1,1,1,512,0,1,0,2,33,35,0,15,8,7,1
85068,1,27.25,9,22,0,1,1,1,543,0,0,0,0,8,10,0,1,28,12,6
32434,1,19.57,13,18,0,6,0,1,253,0,0,0,0,30,15,0,10,3,5,5
68487,1,68.06,1,18,0,0,1,2,1929,0,0,0,0,29,10,0,18,14,8,3
67295,1,37.77,12,16,0,2,0,1,2286,0,0,0,4,22,10,0,20,7,10,1
75836,0,23.94,12,22,0,2,0,3,1928,0,0,0,1,35,15,0,0,28,4,0
40682,1,50.27,2,21,0,1,1,1,883,0,0,0,0,27,10,0,4,7,1,1
85795,1,3.89,12,20,0,2,0,0,1160,0,0,0,0,26,0,0,13,16,4,2
39024,1,188.84,13,21,0,2,0,0,1022,0,1,0,0,13,15,0,8,28,2,4
37139,0,40.22,6,25,1,3,0,2,1463,0,0,0,0,1,25,0,0,11,5,6
35594,1,80.55,14,24,0,1,1,3,2386,0,0,1,0,43,40,0,0,21,1,1
51467,1,54.61,8,15,1,1,0,3,1254,0,0,0,0,43,20,0,14,2,2,6
33386,1,88.03,8,20,0,3,0,2,201,0,1,0,0,40,25,0,2,1,6,6
77407,1,64.49,6,19,0,4,0,4,592,0,0,0,0,1,15,0,4,13,10,0
21930,1,60.35,6,18,0,4,0,2,31,0,0,0,0,40,25,0,12,28,8,3
31773,1,87.48,5,16,0,1,0,3,1189,1,0,0,0,32,25,0,16,9,10,3
32264,1,3.68,10,24,0,3,0,1,518,0,0,0,0,41,10,0,1,2,8,5
16369,1,19.4,15,9,0,0,0,2,357,0,0,1,0,24,20,0,16,22,8,4
56101,1,55.15,14,16,0,2,0,1,1685,0,0,0,0,15,0,0,1,15,1,2
91995,0,33.57,12,10,0,1,0,2,907,0,0,0,1,40,25,0,7,13,4,6
10584,1,47.8,6,20,0,1,1,1,1955,0,0,0,1,21,10,0,1,29,4,1
22038,1,46.22,18,24,0,0,0,3,136,0,0,0,0,23,0,0,21,13,8,2
77130,1,27.19,10,26,0,1,0,1,2070,0,0,0,0,43,10,0,10,2,10,3
97200,1,12.35,14,24,0,2,0,5,1228,0,0,0,0,9,20,0,23,7,9,6
77501,1,23.51,17,15,0,6,0,2,733,0,1,0,0,3,30,0,8,14,6,5
35874,0,40.3,15,17,0,1,0,7,696,0,0,0,0,19,35,0,7,12,2,2
64496,1,4.73,8,23,0,4,0,2,464,0,1,0,0,5,30,0,5,9,11,6
96674,1,28.95,8,23,0,1,0,1,1293,0,0,0,0,1,0,0,10,19,12,4
82934,1,29.76,16,22,1,1,1,5,2463,0,0,0,0,21,40,0,15,25,6,2
39460,0,63.29,23,17,0,2,1,1,188,0,0,0,0,31,25,0,22,16,8,5
61146,1,23.05,6,22,0,0,1,1,1407,0,0,0,0,27,10,0,6,13,1,0
36067,1,15.12,16,17,0,6,0,2,649,0,0,0,0,44,25,0,5,17,2,0
74859,1,33.37,19,16,1,2,1,2,922,0,0,0,1,5,20,1,3,8,11,5
66325,0,87.18,18,15,0,1,0,1,1855,0,0,0,0,23,15,1,20,9,5,4
13346,0,64.4,5,26,0,0,0,9,2175,0,0,0,1,16,35,0,3,17,1,4
24977,1,74.4,8,23,0,3,0,2,310,0,0,0,0,40,10,0,19,10,6,1
91609,0,22.96,13,21,0,2,0,0,1905,0,0,0,0,3,15,0,17,25,6,2
55156,0,36.52,15,20,1,2,0,2,469,0,0,0,0,39,35,0,18,12,2,2
79355,1,4.77,6,28,1,5,0,1,1003,0,0,0,1,28,25,0,0,18,4,4
32703,1,43.18,9,25,0,1,0,5,184,0,1,0,0,16,35,0,0,13,5,1
89959,1,67.59,8,15,0,1,0,2,1664,0,1,0,1,36,25,0,23,26,10,6
49091,1,45.82,17,23,0,1,0,13,2061,0,0,0,1,43,30,0,9,29,1,2
87477,0,12.25,9,16,0,1,0,4,1749,0,0,0,0,30,15,0,9,21,6,5
54498,0,16.54,8,21,0,0,0,0,1149,0,0,0,0,12,15,0,15,25,4,4
78946,1,21.34,16,15,1,0,0,3,2102,0,0,0,0,38,20,1,23,2,2,6
55522,1,1164.34,11,12,0,4,0,2,1454,0,0,0,1,35,30,1,16,23,7,2
51900,1,42.62,18,25,0,0,0,3,1218,0,0,0,0,39,10,0,5,4,12,3
38228,1,30.78,11,16,0,0,0,0,2438,0,0,0,0,30,0,0,12,15,2,5
73884,0,83.26,5,16,0,6,0,2,487,0,0,0,0,9,30,0,12,24,12,2
37593,0,20.52,11,17,0,1,1,4,1223,0,0,0,0,12,25,0,14,20,4,6
92785,1,100.91,12,18,0,0,0,3,316,0,0,0,0,26,0,0,6,8,12,0
55113,1,858.45,12,11,0,0,1,2,1274,0,0,0,0,5,25,0,19,10,2,0
24096,1,43.92,9,27,0,1,0,1,2014,0,0,0,0,16,0,0,16,13,3,3
25435,1,39.83,13,22,0,0,1,4,2032,0,0,0,0,34,10,0,5,24,2,0
71192,1,45.03,18,12,0,2,0,2,1080,0,0,0,0,2,0,0,17,12,8,1
93325,1,66.98,9,16,1,0,0,3,472,0,0,1,0,25,30,0,4,19,12,4
49307,1,1064.69,16,21,0,3,0,1,1374,0,0,0,1,17,15,0,20,12,2,2
41293,1,17.99,0,17,0,0,0,0,181,0,0,0,0,5,0,0,10,13,5,1
72963,1,9.6,10,27,0,2,0,0,2351,0,0,0,0,39,10,0,5,20,5,1
75046,0,386.57,15,22,0,1,0,0,2264,0,0,0,2,23,25,0,22,14,10,1
83657,1,83.74,12,19,0,2,0,2,305,0,0,0,0,36,10,0,2,3,10,4
94226,1,57.86,17,15,0,4,1,3,1095,0,0,0,0,15,25,0,20,15,1,2
48169,1,36.0,8,17,1,4,0,1,1851,0,0,0,2,20,35,0,13,23,9,1
80559,1,39.13,8,18,0,3,0,2,1253,0,0,0,0,25,0,0,18,31,12,2
12228,1,41.4,4,27,0,2,0,3,1228,0,0,0,0,44,10,0,17,3,10,4
22699,1,295.17,23,14,0,0,0,1,661,0,0,0,0,17,0,0,0,18,12,3
25918,0,59.33,7,19,0,0,1,2,1850,0,0,0,0,22,25,0,3,5,2,2
86168,1,46.67,17,10,0,1,0,2,1304,0,0,1,0,24,20,0,8,13,8,2
60267,1,2.98,17,18,1,5,0,2,1750,0,0,0,0,32,25,0,10,15,9,0
95373,0,75.23,11,13,0,1,1,2,1938,0,1,0,0,29,40,0,11,28,3,4
81026,1,30.26,4,23,0,1,0,5,480,0,0,0,0,12,20,0,16,1,6,6
77392,1,28.7,14,12,0,1,0,3,2074,0,0,0,0,36,10,0,17,28,9,6
63631,1,2.44,7,15,0,0,0,4,414,0,0,0,0,17,0,0,2,26,10,6
56328,1,93.46,13,13,0,0,0,4,2453,0,0,0,1,10,0,0,1,25,8,0
61061,1,1151.4,22,17,0,0,0,1,1032,0,0,0,0,33,15,0,9,27,11,3
19156,0,56.79,4,16,0,1,0,4,154,0,1,0,0,8,30,0,5,10,2,0
56454,1,48.76,12,12,0,3,0,0,156,1,0,0,1,3,25,0,13,27,4,6
93331,1,106.29,6,13,0,1,0,2,1184,0,1,0,0,14,15,1,7,23,11,6
18491,1,77.25,9,13,0,0,0,6,1815,0,0,0,0,30,20,1,7,1,11,5
11623,1,4.28,12,26,1,0,0,3,1333,0,0,0,0,12,10,0,19,17,11,0
12915,1,24.69,5,12,1,0,0,3,406,0,0,0,0,11,10,0,16,13,10,0
40636,1,324.7,13,18,0,1,1,0,1874,0,0,0,0,25,10,0,22,13,3,3
19210,1,58.72,16,22,0,0,0,3,1814,0,0,0,1,33,0,0,0,4,3,1
83503,0,116.26,20,20,0,2,0,4,1614,0,0,0,0,34,15,0,1,30,12,1
62336,0,66.78,16,19,0,0,0,0,451,0,0,0,0,7,15,0,6,2,3,6
13353,0,26.53,21,21,1,1,0,3,616,0,0,0,0,19,25,0,5,28,4,0
40624,1,17.47,11,19,0,0,0,4,435,0,0,0,0,30,0,0,5,9,9,1
30244,1,9.29,0,16,0,1,0,1,1002,0,1,0,0,26,15,0,6,18,3,1
14941,1,680.93,15,18,0,2,0,2,531,0,0,0,0,20,15,0,4,29,6,6
63053,1,43.94,13,16,1,1,0,3,632,0,0,0,1,25,10,0,2,7,5,2
76253,1,41.25,6,23,1,0,0,4,1789,0,0,0,0,35,10,0,10,5,4,5
71159,1,71.07,19,16,0,3,0,1,1082,0,0,0,0,44,10,0,11,11,8,0
91985,1,21.56,21,21,0,3,0,3,457,0,0,0,0,4,0,0,6,30,1,3
38680,0,488.24,18,25,0,0,0,4,733,0,0,0,0,40,25,0,1,20,5,1
39679,1,93.76,22,11,0,1,1,4,586,0,0,0,0,38,20,0,9,12,4,5
40902,0,75.37,18,22,0,0,1,2,553,1,0,0,0,2,50,0,11,20,9,5
88691,1,99.15,14,15,0,0,1,4,791,0,0,0,0,7,10,0,22,19,11,2
47995,1,35.69,17,23,1,2,0,2,1307,0,0,0,0,28,10,1,13,24,1,4
12676,1,385.34,9,18,0,2,0,3,2394,1,0,0,0,13,25,0,13,27,10,0
69757,1,9.73,1,19,0,6,0,3,1431,0,0,0,0,13,15,0,20,27,9,5
70279,1,92.83,19,20,0,0,0,1,336,0,0,0,0,1,0,0,17,17,3,0
89661,1,64.91,1,15,0,0,1,1,469,0,0,0,1,16,10,0,17,31,3,0
27517,0,30.77,13,14,0,1,0,2,341,0,0,0,0,12,15,0,5,11,1,5
48288,1,65.31,11,16,0,2,0,0,108,0,0,0,1,12,0,0,6,19,9,4
95683,1,43.33,13,18,0,1,0,2,30,0,0,0,0,4,0,0,16,14,11,4
67102,1,34.8,9,16,1,2,0,2,2076,0,0,1,0,25,30,0,9,21,6,5
17422,0,53.89,15,15,0,2,0,2,2149,0,1,0,0,17,30,0,13,20,5,1
79218,1,65.89,12,15,0,1,0,1,2280,0,0,0,0,40,10,0,2,9,6,0
54931,0,62.57,9,17,0,2,0,3,1189,0,0,1,0,32,35,0,11,8,7,1
32111,1,36.58,6,11,0,1,0,3,1191,0,0,0,0,15,0,0,21,15,7,1
97402,1,36.28,10,27,0,1,0,2,1511,0,0,0,0,25,0,0,3,3,3,0
90368,1,50.2,10,26,0,1,0,2,1054,0,0,1,0,26,20,0,11,29,9,0
87154,1,37.58,13,25,0,0,0,2,313,0,0,0,0,42,10,0,13,20,4,6
15183,1,3.41,10,22,0,0,0,2,2471,0,0,0,0,26,0,0,18,22,12,0
78981,1,29.38,16,18,0,0,0,0,280,0,0,0,0,9,0,0,9,24,3,0
98084,0,66.49,12,23,0,0,0,2,1889,0,0,0,1,38,25,0,8,31,10,4
88719,1,25.96,11,16,1,2,0,5,1311,0,0,0,0,10,30,0,8,6,12,5
92855,1,75.14,3,16,0,7,0,7,1019,0,0,1,0,29,55,0,13,12,6,3
50568,0,57.54,21,11,1,1,1,2,105,0,0,0,0,1,35,0,2,23,1,3
74810,1,33.27,17,26,0,2,1,0,2378,0,0,0,0,23,10,0,21,3,10,4
94789,1,14.98,18,22,0,3,0,4,1735,0,1,0,0,40,25,0,10,8,3,5
58605,0,740.68,11,19,0,2,1,3,910,0,0,0,1,38,50,1,5,29,8,4
34361,1,62.2,7,21,0,1,0,3,606,0,0,0,1,10,0,0,22,23,11,6
77235,0,32.46,13,18,0,1,0,1,1090,0,0,0,0,20,15,0,18,8,2,5
88426,0,13.67,23,17,0,2,0,2,1817,0,0,0,1,30,15,0,9,1,11,5
24136,1,54.92,11,25,0,2,0,2,2086,0,0,0,0,12,0,0,0,21,6,5
77157,1,63.15,9,13,0,7,0,5,1355,0,0,0,0,37,45,1,14,15,10,2
11172,1,10.93,11,12,0,1,0,1,810,0,0,0,1,19,0,0,6,14,8,3
71181,0,6.98,12,11,0,0,0,2,2497,0,0,0,1,27,15,0,23,12,2,2
28618,1,39.12,10,15,0,1,0,0,270,0,0,0,0,36,10,0,6,7,5,2
27676,1,68.31,0,14,0,1,0,1,2210,0,1,0,0,33,15,0,13,28,11,4
75259,1,50.33,0,16,1,2,0,2,189,0,0,0,0,39,20,0,5,22,1,2
93847,1,45.74,16,18,0,0,1,2,64,0,0,0,1,21,10,0,17,20,1,0
26130,1,45.88,15,18,0,3,0,1,1201,0,0,0,1,34,0,0,1,26,3,2
59678,1,53.46,11,18,0,1,0,1,1237,0,0,0,0,44,10,0,11,26,7,5
60867,1,77.86,12,25,0,5,0,7,2190,0,0,0,0,3,35,0,18,30,6,0
59212,1,23.58,11,17,0,0,0,2,1993,0,0,0,0,4,0,0,6,22,2,5
53468,1,77.73,7,17,0,0,0,3,1770,0,0,0,0,13,0,0,21,24,3,0
96555,1,91.2,20,24,0,2,0,5,521,0,0,0,3,32,30,0,20,2,10,3
96663,1,13.12,18,16,0,4,0,0,84,0,0,0,1,37,25,1,22,28,4,0
95733,1,31.75,12,21,0,3,0,5,1230,0,0,0,0,15,20,0,4,1,6,6
55836,1,52.92,9,18,0,1,0,8,678,0,1,0,0,40,45,0,11,4,6,2
10084,1,22.14,11,19,0,0,1,0,2488,0,0,0,1,18,10,0,1,3,12,2
18423,1,8.65,12,19,0,0,0,9,2095,0,0,1,0,13,40,0,1,17,3,0
64492,1,28.57,13,23,0,3,0,1,1091,0,0,0,0,43,10,0,0,24,12,2
97554,1,69.32,1,18,0,1,1,0,384,0,0,0,2,31,20,0,0,1,5,3
50785,1,2.0,16,17,0,2,0,9,1355,0,0,0,0,7,20,0,16,24,10,4
39852,1,21.8,17,21,1,2,0,4,1558,0,0,0,0,15,10,0,22,14,3,4
43589,1,78.63,19,13,0,1,0,3,116,0,0,0,0,14,0,0,13,13,3,3
31763,1,48.66,9,22,1,0,0,8,1952,0,0,0,1,42,40,0,15,8,7,1
57050,1,65.11,17,24,1,1,0,5,2489,0,0,0,0,40,40,1,12,16,6,0
64119,1,43.48,3,16,1,0,0,3,2253,0,0,0,0,21,10,0,11,22,6,6
46156,1,85.9,17,17,0,1,0,0,205,0,1,0,1,9,15,0,0,4,1,5
27921,1,40.25,6,13,0,6,0,3,1239,0,0,0,0,37,25,0,17,12,8,1
57801,1,14.4,1,23,0,5,1,0,401,0,0,0,1,33,25,0,22,21,5,2
92263,1,257.16,10,14,0,2,0,2,2150,0,0,0,0,43,10,0,1,19,3,2
66222,1,10.4,2,15,1,2,1,0,191,0,0,0,0,40,30,0,19,12,10,6
41991,1,11.53,12,12,0,1,0,0,808,0,0,0,0,14,0,0,10,17,8,6
26984,1,33.63,8,26,0,2,1,3,358,0,0,0,0,5,10,0,20,16,10,3
64035,1,42.09,6,26,1,1,1,2,472,0,0,0,0,26,20,0,12,28,11,4
63479,1,49.14,19,12,1,0,0,3,2267,0,0,0,0,39,20,0,21,14,10,1
15912,1,30.11,18,17,1,0,0,2,1984,0,0,0,0,11,10,0,17,25,8,0
57867,1,633.09,15,29,0,0,0,0,2303,0,0,0,0,6,15,0,7,13,9,5
44178,1,26.94,3,20,0,3,0,3,2260,0,0,0,0,25,0,0,19,30,5,4
41967,1,38.39,17,26,0,2,0,3,589,0,0,0,1,15,0,0,18,9,9,1
24740,1,23.23,17,15,0,3,1,1,350,0,1,0,0,37,35,0,23,24,5,5
75671,1,39.41,2,15,0,0,0,1,854,0,0,0,0,8,0,0,15,19,2,2
40011,0,33.83,9,16,0,1,0,4,513,0,0,0,1,1,15,0,10,20,8,2
77156,1,14.3,12,17,0,0,0,3,816,0,0,0,0,7,0,0,3,19,1,6
95582,1,439.13,7,10,0,0,0,5,2003,0,0,0,0,14,20,0,22,14,3,4
37274,1,21.99,17,24,0,1,0,0,1206,0,0,0,0,19,0,0,7,27,1,0
78334,1,16.79,9,23,0,1,1,4,1719,0,0,0,1,7,10,0,8,6,10,0
44129,0,12.8,20,22,0,2,0,4,501,0,1,0,0,2,30,0,1,10,2,0
95805,1,58.66,3,17,0,2,0,4,52,0,0,0,0,13,0,0,14,13,5,1
19969,1,43.58,14,18,1,2,0,1,1812,0,0,0,0,26,10,0,15,10,7,3
62733,1,51.13,18,10,0,1,1,3,458,0,0,0,0,16,10,0,2,14,1,1
70922,1,73.82,17,14,0,1,0,6,1056,0,0,0,0,11,20,0,12,25,1,5
99071,1,13.2,13,13,0,2,0,2,1604,0,0,0,0,17,0,0,9,6,4,6
33531,1,27.24,15,13,0,1,0,0,507,0,1,0,0,9,15,0,2,20,1,0
91806,0,25.66,12,22,0,2,0,6,482,0,1,0,1,26,50,0,3,11,12,3
44361,1,52.42,9,14,0,1,1,1,1674,0,0,0,0,25,10,0,12,17,1,4
17069,1,41.73,18,28,0,1,0,2,1491,0,0,0,1,32,0,0,2,16,1,3
86333,1,27.26,7,9,0,0,0,2,1015,0,0,0,2,34,10,0,12,18,2,1
92337,1,219.64,18,20,0,0,0,2,1104,0,0,0,0,25,0,0,19,2,3,6
14158,1,1032.42,1,19,0,2,0,1,786,0,0,0,0,6,15,0,19,9,4,2
21519,1,28.29,18,16,0,1,0,3,1514,0,0,0,0,4,0,0,18,13,12,5
45512,1,31.16,16,20,1,3,1,3,1105,0,0,0,0,41,30,0,22,28,9,6
97076,1,1003.8,10,20,0,3,1,5,1994,0,0,0,1,1,45,0,5,1,10,2
79153,1,75.94,11,22,0,1,1,6,802,0,0,0,0,11,30,0,10,26,11,2
83065,0,713.61,13,21,0,6,0,1,1804,0,0,0,0,16,45,0,8,26,2,2
85058,1,1.17,5,14,0,1,1,3,871,0,0,0,0,32,10,0,4,1,7,1
80242,1,33.97,17,19,0,1,1,0,298,0,0,0,0,22,10,0,22,21,5,2
49909,1,96.81,13,19,1,1,1,1,902,0,1,0,0,44,45,0,10,26,1,6
38606,1,10.27,7,22,0,2,0,1,1358,0,0,1,0,35,20,0,18,31,7,3
87048,1,43.72,13,22,0,2,0,2,1001,0,0,1,0,6,20,0,10,19,2,2
86045,0,12.76,10,11,0,2,0,4,477,0,0,0,1,26,15,0,11,31,1,4
94404,0,28.59,12,18,0,3,1,1,1438,0,0,0,1,22,25,0,4,10,9,2
87020,1,11.61,14,26,0,1,0,0,1718,0,0,0,2,17,10,0,4,23,4,2
11760,0,45.84,9,19,0,1,1,1,1447,0,0,0,1,1,25,0,7,7,8,3
10287,1,81.19,11,18,0,1,0,0,1463,0,0,0,0,32,0,0,12,16,1,3
40951,0,5.97,11,16,1,5,1,1,775,0,0,0,0,25,50,0,22,14,7,0
75607,1,83.52,22,24,0,2,1,1,1069,0,0,0,0,13,10,0,1,21,3,4
69932,0,12.73,16,16,0,0,0,0,633,0,0,0,0,1,15,0,1,23,10,3
47477,0,47.72,16,14,1,1,0,3,486,0,0,0,0,3,25,0,15,31,5,5
65305,1,817.13,13,18,1,2,0,2,193,0,0,1,0,8,45,0,23,30,7,2
57382,1,49.61,11,21,0,1,0,4,1397,0,0,0,1,39,10,0,0,28,9,6
72950,1,61.58,15,17,1,6,0,7,2241,0,0,0,0,11,45,0,18,10,1,4
78635,0,17.33,12,13,1,2,0,4,1723,0,0,0,0,39,35,1,20,1,3,5
18151,1,22.58,11,20,0,8,0,4,1252,0,0,1,0,30,35,0,17,18,6,2
46542,1,4.36,13,21,0,0,0,2,1999,0,0,0,0,25,0,0,8,10,3,0
45100,0,35.12,9,19,0,7,0,1,2341,0,0,0,0,3,30,0,23,6,10,0
23352,1,8.71,20,17,0,1,0,4,1260,0,1,0,0,33,15,0,6,2,9,1
19132,1,30.05,14,18,1,2,1,2,982,0,0,0,0,18,20,0,2,24,5,5
46328,1,90.99,4,17,0,0,0,2,332,0,0,0,0,41,10,0,21,23,6,0
97205,0,17.83,7,12,0,3,0,0,1341,0,0,0,3,37,35,0,17,6,1,0
72931,1,33.06,15,18,0,0,0,2,1644,0,0,0,0,26,0,0,9,20,4,6
48521,0,0.11,12,18,0,1,1,3,1666,0,0,0,0,1,25,0,8,11,9,3
45344,0,7.44,19,23,0,1,0,1,412,0,0,0,0,15,15,0,11,17,7,3
41313,0,51.79,15,19,0,1,0,4,2492,0,0,0,0,10,15,1,17,22,4,1
97581,1,65.63,12,22,0,0,0,2,1580,0,0,0,1,18,0,0,10,26,11,2
63209,1,57.32,19,10,1,0,0,1,2383,0,0,0,1,34,10,0,4,2,4,2
56449,1,31.46,1,20,0,1,0,7,2285,0,1,0,0,11,35,0,17,2,2,6
15755,1,2.84,3,16,0,5,0,1,757,0,0,0,0,36,25,0,10,3,10,4
15723,1,50.09,23,16,0,1,0,1,540,0,0,0,0,21,0,0,21,9,11,6
62580,1,4.49,15,13,0,1,0,3,1826,0,0,0,0,10,0,0,3,2,6,0
98338,1,44.88,14,18,0,2,0,3,754,0,0,0,0,3,0,0,15,24,8,6
91568,1,55.31,13,15,0,3,1,2,114,0,0,0,0,12,10,0,11,15,6,6
73419,1,34.31,16,16,0,0,0,1,1493,0,1,0,0,38,25,0,4,25,1,5
61376,0,643.02,17,14,0,1,0,3,510,0,1,0,1,22,45,0,22,7,1,1
79794,1,51.32,1,18,1,3,1,2,123,0,1,1,0,17,55,0,7,12,4,5
75564,1,21.88,11,14,0,1,0,2,234,0,0,0,0,42,10,0,23,11,5,6
94382,1,50.61,8,17,0,1,0,0,2199,0,0,0,1,23,0,0,21,25,2,1
82470,1,9.46,18,11,0,2,0,1,1273,0,0,1,1,9,20,0,5,6,12,5
70945,1,37.49,2,17,0,6,0,4,92,0,0,0,0,43,25,0,8,17,6,1
68215,0,84.93,14,17,0,1,0,2,1432,1,0,0,0,44,50,1,8,16,1,3
28460,0,21.4,3,24,0,3,0,2,1793,0,1,0,1,3,30,0,4,3,12,2
61402,1,3.07,12,25,0,1,0,1,1741,0,0,0,0,32,0,0,12,3,9,2
39251,1,64.71,11,24,1,1,0,2,500,0,0,0,0,21,10,0,6,12,10,6
12298,1,29.4,9,16,0,2,0,2,1708,0,0,0,0,17,0,0,15,22,4,1
73299,1,26.04,6,16,0,1,0,2,984,0,0,0,0,8,0,0,11,4,7,4
20149,1,57.1,12,25,0,1,0,0,1798,0,0,0,0,31,0,0,1,4,9,3
37630,1,54.94,15,8,0,1,0,1,978,0,0,1,0,37,30,0,17,22,5,3
27279,0,13.14,12,27,0,3,0,2,539,0,0,0,0,37,25,0,8,6,3,3
77642,1,16.45,11,19,0,2,1,1,1238,0,0,0,1,37,20,0,20,10,10,4
61239,1,30.03,6,13,1,1,1,2,415,0,0,0,2,8,30,0,21,11,2,1
26601,0,11.0,12,16,0,4,0,2,2220,0,1,0,2,1,55,0,20,13,11,3
77587,0,88.93,9,23,0,2,0,3,301,0,1,0,1,2,30,0,13,26,4,5
48321,1,54.62,12,17,0,0,0,4,1552,0,0,0,0,7,0,0,8,19,12,4
30910,0,9.36,10,21,1,1,0,1,600,0,0,0,0,26,25,0,3,7,4,0
32990,1,64.81,14,16,0,0,0,1,172,0,0,0,3,1,10,1,16,20,10,0
99832,1,69.3,12,20,0,2,0,0,1397,0,0,0,0,22,0,0,17,18,11,1
70635,0,85.96,2,10,0,1,0,1,324,0,0,0,0,28,15,0,11,15,7,1
51017,1,44.47,19,18,0,0,0,4,1403,0,0,0,0,39,10,0,2,21,12,6
61580,1,12.08,13,22,1,1,0,2,452,0,0,0,0,11,10,0,8,3,1,4
21160,0,60.53,17,25,1,0,0,4,2420,0,0,0,0,26,25,0,11,11,9,3
63810,1,60.69,14,18,0,1,1,5,1410,0,0,0,1,2,30,0,14,22,9,0
23593,1,76.74,15,10,0,1,0,3,1333,0,0,0,0,11,0,0,10,20,11,3
84831,1,59.4,15,19,0,1,0,0,1865,0,0,0,0,40,10,0,8,24,7,3
38826,1,957.73,21,18,0,1,0,2,1751,0,0,0,0,12,15,0,14,5,4,5
70380,1,910.44,9,13,0,0,0,1,48,0,1,0,1,35,30,0,6,22,10,2
60048,1,57.97,3,25,0,2,1,1,733,0,0,0,0,44,20,0,22,3,5,5
16341,1,55.53,13,15,0,0,1,1,865,0,0,0,1,2,10,0,0,20,5,1
53499,0,53.51,15,14,0,1,0,0,375,0,0,0,0,1,15,0,8,16,10,3
55287,1,21.8,4,22,0,3,1,2,1578,0,0,0,0,34,10,0,1,11,4,4
11776,0,46.55,9,12,0,1,0,2,473,0,0,0,2,38,35,0,19,9,9,1
15062,1,42.72,9,22,0,0,0,2,42,0,0,0,1,34,0,0,8,20,10,0
76584,0,1.35,5,18,0,1,1,3,1443,0,0,0,0,6,25,0,12,16,6,0
14158,0,10.03,9,11,1,1,0,0,1437,0,0,0,0,5,25,0,0,24,3,0
58016,1,26.8,5,18,0,1,0,8,147,0,0,0,0,3,20,1,1,12,12,4
14302,0,44.47,15,18,0,1,0,1,870,0,0,0,1,21,15,0,7,2,10,3
23237,1,31.12,13,13,0,0,1,0,180,0,0,0,0,18,10,0,13,23,4,2
22657,1,43.76,7,12,0,1,1,8,1783,0,0,0,1,12,30,1,7,26,2,2
71495,1,812.75,23,12,0,1,0,4,1241,0,0,0,1,31,15,0,8,17,8,6
76042,1,6.09,19,25,0,0,0,2,2231,0,0,0,0,6,0,0,17,3,2,0
20110,0,64.46,16,25,0,2,0,2,472,0,0,0,2,5,25,0,12,8,11,5
68091,1,34.85,15,14,0,0,1,1,96,0,0,0,0,30,10,0,8,14,11,4
51448,0,74.87,18,18,0,1,0,3,2032,0,0,1,0,38,45,0,7,10,1,4
69030,1,58.65,10,22,0,2,0,2,432,0,0,0,0,30,0,0,10,2,10,3
50862,1,63.59,19,24,0,3,0,4,632,0,0,0,2,8,10,0,22,3,12,2
19152,1,43.32,0,12,0,2,0,4,1853,0,0,0,0,10,0,0,16,1,9,0
10764,1,50.43,15,16,0,2,0,2,2105,0,0,0,0,11,0,0,13,12,5,0
19435,1,63.33,10,18,0,1,0,4,2039,0,0,0,0,41,10,0,6,19,9,4
83870,1,52.66,12,25,0,4,0,1,2219,0,0,0,0,22,15,0,22,4,3,1
87271,1,37.39,10,25,0,1,0,5,747,0,0,1,0,4,40,0,10,11,6,2
39916,0,41.16,4,21,0,1,0,2,545,0,0,0,0,26,15,0,15,20,3,3
18497,1,13.8,14,26,1,3,0,1,1463,0,0,0,0,43,20,0,5,14,4,0
60444,1,728.95,10,13,0,4,0,1,2457,0,0,0,0,12,30,1,6,21,1,1
31179,1,94.59,10,13,0,0,0,1,132,0,0,0,1,29,0,0,13,30,6,0
10002,0,14.53,8,20,0,2,0,0,2149,0,0,0,0,38,25,0,17,21,5,2
80275,1,16.83,2,13,0,0,0,1,1969,0,1,0,0,3,15,0,20,1,7,1
12162,1,13.97,6,14,1,1,1,0,790,0,0,0,0,15,20,0,9,17,10,4
64847,1,23.66,5,19,0,3,0,1,243,0,0,0,0,27,0,0,0,22,8,4
33489,1,67.51,14,13,0,1,0,2,1042,0,0,0,0,2,0,0,2,24,9,2
26524,1,1052.85,11,24,0,4,1,0,1083,0,0,0,0,16,40,0,1,22,5,3
84071,1,28.38,15,15,0,1,0,6,260,0,0,0,0,35,20,0,0,28,3,4
43520,0,45.55,14,22,0,2,0,2,1848,0,0,0,0,15,15,0,8,13,6,4
51631,1,100.17,6,21,0,1,1,3,2167,0,0,0,0,42,20,0,18,13,6,4
17841,0,29.34,18,17,0,1,0,1,969,0,0,0,0,9,15,0,7,1,7,1
43036,1,78.79,13,19,1,2,0,3,1394,0,0,0,0,19,10,0,6,7,11,4
67832,1,56.98,8,22,0,3,0,2,2406,0,0,0,0,14,0,0,8,12,7,5
39576,1,976.9,13,15,0,1,0,3,488,0,0,0,1,26,15,0,9,22,3,5
49418,0,1154.29,15,16,0,0,0,3,2147,0,0,0,0,35,30,0,13,25,5,6
51442,0,45.57,17,19,0,2,0,0,740,0,0,0,0,14,15,0,14,21,5,2
16066,1,39.44,16,19,0,0,0,0,388,0,0,0,0,10,0,0,22,27,3,3
88387,1,308.41,21,18,0,1,0,2,676,0,0,0,1,26,0,0,5,21,2,4
77439,1,39.31,12,19,0,0,1,4,526,0,0,0,1,8,10,0,13,8,6,6
20330,1,46.5,10,25,0,1,0,5,177,0,1,0,0,33,35,0,20,4,3,1
13796,1,24.22,21,14,0,1,0,1,1921,0,0,1,0,22,20,0,17,7,12,6
82873,1,24.67,21,21,0,3,0,4,2059,0,1,0,0,25,15,0,21,16,11,6
44589,1,51.79,16,15,0,1,0,2,182,0,0,0,0,31,0,0,17,1,11,5
18878,1,15.04,5,17,0,2,0,2,782,0,0,0,0,20,0,0,16,8,12,0
38453,1,30.88,12,22,0,1,0,3,1179,0,0,0,0,1,0,0,2,18,6,2
81358,1,16.47,15,20,0,1,1,1,834,0,0,0,0,25,10,0,2,21,12,6
13228,0,8.52,12,26,1,0,1,2,324,0,0,0,0,6,35,0,15,30,6,0
34251,1,83.96,13,22,0,2,0,2,593,0,0,0,0,29,0,0,15,5,7,5
92739,1,104.38,6,16,0,2,0,0,64,0,0,0,1,33,0,0,23,9,4,2
26621,0,92.47,15,18,0,1,0,2,1943,0,0,0,0,25,15,0,12,1,1,2
81244,1,58.71,12,24,0,0,0,4,1548,0,0,0,0,23,0,0,20,15,5,3
39375,0,19.02,14,19,1,2,0,3,382,1,1,0,1,43,75,0,3,2,2,6
93766,1,16.67,4,22,0,2,1,1,102,0,0,0,1,23,10,0,3,14,8,3
37427,1,2.42,15,20,0,4,0,1,768,0,1,0,0,22,30,0,11,11,1,5
79052,1,1.47,16,18,0,1,0,2,2374,0,0,0,0,29,0,0,15,9,5,4
75276,0,84.96,14,14,0,1,1,5,1432,0,0,0,1,31,45,0,16,30,11,6
61461,1,56.29,9,20,0,0,0,3,2183,0,0,0,0,31,0,0,18,22,1,2
73828,0,28.82,16,18,1,1,0,2,1968,0,0,0,0,1,25,0,4,28,6,5
76413,1,508.8,15,16,0,0,0,2,439,0,0,0,0,23,15,0,19,6,7,6
65650,1,50.34,9,17,0,0,0,0,1695,0,0,0,1,33,0,0,23,8,7,1
92204,1,72.37,14,18,0,1,0,0,1399,0,0,0,0,15,0,0,15,24,10,4
17202,1,5.59,6,25,0,1,0,1,1676,0,0,0,0,17,0,0,12,16,9,1
64433,0,74.47,0,16,0,1,0,1,159,0,0,0,0,23,15,0,23,16,4,2
95404,1,61.49,14,23,0,3,0,3,1634,1,0,0,0,24,25,0,20,19,6,3
14720,1,55.62,17,21,0,0,0,2,2120,0,0,0,1,6,0,0,15,1,4,1
12054,1,68.23,19,22,0,1,1,1,1650,0,0,0,0,32,10,0,20,11,12,3
23644,1,73.29,10,16,1,2,0,6,2471,0,0,0,0,26,30,0,11,19,5,0
67311,1,32.3,1,18,0,1,0,6,1349,0,1,0,0,34,35,0,8,27,7,6
11792,0,36.14,4,14,0,1,0,4,1924,0,1,0,1,40,40,0,19,2,1,3
29861,0,22.94,18,14,0,6,0,4,800,0,0,0,0,31,30,0,19,17,10,4
39673,1,102.17,0,15,0,3,0,2,2012,0,0,0,0,44,10,0,12,23,5,4
39750,1,60.33,13,18,0,2,0,2,1944,0,0,0,1,17,0,0,18,28,11,4
47655,1,40.15,16,17,0,2,1,4,76,0,1,0,0,14,25,0,22,31,3,0
24825,1,30.96,14,17,0,1,0,3,2117,1,0,0,1,31,25,0,14,9,7,2
52252,1,35.05,18,22,0,3,0,3,859,0,1,0,0,31,15,0,18,2,7,2
69258,1,50.09,6,16,1,6,1,4,520,0,0,1,0,6,55,0,6,28,9,6
94703,1,21.57,17,14,0,0,0,3,1126,0,1,0,0,39,25,0,18,10,10,4
87120,1,54.25,8,22,0,2,1,3,119,0,0,0,1,16,10,0,11,25,5,6
87038,1,50.17,10,17,0,2,1,3,377,0,0,0,0,32,10,0,16,14,4,0
82412,1,54.18,7,27,1,2,0,0,179,0,0,0,0,21,10,0,22,14,3,4
81427,1,33.67,13,16,1,1,1,0,2228,0,0,0,0,5,20,0,2,13,12,5
30592,0,59.95,13,22,1,3,0,2,1539,0,0,0,1,12,25,0,20,13,5,1
98244,1,22.74,14,13,0,0,0,1,2175,0,0,0,0,17,0,0,15,29,3,5
18905,1,44.71,7,25,0,0,0,2,1525,0,0,0,0,24,0,0,23,25,3,1
48944,1,33.05,17,15,0,1,1,0,1749,0,0,0,0,25,10,0,23,29,5,3
15787,0,41.91,1,11,0,2,0,1,2262,0,0,0,0,28,15,0,11,9,7,2
49488,0,0.31,10,21,0,3,0,3,2050,0,0,0,1,1,15,0,22,6,2,3
76860,1,44.19,10,16,1,1,1,2,248,0,0,0,2,9,30,1,14,3,8,6
53202,1,46.36,20,13,0,0,0,2,1150,0,0,0,0,34,0,0,7,25,10,5
39196,0,55.12,15,20,0,1,0,3,413,1,0,0,0,17,40,0,2,21,4,0
70481,1,97.91,19,16,0,1,0,4,733,0,0,0,0,11,0,0,3,14,7,0
28202,1,3.2,7,23,0,1,0,1,1606,0,0,0,0,21,0,0,20,15,2,5
88094,1,75.79,7,21,0,2,0,0,1957,0,0,0,0,42,10,0,3,19,11,2
92318,0,64.03,11,18,0,2,0,0,1846,0,0,0,1,34,15,0,21,30,8,5
94227,1,16.35,13,14,0,2,1,0,1217,0,0,0,0,7,10,0,12,4,2,1
50638,1,55.78,13,21,0,0,0,2,526,0,0,0,1,11,0,0,10,9,7,2
58302,1,22.04,7,15,1,1,0,2,2139,0,0,0,0,36,20,0,15,16,10,3
21977,0,37.92,12,18,0,0,0,2,102,0,0,0,0,32,15,0,4,6,4,6
45199,1,4.95,16,23,0,2,0,2,1339,0,0,0,0,17,0,0,5,6,5,1
35234,1,36.38,10,24,0,3,0,9,264,0,0,0,1,19,20,0,4,28,1,1
76522,0,46.94,18,19,1,0,0,1,1561,0,0,0,0,31,25,0,23,29,3,5
69687,1,26.59,15,14,0,1,0,0,1220,0,0,0,0,33,0,0,1,1,7,1
34437,1,59.36,10,9,0,0,0,1,1977,0,0,0,0,33,0,0,14,19,2,2
68613,1,400.67,9,16,0,1,0,0,1656,0,0,0,0,35,0,0,3,22,10,2
84713,1,11.93,19,17,0,3,1,1,118,0,0,0,0,10,10,0,17,11,3,1
56794,1,42.12,7,24,0,2,0,2,2404,0,0,1,1,44,30,0,16,18,8,0
59923,1,59.22,10,16,0,0,1,0,220,0,0,0,1,8,10,0,22,1,9,0
97592,0,57.59,15,22,1,6,0,4,282,0,0,0,0,12,40,0,4,10,9,2
90532,1,677.55,12,23,0,1,0,4,1659,0,0,0,0,14,15,0,22,27,5,1
51453,0,9.85,12,15,0,0,1,2,489,0,0,0,0,10,25,0,4,1,10,2
69987,1,752.86,6,17,0,1,0,1,1664,0,0,0,1,33,15,0,12,5,3,2
82627,0,58.05,10,17,0,2,0,3,2183,0,0,0,0,4,15,0,17,16,5,4
65882,1,22.64,7,21,0,1,0,0,823,0,0,0,0,29,0,0,8,9,1,3
53063,1,45.52,11,14,0,5,0,4,1407,0,0,0,0,24,15,0,6,21,1,1
16733,1,47.22,8,22,0,3,0,0,1319,0,0,0,1,10,0,0,21,25,7,4
21140,0,16.42,20,23,0,1,0,6,1722,0,0,0,0,14,35,0,20,27,10,0
84814,1,7.66,20,14,0,2,0,1,2473,0,1,0,0,26,15,1,21,31,12,2
61523,1,21.55,19,14,0,0,0,2,378,0,0,0,0,38,10,0,18,22,10,2
37093,0,57.53,7,20,0,0,0,5,1146,0,0,0,0,10,35,0,14,14,1,1
92062,1,41.69,23,16,0,1,0,0,1625,0,0,0,0,13,0,0,5,9,6,0
61330,1,23.63,16,12,0,2,0,2,1564,0,1,0,0,34,15,0,5,8,9,0
53963,1,46.01,19,13,0,2,0,4,1508,0,0,0,0,8,0,0,2,8,8,4
13964,1,28.36,11,18,0,3,0,4,1788,0,0,0,0,23,0,0,8,18,11,1
36655,1,1180.41,16,15,0,1,0,8,1411,0,0,0,1,23,35,0,10,11,7,4
44677,0,791.21,20,17,0,2,0,2,2452,0,0,0,1,44,40,1,4,28,2,4
69323,1,434.59,15,29,0,2,1,1,712,0,0,0,1,38,20,0,0,23,3,6
57363,0,23.74,8,22,0,3,1,0,973,0,0,0,0,1,25,1,11,17,10,4
22436,1,67.66,13,19,0,0,0,5,335,0,0,0,1,37,30,0,0,15,9,0
17317,1,13.12,6,12,0,0,0,1,1948,0,0,0,1,8,0,0,4,31,12,2
74887,0,34.77,3,12,0,2,0,3,227,0,0,0,0,10,15,0,17,30,3,6
72995,0,32.0,13,17,0,2,1,0,1925,0,0,0,0,3,25,0,14,20,6,4
99432,0,47.54,3,12,0,2,0,2,345,0,0,0,0,21,15,0,13,26,6,3
10291,1,48.08,13,18,1,1,0,2,1446,0,0,0,0,42,20,0,0,19,8,1
76529,0,58.69,12,16,0,1,1,1,665,0,0,0,1,44,35,0,5,1,12,0
92133,1,21.66,13,15,0,2,0,1,484,0,0,0,0,2,0,0,19,15,5,3
43992,1,5.62,10,14,0,1,0,0,586,0,0,0,1,3,0,0,11,23,10,3
38630,1,13.06,12,16,0,0,0,3,1459,0,0,0,0,3,0,0,17,3,1,4
95384,1,31.36,17,21,1,4,0,2,186,0,0,0,0,5,25,0,15,22,1,2
61103,1,23.51,4,15,0,0,0,2,1304,0,0,0,0,3,0,0,3,29,8,4
46839,1,68.07,23,17,0,5,0,1,848,0,0,0,0,35,15,0,10,30,12,1
26200,0,21.87,16,21,0,1,0,1,1133,0,0,0,0,11,15,0,4,26,1,6
50695,0,5.32,19,27,0,1,0,2,183,0,0,0,0,41,25,0,17,14,10,1
12884,1,77.5,18,21,0,1,0,0,906,0,0,0,0,39,10,0,11,24,8,6
76304,0,18.93,8,16,0,3,0,2,1695,0,0,0,2,40,35,0,0,24,5,5
14617,1,28.07,18,25,0,1,0,4,709,0,0,0,0,3,0,0,0,26,10,6
74939,0,1.05,14,21,0,1,0,2,2490,0,0,1,1,16,35,0,9,20,5,1
31341,1,19.89,18,23,0,2,0,2,1158,0,0,0,0,23,0,0,18,13,11,3
42885,1,64.25,2,19,1,2,0,5,2298,0,0,0,1,23,30,0,10,14,6,5
83608,1,30.68,16,14,0,0,0,3,395,0,0,0,1,16,0,0,19,24,12,2
79296,1,52.33,10,26,0,0,0,9,1713,0,1,0,1,14,35,0,8,11,1,5
59755,1,41.9,20,20,0,2,1,6,262,0,0,1,0,43,60,0,9,2,11,6
72372,1,45.16,8,14,0,0,0,2,1820,0,0,0,1,26,0,0,9,28,3,4
33263,0,45.22,16,18,0,1,1,1,870,0,0,0,0,25,25,0,7,4,4,4
72927,1,478.28,6,11,0,2,1,2,1726,0,1,0,2,9,35,0,6,24,7,3
10191,1,24.33,10,15,0,0,0,3,1417,0,0,0,0,5,0,0,1,18,12,3
35861,1,41.43,6,8,0,1,0,1,1579,0,0,0,2,40,20,0,3,22,7,1
40461,1,34.86,1,18,0,5,0,1,1043,0,0,0,1,29,15,0,13,7,1,1
44389,1,29.66,12,21,0,1,1,1,317,0,0,0,1,13,10,0,11,13,1,0
26209,1,9.24,10,19,0,2,0,1,2002,0,0,0,0,23,0,0,1,19,6,3
81031,1,17.41,16,13,0,0,1,1,185,0,0,0,1,13,10,0,12,24,11,0
40110,1,55.46,13,15,1,0,0,2,37,0,0,0,0,16,10,0,15,20,3,3
60749,1,1.56,18,12,0,3,0,3,1997,0,0,0,0,4,0,0,6,11,6,2
19240,1,38.13,9,22,0,2,0,0,1490,0,0,0,0,39,10,0,1,10,11,0
17819,1,15.9,15,20,0,3,0,4,1355,0,0,0,0,29,0,0,1,12,12,4
24263,0,49.74,10,15,0,2,0,4,2458,0,0,0,0,27,15,0,17,3,10,4
80963,1,49.54,23,16,0,2,0,0,1931,0,0,0,0,15,0,0,3,19,4,5
97188,1,26.4,15,11,0,1,1,1,193,0,0,0,0,13,10,0,7,1,12,0
99959,0,48.62,15,14,0,4,0,4,1004,0,0,0,0,30,30,0,1,9,8,5
34249,0,84.58,1,23,0,0,0,2,2382,0,0,0,0,28,15,0,8,3,11,0
80748,1,943.23,14,15,0,0,0,0,1016,0,0,0,0,1,15,0,11,4,12,3
90543,1,102.05,6,14,0,2,1,0,2120,0,0,0,0,16,10,0,0,9,1,3
36844,1,39.09,20,18,0,0,0,2,784,1,0,0,2,43,45,0,19,2,9,1
37307,0,850.47,0,18,0,0,0,0,1529,0,0,0,0,33,30,0,14,5,4,5
18038,1,44.08,20,24,0,3,0,4,945,0,0,0,0,32,0,0,2,7,9,6
21347,1,5.1,10,18,1,1,0,3,1345,0,0,0,0,23,10,0,15,24,10,4
75752,1,81.5,6,14,0,4,0,6,185,0,0,0,1,37,45,0,13,18,2,1
13881,1,26.79,17,16,0,2,0,2,1890,0,0,0,0,34,0,0,8,1,3,5
12063,1,40.2,6,16,0,2,0,1,2025,0,0,0,0,17,0,0,14,5,9,4
90481,1,34.89,7,15,0,1,0,3,78,0,0,0,0,16,0,0,3,24,1,4
35132,1,39.28,9,19,0,1,1,3,1885,0,0,0,0,26,10,0,15,1,5,3
12029,0,22.18,12,17,0,2,0,1,2120,0,0,0,0,30,15,0,22,27,1,0
39965,1,63.25,15,16,0,2,1,3,1151,0,0,0,0,36,20,0,20,20,1,0
72915,1,36.08,10,17,0,1,1,5,1159,0,0,0,0,10,30,0,16,2,12,1
95065,1,32.49,1,17,0,1,0,3,825,0,0,0,2,28,10,0,15,1,3,5
36251,1,61.33,12,15,0,1,0,0,2406,0,0,0,0,30,0,0,23,17,7,3
70514,0,4.61,14,18,0,5,0,2,1328,0,0,0,1,30,30,0,19,24,6,1
92099,1,683.23,1,15,0,0,0,2,2162,0,0,0,0,9,15,0,12,10,7,3
80028,1,82.72,9,18,0,2,0,3,1811,0,0,0,1,31,0,0,19,5,12,4
93071,0,72.65,23,25,0,4,0,1,1965,0,0,0,0,35,30,0,17,25,3,1
48343,1,34.74,4,17,0,0,0,1,2023,0,0,0,1,22,0,0,18,22,7,1
94685,1,24.29,9,23,0,0,1,1,2457,0,0,0,0,17,10,0,18,16,3,6
95572,1,30.45,1,20,0,2,0,4,1598,0,0,0,2,12,10,0,22,22,3,5
92373,1,48.41,21,19,0,0,0,2,2024,0,0,0,0,11,0,0,5,7,5,2
11501,1,33.1,15,14,0,2,0,1,93,0,0,0,1,28,0,0,8,9,2,6
14779,0,54.73,3,23,1,0,0,8,516,0,0,0,0,9,45,1,15,22,8,4
24184,1,72.87,13,16,0,2,1,2,707,0,0,0,0,11,10,0,14,16,6,0
73541,1,10.25,14,13,0,0,0,4,923,0,0,0,0,31,0,0,11,3,12,2
66068,1,22.01,10,12,1,2,0,1,2016,0,0,0,0,36,20,0,14,14,7,0
20097,1,49.56,13,17,0,0,0,7,522,0,0,0,0,8,20,0,9,10,3,0
91417,0,23.17,9,20,0,1,0,0,717,0,0,0,2,7,25,0,11,8,1,2
73213,0,794.16,6,16,0,1,0,2,961,0,0,0,0,27,30,0,2,18,2,1
16133,1,10.79,12,23,0,2,0,2,1223,0,0,0,0,37,10,0,16,16,7,2
27390,1,55.16,13,22,0,2,1,2,966,0,0,0,1,14,10,0,11,9,12,1
63085,1,92.28,15,21,0,2,0,3,1499,0,0,1,0,39,30,0,22,4,8,0
13662,1,10.06,6,14,0,3,0,3,1632,0,0,0,0,7,0,0,7,20,1,0
78701,1,79.57,6,21,0,2,1,0,2225,0,0,0,1,40,20,1,1,24,3,0
68782,1,0.92,0,14,0,0,1,9,443,0,0,0,0,18,30,0,3,12,3,2
94727,1,55.54,10,21,1,5,0,4,758,0,0,0,0,9,25,0,19,8,10,2
84020,1,58.15,17,14,0,2,0,4,1432,0,0,0,0,5,0,0,13,15,5,3
60926,0,19.4,13,19,0,3,0,2,548,0,0,0,0,11,15,0,0,21,7,0
50393,1,28.63,3,22,0,1,1,2,1972,0,0,0,0,14,10,0,2,11,7,4
98074,1,0.2,4,12,0,1,0,0,1655,0,0,0,0,28,0,0,2,16,12,1
26317,1,64.13,20,16,0,0,0,0,646,0,0,0,2,9,10,0,0,29,4,1
23005,1,22.95,9,17,1,1,0,2,2471,0,0,0,0,9,10,0,5,28,8,3
72229,1,24.14,14,18,0,5,0,2,2488,0,0,0,1,26,15,0,19,2,3,6
18793,1,33.99,10,11,1,0,0,2,1692,0,0,0,0,41,20,1,6,27,4,6
70309,1,15.14,10,16,0,0,1,2,1769,0,0,0,0,13,10,0,0,31,1,4
27654,0,53.0,14,15,0,1,0,2,253,0,0,1,0,17,35,1,1,6,2,3
54790,1,15.03,3,19,0,0,1,4,327,1,0,0,1,5,35,0,12,28,11,4
73723,0,791.0,23,15,0,1,0,2,2114,0,0,0,0,20,30,0,4,10,7,3
99508,1,35.57,6,16,0,7,0,0,2129,0,0,0,0,4,15,0,19,19,5,0
34359,1,35.43,10,23,0,1,0,3,1829,0,0,0,0,41,10,0,12,14,9,6
73829,1,42.22,12,21,0,2,0,2,93,0,1,0,0,17,15,0,2,8,12,0
15377,1,64.9,16,16,0,0,0,1,1510,0,0,0,0,30,0,0,4,30,4,2
75002,1,12.76,19,20,0,2,0,1,248,0,0,0,0,44,10,0,19,30,4,2
88171,1,32.47,7,10,0,0,0,1,1957,0,0,0,0,14,0,0,15,19,11,2
15817,1,43.46,18,10,0,3,0,4,2408,0,0,0,0,6,0,0,12,24,9,2
77113,1,25.63,11,16,0,2,0,1,83,0,1,0,0,37,25,0,13,11,2,1
16755,0,381.3,13,24,0,3,0,1,1274,0,1,0,0,15,30,0,5,10,4,3
29144,1,57.92,10,17,0,3,0,1,425,0,0,0,1,42,10,0,17,9,10,3
94333,1,924.02,13,13,0,1,1,1,820,0,0,0,0,42,35,0,15,19,2,2
20419,0,38.81,13,12,0,2,0,1,2361,0,0,0,0,18,15,0,9,27,2,3
79303,1,19.54,12,18,0,0,0,3,127,0,0,0,0,9,0,0,7,12,3,2
35032,1,16.6,7,20,0,3,0,6,1627,0,0,0,0,7,20,0,4,1,2,5
86747,1,51.31,11,21,0,3,0,3,746,0,0,0,0,15,0,0,20,19,11,2
12853,0,48.05,9,15,0,6,0,3,1182,0,0,0,0,4,30,0,0,19,3,2
61765,1,55.69,7,18,0,1,1,4,2338,0,0,0,1,19,10,0,7,17,12,2
70527,1,44.3,8,25,0,0,0,2,510,0,0,0,0,14,0,0,8,7,8,3
95273,1,47.24,6,24,0,1,1,3,2005,0,0,0,0,12,10,0,8,26,2,2
19891,0,1107.42,19,15,0,1,0,4,439,0,0,0,0,41,40,0,11,14,6,5
21858,1,63.35,11,19,0,1,0,2,235,0,0,0,1,5,0,0,23,25,11,1
60795,1,42.48,17,18,0,1,0,2,1541,0,0,0,1,40,10,0,8,24,3,0
40067,1,25.92,13,14,1,0,0,1,1142,0,0,0,0,11,10,0,1,17,4,3
30764,0,50.33,21,18,0,1,0,9,792,0,0,0,0,10,35,0,16,3,5,5
18473,1,1.68,12,16,0,0,0,4,536,0,0,0,1,15,0,0,8,5,8,1
85186,1,31.59,19,17,1,0,0,3,1719,0,0,0,2,18,20,0,17,4,6,2
53882,1,13.09,14,22,0,1,0,1,2308,0,0,0,0,36,10,0,12,28,4,0
37525,1,63.79,17,17,0,4,0,4,1718,0,0,0,0,22,15,0,5,10,6,1
14188,0,40.23,20,14,0,1,0,2,1589,0,0,0,0,39,25,0,4,4,7,4
80180,1,73.63,11,18,0,3,0,1,1919,0,0,0,1,3,0,0,13,2,6,0
15155,1,609.92,14,28,0,0,0,3,2118,0,0,0,1,19,15,0,17,1,1,2
16740,1,20.52,10,14,0,1,0,1,2054,0,0,0,0,36,10,0,17,23,1,3
85078,1,41.55,17,11,0,0,1,5,1484,0,0,0,0,36,40,0,22,2,9,1
70270,1,52.6,6,19,1,0,0,1,210,0,0,0,0,13,10,0,4,6,10,0
50754,1,20.93,17,11,1,2,1,3,1167,0,0,0,1,13,20,0,13,2,12,1
93760,1,602.95,15,25,0,2,1,2,2482,0,0,0,0,4,25,0,14,14,3,4
61783,1,23.23,11,14,0,2,0,2,1199,0,0,0,2,36,20,0,20,14,8,3
87624,1,374.25,17,29,1,1,0,2,2210,0,0,0,0,22,10,0,5,25,10,5
88791,1,22.21,7,13,0,1,0,5,948,0,0,0,1,15,20,0,19,7,1,1
34524,1,789.76,10,20,0,0,0,3,1262,0,0,0,0,33,15,1,20,13,2,3
18952,1,28.39,20,22,0,0,0,7,2083,0,0,0,1,32,20,1,17,11,8,0
45587,1,61.82,11,17,1,0,0,7,956,0,0,0,0,13,30,1,21,31,12,2
76524,1,1.49,11,14,0,7,1,2,1845,0,0,0,1,15,25,0,17,14,2,4
78246,0,616.69,14,25,0,4,0,1,37,0,0,0,0,5,45,0,6,11,10,5
77313,1,54.66,4,13,0,0,0,1,459,0,0,0,0,32,0,0,4,18,11,1
89858,1,33.77,11,27,0,2,0,6,1684,0,0,0,0,4,20,0,6,26,5,0
66210,1,14.59,13,17,0,0,1,5,2013,0,0,0,0,11,30,0,3,6,11,3
94739,1,33.03,12,12,0,1,0,9,1301,0,1,0,0,34,35,0,15,17,11,0
40897,1,40.82,8,25,0,5,0,4,1169,0,0,0,0,7,15,0,7,15,3,5
15014,1,20.97,16,13,0,1,0,1,2168,0,0,0,0,42,10,0,2,7,10,1
39095,1,9.28,15,18,0,0,0,4,1034,0,0,0,0,33,0,0,21,17,12,2
51724,1,4.17,15,16,0,2,0,0,665,0,0,0,0,32,0,0,11,4,8,0
67956,1,15.28,8,23,0,3,0,3,2301,0,0,0,1,4,0,0,15,26,12,4
65928,1,38.46,7,23,0,2,0,3,1906,0,0,0,1,43,10,1,13,23,12,1
10330,1,14.94,13,15,0,3,0,0,693,0,0,0,0,27,0,0,4,11,2,1
78725,1,28.27,23,20,0,4,0,3,2143,0,0,0,0,2,15,0,5,22,7,1
55684,0,1046.93,0,17,0,5,0,2,1240,0,0,0,0,2,45,0,3,24,6,1
14885,1,2.71,9,16,0,1,0,1,1979,0,0,0,0,33,0,0,13,22,10,2
88939,1,1144.98,3,18,0,2,0,4,1989,0,1,0,0,23,30,0,19,22,7,1
45584,1,16.0,16,19,0,0,1,6,546,0,0,0,1,17,30,0,12,24,7,3
76747,1,64.23,17,20,1,0,1,4,381,0,0,1,0,41,50,0,8,1,7,1
73191,1,47.72,9,21,0,0,0,4,1022,0,0,0,1,32,0,0,1,19,8,1
29648,1,19.54,0,22,1,2,1,3,1797,0,0,0,0,36,30,0,22,4,1,5
73953,1,51.58,9,20,1,1,1,2,709,0,0,0,0,34,20,0,13,9,1,3
97424,0,21.92,5,17,0,0,0,4,176,0,0,0,1,35,15,0,21,19,12,4
28544,1,994.28,3,21,0,0,0,0,2272,0,0,0,1,16,15,0,2,7,10,1
55808,1,15.05,18,20,0,3,0,0,503,0,0,0,0,15,0,0,6,2,10,3
73548,0,725.71,12,17,1,2,1,1,1118,0,0,0,1,29,50,0,19,11,12,3
34863,1,17.89,12,31,0,3,0,2,808,0,1,0,0,39,25,0,8,4,9,3
32761,1,33.48,21,19,0,1,0,2,2164,0,0,0,0,43,10,0,10,25,11,1
24309,1,5.5,15,17,0,1,0,0,1449,0,1,0,0,28,15,1,0,26,7,5
98291,1,19.65,6,21,0,0,0,7,498,0,0,0,2,30,30,0,7,9,12,1
83533,1,18.34,12,13,0,2,0,5,962,0,0,0,0,21,20,0,21,15,3,5
87485,0,9.75,10,18,0,2,0,9,796,0,0,0,0,2,35,0,20,7,8,3
62851,1,38.01,15,19,0,2,0,1,1338,0,0,0,1,28,0,0,2,15,12,0
70352,0,76.57,11,24,0,4,0,0,180,0,0,0,0,38,40,0,12,21,9,6
57288,1,29.87,18,20,1,2,0,4,2239,0,0,0,0,21,10,0,2,30,8,5
47790,1,4.82,0,21,0,3,1,3,723,0,0,0,1,36,20,0,22,25,4,4
74670,1,89.23,13,12,0,1,1,4,59,0,0,0,0,1,10,0,1,3,12,2
98301,0,52.3,7,21,1,2,0,2,1137,0,0,0,1,31,25,0,18,15,3,5
62173,0,17.8,15,14,1,3,1,2,259,0,0,0,0,10,35,1,21,21,10,1
14097,1,76.59,18,12,0,0,0,1,1903,0,1,0,0,7,15,0,6,11,10,5
56814,1,62.69,14,16,0,3,0,4,2317,0,0,0,0,10,0,0,4,23,7,2
13236,0,62.38,13,16,0,0,0,7,1991,0,0,0,0,37,45,0,9,11,7,4
50768,1,20.44,7,14,0,1,0,0,80,0,0,0,1,12,0,0,8,30,4,2
55411,1,47.66,9,16,0,4,0,4,986,0,0,0,0,21,15,0,23,5,12,4
75997,1,66.6,9,23,0,0,0,0,1825,0,0,0,1,25,0,0,22,21,2,4
65610,1,80.03,10,16,0,5,0,3,1817,0,0,0,1,26,15,0,16,27,7,6
26559,1,42.42,8,20,0,1,0,2,1630,0,0,0,0,37,10,0,11,24,7,3
86697,1,38.93,20,14,0,4,0,5,522,0,0,0,0,37,45,1,11,23,8,5
47532,0,44.54,12,20,0,6,0,2,1395,0,0,0,0,6,30,0,8,12,12,4
20985,1,656.17,17,21,0,3,0,3,1156,0,0,0,0,40,25,0,15,10,7,3
38704,1,102.06,8,12,0,4,0,4,2378,0,0,0,0,10,15,0,1,17,7,3
67636,1,31.05,23,20,0,1,1,2,2198,0,0,0,1,42,20,0,18,24,10,4
23533,0,19.33,15,18,0,6,0,3,1720,0,0,0,0,1,30,0,15,27,11,3
79152,1,28.36,11,18,0,0,0,0,1336,0,0,0,0,25,0,0,23,31,1,4
79155,0,11.84,13,30,0,0,0,3,1989,0,0,0,0,1,15,1,1,21,7,0
27487,1,29.84,19,17,0,0,0,2,2169,0,0,0,1,44,10,0,6,23,2,6
83068,1,814.16,10,10,0,2,0,9,1819,0,0,0,0,44,45,0,16,27,2,3
32797,1,44.62,18,15,0,1,0,4,425,0,0,0,0,17,0,0,11,21,8,3
50582,1,72.84,3,32,0,2,0,6,915,0,0,0,0,36,30,0,21,26,6,3
81903,0,12.64,12,21,0,0,0,2,1574,0,0,1,0,22,35,0,16,25,3,1
72663,1,62.04,13,21,0,1,0,3,2105,0,1,0,1,35,15,0,1,27,9,5
56559,0,12.36,1,16,1,1,0,1,1617,0,0,0,1,4,25,0,5,21,3,4
90927,0,21.8,10,13,0,1,0,3,500,0,0,1,0,15,35,0,5,27,1,0
69029,1,19.19,16,16,0,1,0,1,2151,0,0,0,0,23,0,0,3,9,11,6
25111,1,12.87,20,16,0,1,1,1,311,0,0,0,0,2,10,0,0,20,9,5
46034,1,1.03,6,20,0,0,0,4,1405,0,0,0,2,30,10,0,11,5,3,2
22661,1,15.66,9,26,0,1,0,1,640,0,0,0,1,16,0,0,20,4,6,2
48155,1,148.41,6,19,0,2,0,1,215,0,0,0,1,43,10,0,20,19,3,2
14710,1,12.66,1,19,0,0,0,2,1812,0,0,0,0,11,0,0,23,17,8,6
92536,1,5.15,10,15,0,0,1,2,1179,0,0,0,0,18,10,0,15,13,5,1
45964,0,48.27,10,13,0,0,0,2,1073,1,0,1,0,19,60,0,12,25,5,6
97493,1,63.63,6,19,0,2,0,1,449,0,0,0,0,13,0,0,5,11,5,6
81578,1,10.34,1,25,0,1,0,4,53,0,0,0,0,8,0,0,3,18,2,1
20854,1,44.84,12,24,0,1,0,2,677,0,0,0,0,6,0,0,19,6,8,2
90350,0,84.13,17,30,0,0,0,4,1782,0,0,0,0,32,15,0,15,30,7,2
65341,1,79.63,9,12,0,2,0,3,344,0,0,0,1,16,0,0,18,19,3,2
13623,1,487.96,10,16,0,1,0,2,931,0,0,0,0,24,0,0,19,12,3,2
58962,0,41.41,8,15,1,1,1,2,1124,0,0,0,0,37,45,1,11,31,10,4
57594,1,74.17,7,17,0,3,0,7,963,0,0,0,0,3,20,0,14,15,8,4
10044,1,26.38,15,13,1,0,0,1,238,0,0,0,0,30,10,0,20,15,1,2
68360,1,70.68,13,23,0,2,0,2,1416,0,0,0,0,33,0,0,11,30,3,6
97400,1,636.09,12,18,0,0,1,6,2403,0,0,0,0,14,45,1,4,30,1,3
25315,1,40.79,8,13,0,1,0,3,731,0,1,0,0,17,15,0,19,2,1,3
28019,0,60.49,2,19,0,2,0,3,782,0,0,0,0,12,15,0,2,14,10,1
95279,0,35.26,10,26,0,0,1,1,1068,0,0,0,1,38,35,1,6,17,8,6
84842,1,30.49,6,13,0,2,1,2,1204,0,0,0,0,35,10,0,6,1,8,4
74965,0,70.61,16,17,0,1,0,2,1526,0,0,0,0,11,15,0,5,26,1,6
75920,1,44.3,1,20,0,0,0,4,1085,0,0,0,0,27,0,0,10,23,8,5
59438,0,96.37,15,19,0,1,0,1,1901,0,0,0,0,22,15,0,7,6,1,0
15251,1,14.84,8,14,0,0,0,3,1624,0,0,0,0,43,10,0,17,12,8,1
57362,1,62.24,11,19,0,1,0,0,2024,0,0,0,0,5,0,0,0,16,7,2
10758,1,76.11,9,13,0,2,0,2,2031,0,0,0,0,5,0,0,13,5,6,3
85742,1,4.78,19,14,0,1,0,5,1288,0,1,0,0,24,35,0,1,1,5,3
21977,1,69.24,7,18,0,2,0,3,769,0,0,0,0,36,10,0,18,8,12,0
74713,1,2.36,19,14,0,2,0,1,49,0,0,0,1,26,0,0,2,29,8,4
22286,0,7.88,11,19,0,2,0,2,1074,0,0,0,1,16,15,0,14,19,4,5
93614,1,54.27,7,16,0,1,0,9,945,0,0,0,0,26,20,0,13,27,8,2
36555,1,15.55,7,21,0,6,0,2,1183,0,1,0,0,34,30,0,7,1,9,0
60801,0,53.15,17,21,0,0,0,2,1405,0,0,0,0,41,25,0,19,24,10,4
37696,1,979.57,9,16,0,6,1,1,707,1,0,0,1,38,75,0,5,11,1,5
37877,1,0.29,14,14,0,0,0,3,1441,0,0,0,0,41,10,0,13,10,5,5
72883,1,19.22,15,23,1,0,0,1,115,0,0,0,0,16,10,0,9,9,8,5
95603,1,93.7,15,19,0,2,0,1,283,0,0,0,0,9,0,0,20,28,1,1
62998,1,101.52,7,26,0,4,0,9,564,1,0,0,0,20,60,0,4,4,7,4
52630,1,2.45,19,22,0,3,0,0,556,0,0,0,0,41,10,0,2,26,2,2
28285,1,413.4,13,18,0,4,0,4,2382,0,0,0,0,33,15,0,14,25,5,6
63715,1,10.66,7,23,0,7,0,1,1559,0,0,0,0,22,15,0,17,24,2,0
44222,1,10.66,20,21,0,0,0,0,1913,0,0,0,0,25,0,0,7,13,7,6
16017,1,46.67,11,14,0,1,0,7,1697,0,0,0,1,21,20,0,1,4,1,5
52011,1,40.79,12,18,0,1,0,5,368,0,0,0,1,21,20,0,18,12,6,3
57197,0,81.78,8,18,0,1,0,2,164,0,0,1,0,18,35,0,18,17,4,3
52714,1,39.5,15,20,1,1,0,2,31,0,0,0,0,38,20,1,12,9,3,6
90979,1,23.01,15,22,0,3,1,4,493,0,0,0,1,12,10,0,14,21,11,4
23150,0,38.87,10,15,1,2,0,4,975,0,0,0,0,29,25,0,6,8,6,6
70068,1,37.0,17,25,0,1,0,2,1075,0,0,0,0,26,0,0,9,19,7,5
93241,1,27.85,9,19,0,1,1,3,983,0,0,0,1,4,10,0,20,19,7,5
84296,1,33.72,7,15,0,2,0,1,2165,0,0,0,0,28,0,0,16,21,9,6
15202,1,23.01,1,22,0,0,0,2,905,0,0,0,0,25,0,0,1,1,7,1
88437,1,43.34,17,14,0,2,0,2,1016,0,0,1,0,6,20,0,22,13,9,5
25004,1,51.05,0,28,0,2,0,2,1040,0,0,0,0,43,10,0,1,6,12,5
62693,1,83.99,4,25,0,0,1,4,1670,0,0,0,0,31,10,0,10,19,10,6
38694,1,36.14,11,14,0,1,0,1,2424,0,0,0,0,9,0,0,7,15,9,0
21971,1,64.18,12,11,0,0,0,2,621,0,0,0,1,22,0,0,0,23,4,2
66087,1,74.28,8,18,0,0,0,5,366,0,0,0,0,31,20,0,13,24,5,5
77528,1,49.31,15,14,0,3,1,1,338,0,0,0,1,7,10,0,23,17,7,3
14789,1,7.68,3,19,1,2,0,1,1885,0,0,1,0,11,30,0,9,2,7,2
51384,1,46.55,11,29,0,1,1,0,1288,0,0,0,0,1,10,0,16,11,9,3
27631,1,62.43,13,11,0,1,0,0,1275,0,0,0,0,2,0,0,17,26,9,4
84548,1,21.1,5,15,0,1,0,2,184,0,0,0,0,16,0,0,10,23,10,3
39156,0,586.84,13,23,0,0,0,4,1642,0,0,0,0,40,40,1,12,22,10,2
20913,0,60.42,9,17,0,1,0,1,1328,0,0,0,0,33,15,0,23,23,4,2
42691,1,47.56,14,20,0,5,0,3,1375,0,0,0,0,43,25,0,11,17,12,2
11752,1,11.42,11,18,0,0,0,3,2219,0,0,0,0,22,0,0,19,4,3,1
16572,1,82.84,19,26,0,5,0,2,971,0,0,1,0,21,35,0,17,5,10,6
64316,0,46.47,23,18,0,3,0,2,2072,0,0,0,0,40,25,0,8,20,8,2
62393,1,44.04,18,21,0,1,0,0,2154,0,0,0,1,16,0,0,17,6,5,1
33404,1,17.6,4,25,0,2,0,1,254,0,0,0,1,17,0,0,20,3,4,3
48771,1,36.89,17,20,0,2,0,3,2063,0,0,0,0,17,0,0,5,23,1,3
77954,0,6.67,11,17,0,1,0,2,831,0,0,0,0,27,15,0,20,12,6,3
76768,0,0.96,3,18,0,1,1,2,2465,0,0,0,1,33,25,0,2,10,2,0
55393,0,60.64,10,24,0,1,1,1,2403,0,0,1,1,22,45,0,23,7,7,0
75661,1,69.21,13,24,0,1,1,2,2184,0,0,0,0,18,10,0,23,11,6,2
64106,1,14.17,19,23,1,3,0,1,1836,0,0,0,0,40,20,0,6,29,11,5
51323,1,93.4,17,20,0,0,1,2,510,0,0,0,0,9,10,0,0,14,1,1
98061,0,40.25,14,16,0,1,0,2,2323,0,0,0,1,23,15,0,11,4,1,5
52890,0,16.07,16,20,0,0,0,3,399,0,0,1,1,2,35,0,8,15,8,4
97772,1,84.24,17,23,0,2,0,3,1298,0,0,0,2,23,10,0,23,21,12,6
73249,1,251.01,12,14,0,6,0,3,2356,0,0,0,0,25,15,0,17,4,11,1
78328,1,15.66,3,19,0,4,0,2,986,0,0,0,1,15,15,0,12,23,7,2
18338,0,68.98,4,20,0,0,0,2,1135,0,0,0,0,36,25,1,16,15,6,6
39396,0,400.41,12,23,0,1,0,2,712,0,0,0,0,34,15,0,19,2,6,0
97711,0,17.26,7,18,0,0,0,12,1388,0,0,0,0,1,35,0,7,7,8,3
72789,1,33.5,9,16,0,0,0,4,1430,0,0,0,0,25,0,0,20,6,11,3
33952,1,47.29,16,20,0,1,1,3,625,0,0,0,1,19,10,1,12,10,3,0
46739,1,7.07,11,18,0,1,0,2,1813,0,0,0,0,4,0,0,8,9,1,3
99606,0,1.23,16,14,0,0,1,6,639,0,0,0,0,11,45,0,23,27,12,5
58606,1,94.92,2,19,0,1,0,4,2229,0,0,0,0,3,0,0,0,10,11,0
77882,1,54.77,12,22,0,2,0,2,1007,0,0,0,0,2,0,0,6,3,10,4
78735,1,42.5,9,24,0,1,0,2,401,0,1,0,0,8,15,1,2,15,5,3
87080,1,26.06,9,14,0,1,0,3,503,0,0,0,0,8,0,0,3,17,5,5
42639,1,60.61,14,21,0,1,0,2,1713,0,0,0,0,7,0,0,14,28,2,4
94482,0,37.48,13,17,0,2,0,0,1828,0,0,1,0,41,45,0,13,20,6,4
61234,1,39.91,18,11,0,0,0,3,356,0,0,0,1,34,0,0,12,18,7,4
72196,1,41.03,3,19,0,1,0,0,1785,0,0,0,0,38,10,0,21,31,1,4
74870,1,81.51,9,14,0,1,0,4,235,0,0,0,0,6,0,0,10,20,10,0
63606,1,42.37,11,27,0,1,1,4,279,0,0,0,0,20,10,0,17,17,5,5
97789,0,13.12,7,26,0,0,0,1,883,0,0,0,1,9,15,0,20,23,7,2
31008,1,874.87,16,16,0,3,0,0,65,0,0,0,1,26,15,0,4,13,8,2
72383,1,59.31,15,16,0,7,0,2,2101,0,0,0,0,31,15,0,22,17,9,2
26770,1,51.87,23,21,0,5,0,2,560,0,0,0,0,36,25,0,3,26,12,4
86292,0,49.97,18,16,0,1,0,6,776,0,0,0,0,16,35,0,15,26,6,3
71421,1,41.86,12,24,0,0,0,1,1190,0,0,0,0,9,0,0,20,23,3,6
67221,1,41.25,9,11,0,5,1,3,2456,0,0,0,0,14,25,0,11,10,1,4
61250,1,35.64,0,16,0,1,0,3,598,0,0,0,0,43,10,0,18,15,9,0
38690,0,72.85,10,19,0,4,0,1,798,0,0,0,0,43,40,0,12,11,7,4
88960,1,30.78,2,15,0,1,0,1,1230,0,0,0,0,22,0,0,7,10,4,3
23246,1,2.94,20,18,0,2,0,10,1237,0,0,0,0,9,20,1,0,22,5,3
91734,1,12.88,15,16,0,3,0,3,1656,0,0,0,0,43,10,0,2,25,9,3
73020,1,1.8,13,16,0,4,0,2,2191,0,1,0,0,37,40,0,21,25,11,1
54792,0,20.6,17,17,0,1,0,2,1712,0,0,0,0,29,15,0,20,22,9,0
96842,1,754.79,12,18,0,0,1,7,558,0,0,0,0,14,45,0,10,1,2,5
81370,1,81.9,16,15,0,1,0,2,37,0,0,0,0,10,0,0,16,18,9,3
11786,1,64.21,12,12,0,1,0,7,577,0,0,0,0,6,20,0,17,25,7,4
81864,1,20.04,17,11,0,2,0,2,2291,0,0,0,1,28,0,0,13,30,1,3
73082,1,1084.19,6,23,0,0,0,1,2050,0,0,0,0,26,15,0,7,22,8,4
27835,1,231.66,16,25,0,1,0,2,382,0,0,0,0,11,0,0,5,6,1,0
73009,1,16.85,14,16,0,1,0,8,2080,0,0,0,0,23,20,0,4,22,7,1
62728,1,621.61,18,22,0,0,0,2,2179,0,0,0,0,10,15,1,6,18,1,5
20663,1,1.36,20,16,1,3,0,1,2370,0,0,0,0,6,10,0,0,1,4,1
34502,1,6.59,11,22,0,1,0,2,1075,0,0,0,1,35,0,0,12,18,12,3
58706,1,17.11,19,14,1,2,0,3,1158,0,0,0,1,34,10,0,15,1,2,5
34892,1,43.99,1,23,0,2,0,3,1825,0,0,0,0,15,0,0,8,23,12,1
49367,1,29.06,15,9,0,3,0,0,1362,1,0,0,0,2,25,0,11,13,6,4
48910,1,77.48,3,22,0,3,0,3,1283,0,0,0,1,5,0,0,5,22,7,1
77391,1,34.06,13,22,1,2,0,1,1772,0,0,0,0,9,10,0,15,21,9,6
51007,0,39.29,22,22,0,0,0,3,1498,0,0,0,0,9,15,1,14,13,9,5
24404,1,24.07,20,19,0,2,0,4,1143,0,0,0,0,9,0,0,18,20,5,1
66698,1,30.73,9,19,1,1,0,0,2322,0,0,0,0,5,10,0,0,10,6,1
63589,1,25.47,8,19,0,2,0,2,1411,0,0,0,1,14,0,0,12,14,7,0
23841,1,7.0,4,24,0,0,0,3,1052,0,0,0,0,9,0,0,22,27,4,6
36493,0,2.36,14,15,0,0,0,0,708,0,0,0,1,16,15,0,2,25,5,6
47070,0,1083.55,9,12,0,2,0,3,1699,0,0,0,0,26,30,1,11,6,2,3
44422,1,9.38,0,12,0,0,0,2,2148,0,1,0,1,12,15,0,2,9,2,6
73843,1,49.17,15,15,0,0,0,2,1159,0,1,1,0,43,45,0,10,11,1,5
18560,1,27.99,19,21,0,5,0,2,409,0,0,0,1,24,15,1,21,29,6,6
42187,1,46.66,19,18,0,0,0,9,1576,0,0,1,0,9,40,1,17,29,7,1
92342,1,42.61,10,23,0,2,0,0,2334,0,0,0,0,26,0,0,14,11,11,1
83748,1,11.16,12,18,0,0,1,0,1056,0,0,0,0,26,10,0,17,14,6,5
11734,0,119.42,8,10,0,2,0,3,1033,0,0,0,0,14,15,0,2,21,1,1
39210,0,48.22,9,13,0,1,0,1,199,0,0,0,0,4,15,0,6,22,3,5
51265,0,32.95,8,15,0,1,1,1,2296,0,0,0,0,38,35,0,18,28,10,1
67450,0,53.65,19,22,0,7,0,5,588,0,0,0,0,37,60,0,21,1,2,5
77253,1,44.65,13,23,0,0,1,1,571,0,0,0,0,22,10,0,23,29,11,5
31124,0,8.12,8,20,0,1,0,3,1801,0,0,0,0,14,15,0,11,1,3,5
53808,1,59.11,7,19,0,1,0,3,562,0,0,1,1,34,20,0,12,8,11,5
24961,0,33.81,15,15,1,1,0,1,2141,0,0,0,2,22,35,0,16,30,12,1
71339,1,19.51,7,23,0,1,0,1,350,1,1,0,1,5,40,0,20,11,11,1
43357,1,19.48,21,18,0,0,0,2,216,0,0,0,3,28,10,0,13,5,2,2
58229,1,91.83,8,18,0,3,0,1,395,0,1,0,0,31,15,0,7,29,8,4
88352,0,19.03,5,16,0,1,0,0,1346,1,0,1,0,6,60,0,17,30,8,5
13228,1,22.77,5,16,1,3,0,2,1814,0,1,0,0,8,25,0,12,24,4,3
55097,0,368.45,11,21,0,1,0,3,2366,0,0,0,0,11,15,0,5,24,3,0
56819,1,61.08,13,19,0,2,0,5,1929,0,0,1,1,41,50,1,22,28,12,6
22675,1,44.47,19,18,0,3,0,3,434,0,0,0,0,44,10,0,14,3,5,5
45595,0,52.68,15,19,0,6,1,1,1102,0,0,0,1,44,50,0,18,30,8,5
58405,1,20.96,10,18,0,1,0,2,2412,0,0,0,0,24,0,0,0,17,10,4
61818,0,36.06,6,27,0,0,0,0,796,0,0,0,0,29,15,0,0,7,7,0
60218,1,77.91,12,24,0,0,1,1,1682,0,0,0,0,5,10,0,11,1,7,1
59964,1,31.5,7,17,0,5,0,3,1607,0,0,0,1,9,15,0,0,7,3,4
86884,1,47.73,11,16,0,3,0,1,1628,0,0,0,0,9,0,0,3,16,4,2
31488,1,17.98,6,13,0,0,0,2,2418,0,0,0,0,25,0,0,5,15,1,2
87359,1,52.17,16,12,0,2,0,9,2231,0,0,0,0,5,20,0,1,6,12,5
54625,0,46.38,15,24,0,0,1,5,299,0,1,0,0,9,60,0,4,29,12,0
95490,0,22.76,12,19,0,1,1,5,1789,0,0,0,1,10,45,0,16,3,5,5
96621,1,20.3,10,15,0,0,0,3,1652,0,0,0,1,1,0,0,16,3,6,1
17474,1,17.49,7,15,0,1,0,1,469,0,1,0,0,9,15,0,1,23,10,3
30897,1,39.76,17,14,0,1,0,1,621,0,0,0,0,28,0,0,23,7,3,4
93789,1,43.74,12,19,0,0,1,5,2017,0,0,0,1,17,30,0,2,15,7,1
41092,0,1074.62,6,14,0,2,1,1,425,0,0,0,0,37,50,0,22,27,5,1
82083,0,1092.03,6,22,0,2,0,1,1926,0,0,0,0,34,30,0,22,5,1,6
50293,1,54.17,0,14,0,2,0,2,1627,0,0,0,0,16,0,0,11,23,4,2
33376,0,78.11,15,18,0,4,1,0,197,0,0,0,1,25,40,0,7,18,8,0
56110,1,35.68,12,14,0,1,0,3,2346,0,0,0,0,10,0,0,7,19,2,2
59819,1,27.16,0,13,0,6,0,1,1376,0,0,0,0,36,25,0,5,16,8,5
34961,1,42.14,11,18,1,0,1,1,1745,0,0,0,0,27,20,0,5,29,10,2
23208,1,1284.53,3,20,0,1,0,1,1260,0,0,0,0,7,15,0,16,5,10,6
53020,1,35.21,7,14,0,1,1,2,1178,0,0,0,1,42,20,0,6,21,8,3
62793,1,26.65,18,29,1,3,0,1,1258,0,0,0,0,39,20,0,13,13,9,5
30706,0,55.64,12,11,0,2,0,1,250,0,0,0,1,11,15,0,10,10,1,4
47998,1,446.32,10,22,1,2,1,4,2217,0,0,0,1,38,30,0,2,24,5,5
63742,1,78.21,10,9,0,2,0,3,288,0,0,0,0,1,0,0,16,30,10,3
14462,0,64.24,10,17,1,1,0,0,523,0,0,1,0,9,45,0,20,12,3,2
39417,1,5.19,19,15,1,0,0,2,2169,0,0,0,0,32,10,0,6,7,6,5
89292,0,8.3,20,23,0,0,0,5,213,0,0,0,1,30,35,0,10,7,1,1
90222,1,4.87,5,15,0,6,0,1,69,0,0,0,1,2,15,0,3,23,2,6
57180,1,52.05,16,21,0,2,1,4,950,0,0,0,1,7,10,0,14,8,10,2
55611,1,13.6,9,20,0,0,0,3,2168,0,0,0,0,11,0,0,15,11,4,4
29564,0,41.24,18,19,0,2,0,2,216,0,0,0,0,11,15,0,15,26,9,4
36222,1,19.29,11,17,0,5,0,0,391,0,0,0,0,11,15,0,12,13,5,1
42716,1,1097.52,12,14,0,0,0,2,550,0,0,0,0,11,15,0,21,6,11,3
50475,0,29.11,4,16,0,1,0,2,258,0,1,0,0,23,30,0,6,12,6,3
33808,1,47.2,16,25,0,0,0,2,244,0,0,0,1,44,10,0,5,11,12,3
46258,1,20.24,12,19,0,1,1,5,419,0,0,0,0,37,40,0,10,15,11,5
34456,1,33.16,9,15,1,4,1,1,2053,1,0,0,0,41,70,0,9,8,3,5
15647,1,1159.51,18,11,0,0,1,2,806,0,0,0,1,21,25,0,2,11,2,1
54049,1,1121.61,10,20,0,2,0,3,968,0,0,0,1,42,25,0,10,21,8,3
40651,1,11.23,17,14,0,2,0,3,1998,0,0,0,0,10,0,0,13,28,8,3
44380,1,1209.97,13,24,0,0,0,4,868,0,0,0,1,27,15,0,18,12,11,2
47876,1,20.87,6,16,0,2,0,2,2401,0,0,0,1,16,0,0,23,13,12,5
96021,1,3.46,15,16,0,1,1,1,2142,0,0,1,2,1,40,0,8,21,5,2
64364,0,20.87,9,22,0,2,0,9,862,0,0,0,0,41,45,0,3,7,10,1
13981,1,40.91,4,21,0,1,0,4,1132,0,0,0,0,9,0,0,20,30,3,6
67090,0,81.27,3,13,0,0,1,2,1021,0,0,0,0,23,25,0,21,22,8,4
32438,0,502.22,12,25,0,2,0,4,666,0,0,0,0,41,40,0,17,15,3,5
88431,1,12.07,14,16,1,5,0,3,2058,0,0,0,1,31,25,0,23,4,2,1
23193,1,3.18,11,19,0,0,0,2,1413,0,0,1,0,2,20,0,20,1,7,1
93147,1,44.85,1,25,0,1,0,3,707,0,0,0,0,2,0,0,8,23,11,6
45163,0,19.69,12,12,0,1,1,4,2378,0,0,0,0,24,25,0,11,19,8,1
13306,1,48.03,10,15,0,1,0,1,1116,0,0,0,0,6,0,0,3,28,2,4
91542,0,55.51,20,18,0,1,0,0,2256,0,0,0,0,2,15,0,10,31,5,5
27663,1,10.45,2,13,0,0,0,7,244,0,0,0,0,16,20,1,2,4,11,1
77563,1,27.32,18,15,0,8,1,2,1463,0,0,0,0,22,25,0,11,20,7,6
42369,1,59.19,17,13,0,0,0,6,956,0,0,0,0,40,30,0,0,31,12,2
20355,1,36.65,8,17,0,0,0,3,1309,0,0,0,0,1,0,0,15,10,3,0
85608,1,14.19,22,17,0,1,0,3,265,0,0,0,0,38,10,0,15,1,5,3
49624,1,37.21,16,14,0,5,0,2,1426,0,0,0,0,4,15,0,11,28,12,6
48937,1,4.25,22,18,1,1,0,1,1474,0,0,1,1,31,30,0,15,15,2,5
11988,1,26.0,11,23,0,1,0,2,2398,0,0,0,1,6,0,0,18,26,5,0
94054,0,37.83,10,20,0,1,0,3,125,0,0,0,1,14,15,0,9,5,12,4
54957,1,13.3,14,21,0,1,0,6,859,0,1,0,0,4,35,0,19,20,10,0
31975,0,682.94,20,16,0,2,0,5,2477,0,0,0,0,4,50,0,4,13,6,4
31152,0,84.95,9,17,0,1,0,1,2108,0,0,0,0,31,15,1,12,26,4,5
93460,0,72.41,10,22,0,1,0,2,1326,0,0,0,0,33,15,1,7,7,1,1
85629,0,71.67,17,15,0,1,0,7,1553,0,0,0,1,7,35,0,13,8,5,3
94555,1,70.03,5,13,0,0,0,3,1802,0,0,0,0,32,0,0,5,22,8,4
30445,0,41.66,16,17,0,0,0,11,1100,0,0,1,0,37,65,1,6,27,12,5
47273,1,162.0,15,17,0,0,0,0,2285,0,0,0,0,16,0,0,2,14,5,2
39000,1,53.76,11,16,0,0,0,3,941,0,0,0,1,11,0,0,23,7,5,2
75932,1,60.24,19,8,0,1,0,0,482,0,0,0,0,21,0,0,3,22,10,2
94210,1,14.67,5,18,0,0,0,3,1036,0,0,0,0,22,0,0,20,28,5,2
83723,1,9.68,15,14,0,1,0,2,1285,0,0,0,1,38,10,0,14,12,2,2
48462,1,72.94,1,20,1,5,0,2,2308,0,0,0,0,36,35,0,19,19,12,4
87854,1,52.44,14,21,1,2,0,5,2175,0,0,0,0,34,30,0,22,25,2,1
62489,1,63.26,9,14,0,1,0,4,392,0,0,0,1,32,0,0,5,4,12,3
59614,0,48.06,9,20,0,4,1,1,728,0,0,1,0,5,60,0,15,19,8,1
81567,1,17.17,11,21,0,1,0,7,2247,0,0,0,0,7,20,0,8,26,5,0
79113,0,79.0,8,20,0,1,0,2,1754,0,0,0,0,22,15,1,0,7,8,3
46740,1,19.76,14,12,0,1,0,3,1490,0,0,0,2,25,10,0,15,17,11,0
12149,1,45.86,11,22,0,1,1,4,2411,0,0,0,0,17,10,0,0,12,2,2
62600,1,48.08,12,32,0,2,0,2,1737,0,0,0,0,24,0,0,18,10,4,3
69732,1,73.76,20,18,0,1,0,3,419,0,0,0,0,4,0,0,13,7,6,5
41820,1,97.26,17,19,0,0,0,3,937,0,0,0,0,22,0,0,8,3,2,0
10077,0,16.92,0,19,0,0,1,1,1455,0,0,0,2,15,35,1,7,14,7,0
30541,1,7.65,4,25,0,1,0,2,2313,0,1,0,0,33,15,0,13,27,3,3
66862,0,18.58,10,16,0,2,0,0,2001,0,0,0,0,31,15,0,23,28,7,0
36886,1,32.37,9,20,1,0,0,10,1803,0,0,0,0,38,40,0,19,5,9,4
55129,0,33.31,16,18,0,1,0,1,1563,0,0,0,0,16,15,0,8,5,8,1
26551,1,8.32,15,13,0,0,0,1,1456,0,0,0,1,15,0,0,5,12,8,1
78239,1,4.84,8,19,0,2,1,1,2066,0,1,0,0,36,35,1,7,28,4,0
30471,1,5.91,23,13,0,0,0,9,529,0,0,0,1,41,30,0,1,28,5,2
84667,1,18.5,23,13,0,4,0,7,761,0,0,0,0,11,35,0,2,8,6,6
60552,1,32.35,17,16,0,7,0,2,472,0,0,1,0,22,35,0,22,4,4,4
29527,1,3.28,10,12,0,1,0,3,494,0,0,1,2,2,30,0,19,10,5,5
16061,1,50.42,9,24,0,3,0,1,176,0,0,0,0,10,0,0,22,25,5,6
25713,1,84.38,6,26,1,2,0,3,1111,0,0,0,1,16,10,0,7,12,10,6
68335,1,59.45,21,27,0,3,0,0,1969,0,0,0,0,16,0,0,1,13,6,4
56515,1,3.16,10,12,0,3,0,1,452,0,0,0,0,22,0,0,16,8,1,2
28510,1,13.22,16,19,0,2,0,1,1564,0,0,0,0,44,10,0,9,20,11,3
89888,0,30.03,10,16,0,2,0,2,370,0,1,0,0,29,30,0,23,5,10,6
89458,1,9.87,10,16,0,0,0,1,1298,0,0,0,0,29,0,0,18,14,2,4
74061,1,48.0,9,16,0,1,1,3,1075,0,0,0,1,5,10,0,4,9,10,3
14370,1,12.18,3,21,1,1,0,3,1661,0,0,0,0,28,10,0,17,24,12,2
11403,1,45.12,13,15,1,2,0,1,772,0,0,0,1,20,10,1,16,23,5,4
19943,0,50.22,11,16,0,4,0,1,323,0,0,1,0,35,50,1,20,1,11,5
28373,0,10.92,10,17,0,1,0,3,512,0,1,0,1,10,30,0,1,25,6,2
48726,1,14.93,16,16,0,0,0,2,91,0,0,0,0,18,0,0,5,27,6,4
50473,1,16.04,10,14,0,0,0,0,710,0,0,0,0,22,0,0,19,26,3,2
61465,1,8.57,13,16,0,1,0,2,1568,0,0,0,1,3,0,0,1,27,5,1
54171,1,62.15,15,20,0,1,0,4,308,0,0,0,0,38,10,1,15,8,10,2
85789,1,42.46,13,21,0,4,0,2,1833,0,0,0,0,19,15,0,3,13,5,1
14847,0,256.78,15,19,0,2,0,2,1310,0,0,0,0,43,25,0,13,26,2,2
25706,1,55.64,15,27,0,0,0,1,2019,0,0,0,1,20,0,0,7,4,2,1
40611,1,7.96,10,17,0,2,0,4,605,0,0,0,1,44,10,0,14,3,5,5
30271,0,9.96,11,15,0,2,0,2,52,0,0,0,0,32,15,0,17,3,1,4
46464,1,58.51,23,17,0,2,0,1,2015,1,0,0,0,44,35,1,5,18,11,1
68959,1,58.52,19,28,0,1,0,3,759,0,0,0,0,39,10,0,11,4,1,5
53842,1,53.2,15,20,0,1,0,1,1319,0,0,0,1,43,10,0,0,10,5,5
93319,1,46.54,17,17,0,6,0,1,1749,0,0,0,1,3,15,0,8,26,2,2
11589,1,46.81,23,15,0,3,1,4,2196,0,0,0,0,3,10,1,16,23,9,1
95638,1,1.86,13,20,0,1,0,3,213,0,0,0,0,31,0,0,8,22,5,3
89176,1,3.85,13,18,0,1,0,1,1089,0,0,0,0,35,0,0,13,29,4,1
48364,1,87.56,10,20,0,2,0,0,938,0,0,0,0,31,0,0,22,16,11,6
27736,1,29.61,23,17,0,1,0,2,1027,0,0,0,0,44,10,0,22,12,9,4
49280,1,43.85,23,15,0,5,0,1,325,0,0,0,1,18,15,0,18,18,5,6
30402,1,3.58,20,27,0,2,0,2,1834,0,0,0,1,32,0,0,22,17,8,6
54181,1,743.92,8,23,0,4,0,2,1746,0,0,1,0,30,50,1,16,25,4,4
47982,1,37.45,14,20,0,1,0,1,2241,0,0,0,2,34,10,0,7,4,5,6
10614,1,69.44,19,23,0,4,1,2,2432,0,0,0,1,24,25,0,18,20,12,5
14785,1,15.54,12,10,1,2,0,2,2135,0,0,0,0,11,10,0,16,9,12,1
17055,0,57.8,3,17,0,2,0,2,1437,0,0,0,0,32,15,0,2,8,6,6
23900,0,49.46,14,18,0,0,0,4,1073,0,0,0,0,36,25,0,19,7,8,3
25310,0,886.38,18,16,0,0,1,2,1900,0,1,0,0,44,65,0,2,8,2,5
79961,0,20.5,16,15,0,0,0,2,2084,0,0,0,0,26,15,0,7,26,4,5
83574,0,40.44,9,13,0,1,0,3,591,0,0,0,0,12,15,0,7,20,5,1
70880,1,27.58,6,19,0,1,0,1,791,0,0,0,0,28,0,0,18,14,10,1
85090,0,20.21,13,19,0,3,0,5,782,0,0,0,0,10,35,0,22,29,3,5
30385,0,17.8,2,22,0,0,0,1,1660,0,0,0,0,23,15,0,6,22,5,3
39376,0,21.79,10,21,0,0,0,0,1498,0,0,0,0,42,25,0,16,5,7,5
61792,1,26.54,18,20,0,0,0,1,906,0,0,0,0,18,0,0,14,15,8,4
34334,1,22.38,11,22,0,1,1,1,217,0,0,0,0,20,10,0,2,3,7,3
21729,1,3.62,11,20,0,2,1,0,341,0,0,0,0,4,10,0,13,11,10,5
71812,0,35.82,11,20,0,2,0,2,1257,0,0,0,0,21,15,0,19,22,9,0
10018,1,25.56,15,16,0,6,0,0,37,0,1,0,1,11,30,0,14,2,4,2
62236,1,5.06,17,19,0,1,0,2,478,0,0,0,2,3,10,0,14,6,4,6
90099,1,43.15,19,22,1,1,0,3,171,0,0,0,0,28,10,1,3,18,8,0
17531,0,9.09,3,20,0,2,0,2,1973,0,0,0,0,2,15,0,16,30,7,2
13143,1,27.47,11,15,0,0,0,4,2249,0,0,0,0,42,10,0,23,10,8,6
36996,0,64.62,15,13,0,1,0,1,220,0,0,0,0,30,15,0,7,10,6,1
86213,1,13.53,20,19,0,1,0,4,289,0,0,0,0,26,0,0,18,13,4,6
23282,1,15.36,13,16,0,1,1,1,1929,0,0,0,2,36,30,0,2,28,7,0
37802,1,5.93,17,19,0,4,0,3,320,0,0,0,1,29,15,0,5,26,10,6
28836,0,16.35,10,19,1,2,0,3,1175,0,0,0,1,28,25,1,8,22,11,5
66134,1,57.68,17,21,0,3,0,2,472,0,0,0,0,4,0,0,10,6,12,5
32665,1,67.14,14,19,0,2,1,7,550,0,0,0,0,19,30,0,10,23,3,6
35604,1,24.67,8,20,0,5,0,2,1347,0,0,0,0,39,25,0,9,18,9,3
94972,1,68.35,6,15,1,1,0,1,459,0,0,0,1,41,20,0,17,11,10,5
29192,1,60.2,15,18,1,3,0,4,1767,0,0,0,2,42,30,0,15,8,6,6
45534,1,16.43,23,24,0,1,0,0,177,0,0,0,0,20,0,0,5,1,5,3
33165,1,0.51,8,14,0,0,1,1,1613,0,0,0,1,5,10,0,16,25,5,6
20864,1,32.83,7,13,0,1,0,1,2439,0,0,0,0,32,0,0,16,7,3,4
26442,0,38.79,13,22,0,2,0,1,1371,0,0,0,0,4,15,1,5,20,1,0
99875,1,61.28,14,18,1,3,0,1,1545,0,0,0,0,14,10,0,9,23,9,1
11635,1,68.75,13,18,0,5,0,4,1992,0,0,0,0,39,25,0,23,13,4,6
71599,1,7.89,14,18,0,0,0,2,1272,0,0,0,0,19,0,0,2,23,12,1
63196,0,16.78,11,17,0,1,0,3,1470,0,0,0,0,27,15,1,0,6,8,2
43096,1,25.05,4,19,1,1,0,3,506,0,0,0,0,2,10,0,17,22,4,1
36003,0,35.84,8,22,0,2,0,3,1200,0,0,0,1,2,15,0,13,10,9,2
24073,1,42.73,12,18,1,2,1,3,958,0,0,0,0,27,20,0,16,13,12,5
59131,1,73.12,14,24,0,0,0,0,744,0,0,0,0,5,0,0,20,18,11,1
24710,1,29.1,17,14,0,0,0,1,1068,0,0,1,0,34,20,0,9,27,6,4
38333,0,3.96,10,25,0,2,0,0,1301,0,0,0,0,42,25,0,15,5,7,5
39232,1,15.01,21,17,0,0,1,7,1380,0,0,0,0,30,30,0,9,28,10,1
42089,1,11.16,18,23,0,2,0,3,1055,0,0,0,0,4,0,0,6,7,11,4
54869,1,58.23,8,20,0,2,0,8,972,0,1,0,0,41,45,0,14,22,4,1
56526,0,15.03,17,18,0,0,0,2,384,0,0,0,0,18,15,0,8,11,11,1
23884,1,15.81,8,20,1,3,0,3,1196,0,0,0,0,2,10,1,14,11,1,5
96015,1,38.77,17,18,0,2,1,2,1952,0,0,0,0,35,10,0,21,11,4,4
85166,0,22.52,8,13,0,0,0,1,1289,0,0,0,0,42,25,0,19,25,11,1
95437,1,49.05,11,19,0,2,0,3,1255,0,0,0,0,35,0,0,10,18,2,1
35829,1,67.38,11,11,0,1,0,3,1438,0,0,0,0,27,0,0,11,8,12,0
77078,1,5.31,14,9,0,3,0,2,237,0,0,1,0,31,20,1,13,30,9,1
42306,0,27.7,11,14,0,1,0,5,1542,0,0,0,0,19,35,0,6,22,5,3
69336,1,35.63,17,18,0,2,0,5,1515,0,0,0,0,26,20,0,21,30,1,3
77646,1,91.38,15,13,0,3,0,6,1453,0,0,0,1,4,20,0,0,29,5,3
94147,1,30.31,12,18,0,0,0,0,325,0,0,0,2,40,20,0,21,23,7,2
74567,1,42.4,8,25,0,0,1,1,664,0,0,0,0,40,20,0,18,24,7,3
76693,1,46.46,5,26,0,0,0,2,1464,0,0,0,0,8,0,0,2,18,2,1
23530,1,6.95,19,14,0,5,1,1,2434,0,1,0,0,3,40,1,15,30,8,5
83469,1,29.75,7,21,0,2,1,3,887,0,0,0,1,22,10,0,6,13,1,0
97940,1,71.32,14,20,0,0,0,1,2151,1,0,0,0,21,25,0,13,23,3,6
64610,1,52.48,10,22,0,0,0,3,714,0,0,0,1,9,0,0,9,16,4,2
38359,1,445.67,16,14,0,8,0,1,1390,0,0,0,0,32,15,0,7,23,3,6
18602,1,30.31,9,20,0,3,0,0,1102,0,0,0,0,19,0,0,22,7,6,5
71257,1,740.19,10,17,0,1,0,3,1802,0,0,0,1,22,15,0,8,14,7,0
57147,1,57.33,6,16,0,4,0,4,862,0,0,0,0,39,25,0,23,9,7,2
49029,1,22.63,16,14,0,4,1,5,563,0,0,0,1,44,55,0,7,28,1,1
19249,1,27.91,19,17,0,3,0,1,782,0,1,0,2,13,25,0,11,20,11,3
51174,0,0.79,18,17,0,2,0,5,299,0,0,0,0,43,45,0,11,14,9,6
25487,0,22.41,22,11,0,1,0,0,488,0,0,0,1,36,25,0,19,3,5,5
96962,1,0.14,6,16,0,0,0,3,1262,0,0,0,0,41,10,0,11,28,4,0
33437,1,37.22,10,26,0,0,0,2,983,0,0,0,0,13,0,0,20,8,4,1
59138,1,1158.89,9,19,0,1,0,2,2219,0,0,0,0,44,25,0,8,21,4,0
99763,1,36.35,5,18,0,2,1,3,1818,0,0,0,1,5,10,0,16,27,9,5
57185,1,27.5,9,16,0,2,1,0,949,0,0,0,0,21,10,0,17,4,8,0
48082,1,30.81,20,21,1,3,0,0,1433,0,1,0,0,25,25,0,14,30,5,4
17103,1,20.46,10,18,0,2,0,4,1715,0,0,0,2,31,10,0,0,22,5,3
24168,1,11.13,8,20,0,0,1,5,896,0,0,0,0,18,30,0,22,17,5,5
24580,0,38.68,7,19,0,0,0,2,2029,0,0,0,0,2,15,0,5,7,2,4
62065,1,431.3,13,30,0,1,1,3,201,0,0,0,0,41,20,0,0,11,12,3
13467,1,69.1,11,21,0,2,0,4,633,0,0,0,0,2,0,0,0,22,4,1
34716,1,79.41,6,20,0,8,0,3,204,0,0,0,0,4,15,0,16,27,4,6
62146,1,30.53,16,17,1,5,0,7,1865,0,0,0,1,44,55,0,19,23,3,6
73637,1,5.49,8,14,0,1,1,1,538,0,0,0,0,14,10,0,20,28,8,3
85399,0,35.56,17,18,0,1,0,3,1255,0,0,0,0,33,15,0,2,28,8,3
36673,1,7.25,16,14,0,0,0,4,1538,0,0,0,0,12,0,0,1,14,2,4
39055,1,1078.23,13,20,0,2,0,2,276,0,0,0,1,11,15,1,17,2,3,6
28962,1,25.6,5,28,1,1,0,2,1161,0,0,0,1,32,10,0,5,22,9,0
75723,1,12.81,9,16,0,1,0,2,118,0,0,0,0,4,0,0,20,1,2,5
98605,1,11.21,12,16,0,0,0,1,2013,0,0,1,0,28,20,0,22,8,5,3
21157,0,44.77,10,24,0,1,0,1,1873,0,0,0,0,16,15,0,16,26,10,6
16951,0,18.62,9,21,0,1,1,3,2144,0,1,0,0,9,40,1,1,27,11,3
18236,1,48.56,10,19,0,3,0,3,2110,0,0,0,0,10,0,0,13,18,2,1
35089,1,23.55,16,13,0,0,0,1,786,0,0,0,0,24,0,0,19,4,12,3
39133,1,82.48,9,14,0,0,0,3,2117,0,0,0,0,3,0,0,18,3,12,2
94157,1,51.59,7,23,0,1,0,2,2113,0,0,0,0,39,10,0,15,13,7,6
53911,1,43.59,9,16,0,1,0,1,1375,0,0,0,0,18,0,0,6,26,8,1
37313,1,36.85,6,14,0,3,1,1,286,0,0,0,0,30,10,0,9,3,5,5
26424,1,46.29,16,20,1,2,0,0,2066,0,0,0,0,16,10,0,21,21,1,1
67562,1,60.28,15,13,0,1,1,1,855,0,1,0,0,2,25,0,3,9,6,0
66830,1,33.01,10,16,0,1,0,3,232,0,0,0,0,11,0,0,10,9,8,5
50163,1,24.22,18,15,0,2,0,1,699,0,0,0,0,18,0,0,7,18,6,2
78864,0,15.17,19,26,0,0,0,2,1164,0,0,0,0,35,15,0,22,29,10,2
85334,1,55.41,3,15,0,5,1,3,690,0,0,0,0,31,25,0,19,24,5,5
37580,0,7.92,8,19,0,1,1,5,254,0,0,0,0,27,45,0,10,14,1,1
20165,1,61.0,0,17,0,0,0,7,2490,0,0,0,0,10,20,0,22,22,7,1
25135,1,51.06,9,17,0,0,0,2,1184,0,0,0,0,27,0,0,9,13,4,6
80246,1,64.92,16,27,0,3,0,0,1817,0,0,0,0,27,0,0,18,21,7,0
89707,1,32.58,18,21,0,2,0,2,1837,0,0,0,0,24,0,0,15,18,10,5
47181,1,27.08,9,18,0,1,0,1,1435,0,1,0,0,3,15,0,4,16,11,6
45534,1,19.73,14,14,0,1,0,2,1178,1,0,0,1,39,35,0,19,27,10,0
49055,1,24.93,9,17,0,2,0,1,1143,1,0,0,1,37,35,0,21,17,3,0
97760,1,24.02,19,24,1,5,0,1,2014,0,0,0,0,20,25,0,6,16,3,6
81853,0,2.92,11,20,0,1,0,4,2121,0,0,0,0,11,15,0,23,26,8,1
53299,1,67.53,11,26,0,2,1,1,1966,0,0,0,0,12,10,0,2,2,9,1
38219,0,31.09,14,19,0,2,1,1,705,0,0,0,0,5,25,0,7,1,8,4
68854,1,2.09,20,15,0,4,1,2,2375,0,0,0,1,12,25,0,10,28,12,6
73172,1,70.07,16,16,0,2,0,3,1767,0,0,0,0,30,0,0,13,16,5,4
25913,1,9.66,11,18,0,0,1,1,922,0,0,0,0,30,10,0,8,24,9,2
89990,1,52.29,20,18,0,3,0,2,848,0,0,0,0,17,0,0,21,7,3,4
73996,1,66.54,13,11,0,0,1,0,125,0,0,0,0,16,10,0,1,17,8,6
69872,1,38.31,8,21,0,0,0,2,2068,0,0,0,0,11,0,0,0,6,1,0
11079,1,25.56,18,14,1,0,0,2,1193,0,0,0,0,37,20,0,12,9,3,6
32301,1,23.44,8,20,0,4,1,3,2366,0,0,0,0,42,35,0,22,20,12,5
63302,1,3.94,12,26,0,0,0,3,522,0,0,0,0,42,10,0,11,30,9,1
42403,1,0.27,15,22,1,0,0,2,674,0,0,0,1,44,20,0,22,21,10,1
30693,1,9.95,21,18,0,2,0,1,1476,0,0,0,0,10,0,0,11,12,12,4
56929,1,13.98,8,13,1,5,0,4,2329,0,0,0,0,24,25,0,10,19,7,5
70353,1,1124.55,22,17,0,10,0,1,1350,0,0,0,1,10,30,0,11,7,2,4
97120,1,78.13,22,14,0,0,1,2,136,0,0,0,1,41,20,0,4,10,12,2
26681,1,1.78,2,18,0,1,1,0,181,0,0,0,0,35,10,0,6,29,8,4
64436,1,22.57,6,24,0,3,1,1,591,0,0,0,1,22,10,0,13,27,5,1
81564,1,642.6,10,19,0,0,0,2,1292,0,0,0,0,21,15,0,17,23,8,5
50936,1,62.95,7,19,0,4,0,2,1844,0,0,0,1,19,15,0,15,26,10,6
99032,1,36.9,19,15,0,1,1,3,1020,0,0,0,0,13,10,0,3,7,1,1
15347,1,41.94,21,16,0,2,0,1,633,0,0,1,0,35,20,0,19,27,6,4
98007,1,1.14,4,16,0,0,0,1,983,0,0,0,0,33,0,0,22,29,3,5
51078,0,68.43,16,16,0,2,0,2,79,0,1,0,0,22,30,0,15,5,9,4
38065,0,576.24,12,19,0,1,0,3,1140,0,0,0,1,25,30,0,17,10,7,3
89068,1,58.41,15,22,1,1,0,1,1174,0,0,0,0,18,10,0,22,17,9,2
31841,1,47.47,16,16,0,2,0,2,2202,0,0,0,1,4,0,0,18,21,9,6
31979,0,76.49,13,16,0,0,0,2,654,0,0,0,0,34,15,0,20,14,1,1
81179,1,30.29,4,14,0,1,0,1,204,0,0,0,2,37,20,0,5,11,12,3
39956,1,65.3,14,22,1,1,0,1,1400,0,1,0,1,44,35,0,14,28,5,2
55765,0,10.92,11,20,0,6,0,3,874,0,0,0,0,17,30,0,22,9,6,0
43125,1,44.83,23,24,0,0,0,2,283,0,0,0,0,24,0,0,7,3,9,2
49622,1,8.21,8,11,0,0,0,1,2039,0,0,0,0,41,10,0,4,8,10,2
85434,1,408.28,23,18,0,3,1,1,1314,0,0,0,2,21,20,0,19,11,4,4
11117,1,36.58,6,23,0,0,0,3,737,0,0,0,0,34,0,0,8,27,4,6
31165,1,54.08,20,11,0,5,0,2,771,0,0,0,0,17,15,0,15,13,6,4
24176,1,6.77,15,17,0,2,1,2,2382,0,0,0,1,36,20,0,10,31,8,6
99710,1,56.16,10,12,0,0,1,2,1820,0,0,0,0,41,20,1,7,6,12,5
63983,1,19.67,8,7,0,4,1,2,1090,0,0,0,0,18,25,0,18,22,9,0
35123,1,20.32,7,17,0,2,0,5,968,0,0,0,1,10,20,0,22,30,5,4
80009,1,37.1,11,16,0,1,0,1,2248,0,0,0,0,32,0,0,10,27,10,0
86310,1,21.31,23,15,1,1,0,2,167,0,0,0,1,14,10,0,23,30,5,4
61354,1,60.15,15,26,0,2,0,6,1004,0,0,0,0,25,20,0,18,3,4,3
17514,1,680.1,9,13,0,1,0,1,297,0,0,0,1,11,15,0,7,4,8,0
61261,0,1029.73,5,16,1,3,0,1,1867,0,0,0,0,19,40,0,13,17,11,0
27134,0,75.76,12,11,0,0,0,2,676,0,1,0,0,29,30,0,1,30,7,2
10397,0,58.44,16,17,0,2,1,4,667,0,0,0,1,11,25,0,8,20,7,6
30688,1,49.26,8,15,0,1,0,0,551,0,0,1,0,7,20,0,9,11,3,1
96580,1,57.11,11,16,0,5,0,1,1816,0,0,0,0,39,25,0,21,6,5,1
42929,1,1145.77,6,24,0,2,0,0,2035,0,0,0,0,5,15,0,22,13,12,5
91311,1,55.02,8,12,0,0,1,0,1989,0,0,0,0,44,20,1,4,25,3,1
14603,1,61.81,6,19,1,2,1,3,908,0,0,0,0,41,30,0,21,4,5,6
47033,0,33.2,15,23,0,1,0,3,552,0,0,0,0,44,25,0,9,30,9,1
77614,0,10.49,16,27,0,0,0,2,1638,0,0,0,0,2,15,0,20,17,4,3
58666,1,34.82,2,22,0,0,0,2,110,0,0,0,2,34,10,0,9,20,11,3
99932,1,18.95,14,19,0,2,0,2,1197,0,0,0,0,20,0,0,5,12,3,2
36191,1,49.55,23,24,0,2,0,2,1822,0,0,0,0,18,0,0,15,7,2,4
71350,1,32.37,11,18,1,1,1,3,903,0,0,0,0,17,20,0,8,16,8,5
34533,1,27.24,9,17,0,5,0,3,670,0,0,0,0,22,15,0,1,16,5,4
31021,1,12.89,9,14,0,1,0,1,1472,0,0,0,1,23,0,0,12,9,2,6
50672,1,51.73,20,19,0,0,1,3,1007,0,0,0,0,17,10,0,22,6,9,5
24040,1,34.15,12,16,0,1,1,3,2254,0,0,0,0,6,10,0,2,26,7,5
39447,0,37.65,8,18,0,0,0,1,656,0,0,0,0,13,15,0,14,5,5,0
80266,1,61.31,9,17,0,0,0,0,82,0,0,0,0,44,10,0,8,13,9,5
17256,1,12.13,8,21,0,2,0,3,363,0,0,0,1,33,0,0,23,29,9,0
18922,1,59.74,19,23,0,0,0,3,1325,0,0,0,0,27,0,0,8,26,2,2
14226,1,54.6,5,21,0,2,0,4,1348,0,0,0,0,9,0,0,21,16,10,3
23463,0,28.78,15,15,0,1,0,1,580,0,0,0,0,16,15,0,0,9,7,2
52926,1,49.09,10,19,0,3,0,3,1089,0,0,0,0,20,0,0,0,28,10,1
21137,1,43.72,11,13,0,0,1,1,924,0,1,0,0,27,25,0,10,22,7,1
41432,1,31.43,8,26,0,0,0,1,1841,0,0,0,1,25,0,0,21,2,5,4
92680,1,77.68,13,10,0,0,0,4,682,0,1,0,0,28,15,0,15,27,1,0
97156,1,672.5,11,10,0,0,0,5,673,0,0,0,1,39,45,0,15,1,1,2
35984,1,91.54,9,24,0,1,0,3,431,0,1,0,0,7,15,0,15,30,8,5
92750,1,84.09,21,28,0,4,0,0,243,0,0,0,0,29,15,0,0,28,2,4
12899,1,702.88,8,15,0,2,0,0,1622,0,0,0,1,36,25,0,14,20,8,2
55455,0,403.91,6,16,0,0,1,1,557,0,0,0,0,14,25,0,20,19,4,5
62543,1,74.74,20,19,0,1,0,0,1218,0,0,0,1,27,0,0,17,19,3,2
28538,1,25.1,0,19,0,2,0,3,1196,0,0,0,0,34,0,0,23,28,8,3
45361,1,56.54,4,16,1,0,0,1,1157,0,0,0,0,6,10,0,8,24,2,0
72538,1,32.98,13,14,0,4,0,1,2410,0,0,0,0,36,25,0,9,21,8,3
55689,1,40.91,7,13,1,1,0,1,1318,0,0,0,0,37,20,0,19,5,5,0
94459,1,1.01,17,21,0,3,0,2,1665,0,0,0,0,31,0,0,22,23,6,0
15707,1,17.8,15,20,0,0,1,1,103,0,0,0,0,1,10,0,6,27,4,6
33836,1,44.73,16,15,0,1,0,1,2484,0,0,0,0,26,0,0,14,20,8,2
70999,0,53.71,19,15,0,1,0,0,80,0,0,0,1,18,15,1,2,22,11,5
24580,1,54.46,7,19,0,0,0,3,112,0,0,0,0,17,0,0,3,13,11,3
21104,1,26.46,13,23,0,2,0,1,1388,0,1,0,0,9,15,0,17,14,4,0
35017,0,762.78,11,25,0,1,0,2,1210,0,0,0,0,17,30,0,21,24,2,0
85951,1,4.52,1,19,0,1,0,3,2079,0,0,0,1,3,0,0,16,6,4,6
41227,0,15.71,10,21,0,2,0,3,841,0,0,0,0,25,15,0,15,31,5,5
22355,1,28.82,18,15,0,0,0,2,2405,0,0,0,0,40,10,0,6,16,1,3
88723,1,73.16,7,22,0,2,0,0,979,0,0,0,0,25,0,0,17,20,2,3
71999,0,18.19,6,18,0,1,0,2,679,0,0,0,0,29,15,0,20,25,9,3
93033,1,38.61,20,12,0,0,0,5,2328,0,0,0,0,17,20,1,4,19,8,1
48507,0,18.62,12,17,0,1,0,0,538,0,0,0,1,20,15,0,19,22,2,5
86738,1,7.3,23,23,0,1,0,5,780,0,0,0,0,28,20,0,13,10,5,5
32995,1,24.11,6,16,1,3,0,7,420,0,0,0,2,28,40,0,9,8,3,5
21160,0,8.2,15,18,0,3,0,0,182,0,0,0,0,44,25,0,22,11,10,5
47971,1,58.48,6,13,0,3,0,0,148,0,0,0,0,14,0,0,8,10,8,6
56062,1,10.73,13,16,0,4,0,4,1982,0,0,0,0,37,25,0,5,25,8,0
85407,1,5.95,23,24,0,0,0,2,901,0,0,0,0,11,0,0,17,16,12,1
29049,1,15.5,4,13,0,1,1,2,64,0,0,0,0,2,10,0,21,5,2,2
53261,1,20.28,6,15,0,1,0,2,1081,0,0,0,0,17,0,0,13,6,4,6
14944,1,44.14,12,15,0,3,0,1,363,0,0,0,0,42,10,0,9,19,6,3
48314,0,37.63,8,11,0,0,1,2,1850,0,0,0,0,21,25,0,14,31,7,3
69312,1,24.78,3,16,0,1,1,6,634,0,0,0,0,12,30,0,8,4,5,6
95525,1,71.76,17,16,1,1,1,3,1535,0,0,0,0,37,30,0,5,18,3,1
15503,1,679.09,15,23,0,2,0,2,2266,1,1,0,0,3,55,0,23,6,5,1
39023,1,32.11,13,24,0,0,1,3,482,0,0,0,0,19,10,0,8,3,7,3
39178,1,12.04,15,17,0,1,0,3,118,0,0,0,1,19,0,0,0,15,6,6
92990,1,33.53,16,22,0,2,0,2,1863,0,0,0,0,41,10,0,11,25,7,4
76360,0,15.77,1,15,0,1,0,3,2013,0,0,0,0,11,15,0,23,25,4,4
80362,1,301.84,16,25,0,4,0,0,659,0,0,0,0,3,15,0,12,14,6,5
39360,0,15.84,19,22,0,4,0,2,233,0,0,0,0,19,30,0,16,2,7,2
50097,1,45.19,0,15,0,0,1,3,793,0,0,0,0,27,10,0,5,30,4,2
96158,1,44.93,11,16,1,2,0,0,716,0,0,0,0,13,10,0,5,3,2,0
60697,1,97.05,5,21,0,1,1,2,2408,0,0,0,0,30,10,0,7,26,2,2
88712,0,14.42,18,27,0,1,0,6,1664,0,0,1,0,43,65,1,6,16,6,0
35012,1,54.35,23,8,0,1,0,1,1029,0,0,0,0,6,0,0,9,22,3,5
93330,1,13.31,19,15,0,1,0,3,1704,0,1,0,0,38,25,0,15,2,7,2
38365,0,8.23,6,8,1,2,0,8,2148,0,0,0,0,14,45,0,4,25,5,6
85128,1,304.31,23,25,0,0,0,3,104,0,0,0,1,23,0,0,18,14,5,2
28434,1,31.32,2,16,0,0,0,1,993,0,0,0,0,37,10,0,3,10,12,2
52590,1,34.44,13,18,0,2,0,1,211,0,0,0,2,5,10,0,20,11,9,3
61329,1,136.29,7,19,0,2,0,3,307,0,0,0,0,22,0,0,18,4,7,4
16554,0,25.04,8,20,0,0,0,3,2182,0,0,0,0,16,15,0,8,1,11,5
15105,1,30.05,19,22,0,3,0,6,2240,0,0,0,0,35,20,0,6,22,2,5
78120,1,46.46,19,17,0,3,1,2,909,0,0,0,0,20,10,0,12,30,3,6
19781,1,55.08,10,22,0,0,0,2,736,0,0,0,0,19,0,0,9,1,5,3
69580,1,1.84,0,24,0,1,0,9,372,0,0,0,0,30,20,0,7,22,5,3
49791,1,57.96,1,15,0,2,0,1,1542,0,0,0,0,26,0,0,9,15,5,3
10036,0,955.74,17,14,0,1,0,7,175,0,1,0,0,44,75,0,6,5,9,4
69024,1,799.06,19,14,1,1,0,3,896,0,0,0,0,25,25,0,23,3,12,2
11722,1,63.98,18,20,0,1,1,2,209,0,0,0,0,44,20,0,3,24,12,2
77496,0,50.55,6,21,0,1,0,4,187,0,0,0,1,14,15,0,7,18,7,4
99856,1,16.55,6,12,0,1,0,5,794,0,0,0,0,39,30,0,1,13,10,0
41024,1,67.37,5,15,0,2,0,4,1667,0,0,0,0,4,0,0,2,27,3,3
89013,1,13.75,19,18,0,1,0,0,1363,0,0,0,0,22,0,0,10,9,10,3
34294,0,27.64,11,21,0,1,0,3,480,0,0,0,0,30,15,0,13,13,11,3
15107,1,19.72,13,13,0,2,0,3,2217,0,0,0,0,10,0,0,23,1,6,6
73326,1,32.83,10,18,0,1,0,2,1105,0,0,0,0,29,0,0,2,22,11,5
33675,0,57.36,9,15,0,2,0,3,1465,0,0,0,1,34,15,0,17,28,4,0
99896,1,38.63,12,20,1,0,1,1,1710,0,0,0,0,5,20,0,12,3,4,3
88307,1,18.08,9,11,0,0,0,3,1341,0,0,0,0,13,0,0,15,23,2,6
14086,1,32.16,0,20,1,0,1,1,31,0,0,0,0,8,20,0,18,7,1,1
72957,0,44.57,16,20,1,3,0,4,2109,0,0,0,1,4,25,0,18,19,1,6
45064,1,69.88,19,22,1,0,1,2,37,0,0,0,0,20,20,0,11,11,7,4
30358,1,16.99,15,26,0,2,0,2,1038,0,0,0,1,13,0,0,6,3,1,4
87475,1,239.28,1,21,1,1,0,1,239,1,0,1,1,38,65,0,8,7,6,5
50434,1,29.04,18,15,0,0,0,2,1699,0,0,0,1,1,0,0,15,30,5,4
96598,1,73.25,18,19,1,5,0,2,1112,0,0,0,1,11,25,0,19,26,4,5
61594,1,59.02,22,31,0,0,0,0,712,0,0,0,1,32,0,0,18,16,11,6
34296,0,22.41,23,19,0,1,0,0,2443,0,0,0,0,39,25,1,2,1,2,5
42027,1,10.04,8,14,0,2,0,0,2079,0,0,0,1,3,0,0,9,5,10,6
41783,1,23.35,6,21,0,3,0,2,705,0,0,0,1,44,10,0,10,29,7,1
60870,0,16.35,18,12,0,1,1,4,1112,0,0,0,1,23,25,0,6,10,1,4
29231,1,53.76,12,21,1,6,0,2,2194,0,0,0,0,35,25,0,21,12,8,1
21411,0,7.04,2,18,1,0,0,2,1204,0,0,0,0,39,35,1,15,5,5,0
85443,0,16.88,17,12,0,0,0,2,70,0,0,0,0,29,15,0,11,14,5,2
13579,1,74.32,17,16,0,3,0,1,583,0,0,0,0,8,0,0,3,23,5,4
10707,1,13.61,10,15,0,0,0,1,2241,0,0,0,1,34,0,0,14,28,9,6
52256,0,37.49,11,21,0,1,0,1,1112,0,0,0,1,9,15,0,21,14,6,5
24098,1,21.05,7,15,0,0,0,3,2316,0,0,0,0,39,10,0,7,27,3,3
18841,1,94.39,21,19,0,2,0,2,1082,0,0,0,1,11,0,0,10,12,4,5
42130,1,9.84,13,10,0,1,1,0,77,0,0,0,0,10,10,0,7,3,11,0
29144,1,15.25,0,16,0,0,0,1,1751,0,0,0,0,44,10,0,1,22,4,1
68813,0,94.44,9,13,0,1,0,1,507,0,0,0,0,20,15,0,3,11,8,0
13118,1,75.72,10,15,0,3,1,8,2420,0,0,0,1,6,30,0,22,18,11,1
14302,1,52.4,2,10,0,0,0,2,2081,0,1,0,0,25,15,0,20,31,1,4
59178,0,12.5,13,20,0,0,0,6,1657,0,0,0,0,17,35,0,6,1,6,6
76224,1,11.94,19,16,0,0,0,3,671,0,0,0,0,8,0,0,8,31,1,4
66142,1,91.3,23,20,0,0,0,3,723,0,0,0,0,39,10,0,20,22,8,4
79235,1,42.35,15,26,0,0,0,3,775,0,0,0,1,13,0,0,16,21,10,1
12539,1,49.54,14,25,0,1,1,2,2277,0,0,0,0,28,10,0,11,5,2,2
20077,1,45.44,14,19,0,1,0,2,768,0,0,0,1,21,0,0,7,21,9,6
58340,1,98.62,12,15,1,0,0,4,831,0,0,0,0,42,20,0,5,24,12,2
66096,1,24.76,20,22,0,1,1,2,710,0,0,0,1,33,10,0,23,3,3,0
55650,1,65.31,10,23,1,0,0,2,1092,0,1,0,0,5,25,0,6,8,10,2
26655,1,93.64,9,16,0,0,0,2,2424,0,0,0,0,18,0,0,16,10,12,2
79195,1,70.66,14,20,1,2,0,0,1916,0,0,0,0,34,10,0,17,23,2,6
48154,1,4.55,10,18,0,0,0,2,2440,0,0,0,1,14,0,0,9,13,3,3
12710,0,26.7,22,16,0,6,0,0,152,0,0,0,1,18,30,0,10,21,8,3
18312,0,83.08,4,18,0,5,0,1,1207,0,1,0,0,12,45,0,15,27,10,0
41751,1,49.21,10,20,0,0,0,3,405,0,0,0,0,33,0,0,19,12,6,3
37134,0,83.06,14,19,0,1,0,3,1890,0,0,0,1,12,15,0,13,30,4,2
46008,1,53.75,13,23,0,1,1,2,1015,0,0,0,1,35,10,0,2,31,3,0
94705,1,53.4,20,20,1,1,0,3,972,0,0,0,0,25,10,0,7,1,2,5
21346,1,26.27,4,13,0,2,0,4,1787,0,0,0,1,43,10,0,22,22,10,2
79860,1,36.37,14,16,0,1,1,1,2118,0,0,0,0,27,10,0,11,3,2,0
52132,1,20.24,7,28,0,3,0,3,2265,0,0,0,0,28,0,0,18,26,5,0
91862,1,74.76,20,21,0,1,1,4,1009,0,0,0,0,34,10,0,2,26,12,4
19903,1,110.81,18,23,0,1,1,7,220,0,0,0,1,31,30,0,9,2,3,6
33704,0,50.51,12,11,0,5,0,0,2464,0,0,0,0,41,40,0,11,21,3,4
67451,1,33.68,6,17,0,1,0,1,2074,0,0,0,0,39,10,0,0,21,8,3
55659,1,54.02,17,22,0,1,0,2,2308,0,0,0,1,14,0,0,2,5,3,2
56241,1,7.93,9,10,0,6,0,1,225,0,0,0,2,24,25,0,10,22,12,0
64914,1,100.3,8,21,0,2,0,1,691,0,0,0,1,12,0,0,17,1,12,0
19375,1,42.51,12,21,0,3,0,2,1826,0,0,0,1,44,10,0,6,9,10,3
62445,1,45.29,17,18,0,3,0,3,1885,0,0,0,1,34,0,0,22,26,10,6
88287,1,15.33,15,15,0,4,0,4,2319,0,0,1,0,7,35,0,23,27,3,3
17923,1,82.25,18,24,0,2,0,1,1906,0,0,0,0,38,10,0,3,24,1,4
76427,1,43.03,23,15,0,1,0,1,170,0,1,0,0,21,15,0,21,21,7,0
25451,1,61.22,14,22,1,4,0,1,1498,0,1,0,0,8,40,0,19,28,9,6
33900,0,1.95,12,15,0,0,0,4,1759,0,0,0,1,1,15,0,20,30,7,2
56881,1,23.35,1,22,0,1,0,0,1402,0,0,0,2,30,10,0,12,18,6,2
89258,1,103.78,16,14,1,0,0,2,2458,0,1,0,0,20,25,1,20,16,2,6
85090,1,2.39,19,22,0,2,0,1,999,0,0,0,1,19,0,0,2,18,10,5
32616,1,81.09,7,19,0,3,1,1,2258,0,0,0,0,7,10,0,2,6,11,3
24602,1,7.39,14,19,0,3,1,1,230,0,0,0,0,2,10,0,19,26,4,5
78156,1,36.09,21,25,0,3,0,6,2038,0,0,0,0,16,20,0,17,7,5,2
14574,1,20.21,9,18,1,1,1,2,1204,0,1,0,0,9,35,1,18,4,6,2
92781,1,85.81,9,13,0,0,0,1,1965,0,0,0,1,4,0,0,6,5,6,3
18152,1,28.55,8,16,0,1,0,2,1234,0,0,0,1,1,0,0,8,11,9,3
19703,0,27.26,8,21,0,1,0,1,411,0,0,0,2,12,25,0,9,12,4,5
92481,1,81.94,13,20,0,2,1,0,1704,0,0,0,0,1,10,0,20,24,7,3
30695,1,37.04,12,19,0,1,0,0,900,0,0,0,1,1,0,0,22,10,1,4
25099,0,7.65,6,22,0,2,0,1,1531,0,0,0,1,24,15,0,1,1,12,0
72873,1,3.32,6,14,0,2,0,2,995,0,0,0,1,17,0,0,11,7,12,6
92220,0,13.35,20,19,0,0,0,5,369,0,0,0,0,31,35,0,2,4,6,2
29104,1,87.48,16,17,0,0,0,2,650,0,0,0,0,15,0,0,15,15,4,1
83820,1,65.45,9,26,0,1,0,4,1838,0,0,0,0,26,0,0,15,9,4,2
11423,1,6.3,14,17,0,2,0,2,427,0,0,0,0,35,0,0,22,19,1,6
36146,0,63.58,10,14,0,0,0,1,2159,0,0,0,1,6,15,0,6,2,2,6
16333,1,50.3,14,15,0,1,1,2,787,0,0,0,1,30,10,0,13,13,5,1
95828,1,39.81,18,25,0,1,0,0,1990,0,0,0,0,25,0,0,18,10,5,5
91798,1,9.61,19,18,1,1,0,6,2293,0,0,0,0,17,30,0,22,11,2,1
37984,0,85.06,9,19,0,2,0,0,896,0,0,0,1,4,15,0,17,1,8,4
30635,1,21.87,3,26,0,2,0,2,160,0,0,0,0,18,0,0,23,29,4,1
69970,1,49.03,21,19,0,1,1,3,766,0,0,0,0,36,20,0,12,19,4,5
98570,1,47.78,22,14,0,2,0,4,2299,0,0,0,1,26,0,0,14,7,7,0
61461,1,74.14,8,11,0,2,0,8,178,0,0,0,1,8,20,0,9,30,11,6
90756,1,66.7,9,16,0,2,0,2,104,0,0,0,0,34,0,0,18,22,2,5
99944,1,25.77,15,16,0,2,0,2,1749,0,0,0,0,36,10,0,10,27,8,2
88880,1,52.83,18,17,0,2,0,2,1535,0,0,0,0,15,0,0,17,13,3,3
98212,1,34.75,13,18,0,4,0,5,51,1,0,0,0,2,60,0,18,28,10,1
44051,1,52.78,16,17,0,2,0,1,1915,0,0,0,0,19,0,0,15,5,8,1
87694,0,3.84,14,12,0,1,0,2,612,0,0,0,0,15,15,0,14,20,4,6
17064,1,45.58,10,24,0,0,0,1,1519,0,0,0,1,28,0,0,15,12,2,2
25065,1,24.03,14,12,0,1,0,0,2468,0,0,0,0,19,0,0,9,30,8,5
81016,1,35.03,19,12,0,1,0,5,1126,0,0,0,0,10,20,0,20,2,3,6
14182,1,12.88,13,25,0,1,0,3,1859,0,1,0,0,15,15,0,4,1,11,5
90384,1,8.24,11,25,0,1,0,0,1913,0,0,0,0,8,0,0,11,21,6,5
32719,1,299.92,17,29,0,1,0,0,1811,0,0,0,0,7,0,0,17,17,2,0
70724,1,19.39,11,18,0,1,0,2,1685,0,0,0,0,35,0,0,0,27,8,2
96575,1,53.88,23,21,0,2,0,1,2148,0,1,0,0,10,15,0,12,31,8,6
14381,1,16.83,13,17,0,0,0,1,1417,0,0,0,0,31,0,0,15,14,10,1
51813,1,24.3,10,24,0,4,0,1,1325,0,0,0,0,6,15,0,12,23,5,4
43162,1,575.68,8,20,1,0,0,1,2201,0,0,0,0,42,35,0,13,14,11,4
41275,1,105.2,15,11,0,0,0,2,1979,0,1,0,0,7,15,0,13,9,1,3
71152,1,18.71,13,22,0,2,0,2,458,0,0,0,0,28,0,0,18,18,4,4
10530,1,1.78,14,13,0,1,0,1,2193,0,0,0,0,10,0,0,4,1,10,2
79343,0,30.5,14,13,0,1,0,1,1867,0,0,0,0,8,15,0,22,5,5,0
60459,0,39.08,10,20,0,3,0,3,416,0,0,0,0,20,15,0,23,14,7,0
84669,1,53.49,17,15,0,2,0,1,742,0,0,0,0,34,0,0,1,27,10,0
43618,1,57.92,14,24,0,0,1,3,2032,0,0,0,0,7,10,0,13,15,8,4
71535,1,35.78,15,19,0,1,1,1,2048,0,1,0,0,30,25,0,1,7,4,0
42478,1,3.7,23,24,0,0,0,0,1266,0,0,0,0,3,0,0,8,9,4,2
90738,1,312.15,10,17,0,3,0,2,2338,0,0,0,1,34,0,0,5,29,6,6
87184,0,44.41,7,15,0,2,0,2,471,0,0,0,1,3,15,0,22,28,4,0
94303,0,336.87,4,14,0,1,0,2,1148,0,0,0,0,7,15,0,10,21,5,2
39177,1,18.52,15,22,0,0,0,1,1850,0,0,0,0,29,0,0,19,21,1,1
36538,1,38.11,18,13,0,1,0,4,933,0,0,0,1,1,0,0,17,24,11,0
97553,1,3.5,11,21,0,4,0,0,2009,0,0,0,0,10,15,0,7,16,7,2
24006,1,27.47,12,15,0,6,0,7,2451,0,1,0,1,36,60,0,22,8,4,1
47194,0,24.81,20,21,1,0,0,7,2400,0,0,0,0,17,45,0,21,21,9,6
18550,1,547.49,16,26,0,1,0,2,1995,0,0,0,0,10,15,1,2,24,8,6
64887,1,33.66,10,26,0,0,0,2,1520,0,0,0,0,15,0,0,17,8,6,6
88915,1,19.11,7,19,0,3,1,2,148,0,0,0,0,17,10,0,17,23,5,4
33013,1,22.59,13,18,0,5,1,3,1765,0,1,0,0,37,50,0,7,23,2,6
19862,1,38.23,10,20,0,0,0,1,1548,0,0,1,0,42,30,0,1,12,6,3
87657,1,12.0,13,16,0,6,0,1,2473,0,0,0,0,41,25,0,12,24,8,6
56736,1,263.96,14,17,0,2,0,1,2310,0,1,0,0,2,15,0,3,13,7,6
36852,1,31.65,19,14,0,2,0,3,2253,0,0,0,0,34,0,0,3,16,3,6
27510,0,19.97,7,15,0,5,0,3,1019,0,0,0,1,2,30,0,10,22,2,5
75598,0,85.02,9,21,1,0,1,2,1298,0,0,0,0,30,35,0,17,13,9,5
27413,1,47.53,2,21,0,0,0,1,524,0,0,0,1,44,10,0,7,11,2,1
55129,1,721.47,13,14,0,1,0,1,1272,0,0,0,0,3,15,0,14,30,5,4
37651,0,50.96,7,23,0,0,0,4,1999,0,0,0,0,6,15,0,11,1,10,2
95186,1,25.07,14,17,0,3,0,3,2446,0,0,0,0,6,0,0,3,3,2,0
39181,1,7.57,11,13,0,2,0,1,857,0,0,0,0,26,0,0,16,20,8,2
45515,1,36.54,12,11,0,2,1,1,125,0,0,0,0,35,10,0,8,7,5,2
41351,1,97.84,15,21,0,0,0,4,1070,0,1,0,0,6,15,0,22,21,2,4
76125,0,34.34,16,17,0,2,0,1,1898,0,1,0,0,26,30,0,19,23,7,2
63170,1,37.76,7,20,0,0,1,3,307,0,0,0,0,8,10,0,8,4,9,3
13382,1,279.43,14,16,0,1,0,1,1891,0,0,0,0,9,0,0,12,25,12,3
74811,1,30.92,10,14,0,5,0,0,1784,0,1,1,1,27,50,0,8,22,5,3
75793,0,12.45,8,18,1,2,0,1,2320,0,0,0,1,1,25,0,8,18,3,1
38626,1,858.35,13,23,0,4,0,1,1515,0,0,0,0,40,40,0,23,3,5,5
31095,1,7.61,10,18,1,0,1,1,172,0,0,0,0,41,30,0,11,6,6,4
58846,0,1.56,1,15,0,3,0,5,1028,0,0,0,1,39,45,1,16,9,1,3
92216,1,17.71,7,19,1,4,1,1,1345,0,0,0,0,9,35,0,8,9,4,2
57043,1,25.19,17,19,0,0,0,1,335,0,0,0,0,12,0,0,20,2,1,3
93562,1,42.22,8,18,0,3,1,6,677,0,0,0,0,42,40,0,15,11,4,4
17807,0,36.25,23,18,0,5,0,4,1615,0,0,1,0,9,50,0,16,21,6,5
66221,1,49.37,8,10,0,1,0,2,2021,0,0,0,0,7,0,0,6,19,7,5
70554,1,2.01,6,20,0,0,0,0,1985,0,0,0,0,42,10,0,21,22,1,2
83832,1,29.2,17,17,0,2,0,2,678,0,0,0,0,4,0,0,20,24,7,3
95529,1,98.95,10,19,0,0,0,2,339,0,0,0,0,27,0,0,1,30,10,3
99559,1,5.69,12,9,0,2,0,4,79,0,0,0,0,37,10,0,21,18,10,5
94403,1,38.68,10,21,0,1,0,1,2126,0,0,0,0,2,0,0,18,16,7,2
44104,1,52.34,14,20,1,5,0,0,624,0,0,0,0,14,25,0,8,24,7,3
27507,1,74.9,19,9,1,3,0,1,67,0,0,0,1,39,20,0,5,6,2,3
62913,1,55.82,21,22,0,2,0,1,911,0,0,0,0,34,0,0,2,22,6,6
31513,1,0.17,9,13,0,1,0,3,2094,0,0,0,0,30,0,0,2,15,12,0
54003,0,42.57,21,19,0,2,0,0,1300,0,0,0,0,22,15,0,8,3,10,4
55628,0,76.13,2,29,1,0,0,1,2216,0,0,0,0,8,25,0,10,25,1,5
14627,0,51.31,23,25,0,2,1,0,1618,0,0,0,0,39,35,0,8,22,1,2
80138,1,1.66,6,15,0,2,0,2,1109,0,0,0,0,5,0,0,17,19,4,5
85691,1,16.1,14,23,0,2,0,0,1526,0,0,0,1,8,0,0,7,11,1,5
72609,1,16.97,20,11,0,4,0,3,2436,0,0,0,0,32,15,0,7,14,9,6
37802,1,56.62,5,17,0,2,0,3,1249,0,0,0,0,44,10,0,0,8,1,2
90988,1,7.81,17,17,0,1,0,1,1061,0,0,0,0,44,10,0,10,16,5,4
81437,1,18.95,10,19,0,0,0,1,629,0,0,0,2,22,10,0,21,6,8,2
75117,1,49.94,14,13,0,0,0,3,722,0,0,0,1,33,0,0,19,8,2,5
97978,0,339.32,22,19,0,1,0,4,2437,0,0,1,1,33,35,0,0,26,7,5
77948,1,71.69,9,24,0,3,0,2,1138,0,0,0,1,10,0,0,15,16,1,3
35626,0,113.96,10,22,0,1,0,0,545,0,0,0,0,42,25,0,23,25,10,5
40216,0,33.92,17,18,0,2,0,0,1509,0,0,0,0,36,25,0,11,2,3,6
14479,1,39.26,15,20,0,0,0,0,1663,0,0,0,2,27,10,0,22,28,2,4
98183,1,469.69,3,19,1,6,0,3,2030,0,0,0,1,6,25,1,14,28,12,6
88223,0,8.76,14,14,0,2,0,2,380,0,0,0,0,6,15,0,20,20,10,0
68465,1,10.8,18,14,0,1,0,0,2023,0,1,0,1,1,15,0,14,13,4,6
76568,1,43.18,6,21,0,5,0,6,2330,0,0,0,0,40,45,1,5,17,1,4
95931,1,75.35,9,22,0,0,0,1,2269,0,0,0,0,7,0,0,12,8,11,5
36493,1,427.37,14,17,1,2,1,3,1153,0,1,0,0,16,35,1,15,20,12,5
92579,1,65.66,17,23,0,2,1,1,445,0,0,0,3,35,20,0,18,14,3,4
35263,1,35.75,18,18,0,1,0,1,448,0,0,0,0,4,0,0,9,21,5,2
80220,1,67.33,2,18,1,1,0,2,650,0,0,0,0,41,20,0,0,21,11,4
95982,0,1.6,3,21,0,2,0,2,2137,0,0,0,1,11,15,0,5,26,4,5
38522,1,48.73,13,22,0,0,0,4,2424,0,0,0,1,5,0,0,22,4,2,1
86364,1,48.52,17,21,0,0,0,1,2093,0,0,0,0,37,10,0,2,10,8,6
85234,0,17.11,12,25,0,2,0,5,2041,0,0,0,0,42,45,0,7,24,12,2
36540,1,362.38,19,13,0,1,0,3,1306,0,0,0,0,39,10,0,14,11,7,4
42076,1,20.18,19,20,0,1,0,2,409,0,0,0,0,16,0,0,7,14,12,6
76251,0,5.52,16,22,0,4,0,4,1496,0,1,0,0,12,45,0,20,23,5,4
70177,1,95.7,0,22,1,2,0,3,386,0,1,0,0,7,25,0,14,1,5,3
84400,0,42.72,13,15,0,0,0,1,206,0,0,0,2,1,25,0,19,18,1,5
23128,1,17.28,12,19,0,2,0,3,1114,0,0,0,0,5,0,0,20,26,11,2
78988,1,37.19,5,14,0,4,0,8,923,0,0,0,1,7,35,0,4,3,10,4
64569,1,30.72,14,14,0,2,0,1,252,0,0,0,0,5,0,0,4,6,2,3
78870,1,21.45,13,22,0,0,0,3,1761,0,0,0,0,16,0,0,0,16,2,6
17075,1,51.78,9,16,1,0,0,5,841,0,0,0,1,30,30,0,21,25,4,4
72223,1,51.63,15,20,0,1,0,4,203,0,0,0,0,40,10,0,18,4,2,1
76256,1,52.24,14,18,0,1,0,4,488,1,0,0,0,22,25,0,0,29,10,2
98639,1,56.67,14,19,0,2,0,3,1323,0,0,0,0,9,0,0,1,26,3,2
62677,0,27.24,10,17,0,5,1,3,1636,0,0,0,0,21,40,0,8,12,5,0
14234,1,50.61,12,12,0,2,0,2,689,0,0,0,1,43,10,0,21,15,10,2
39743,1,21.24,13,16,0,1,0,3,1896,0,0,0,2,41,20,0,0,23,8,5
40640,1,403.37,10,18,0,1,0,1,35,0,0,0,0,42,10,0,21,1,12,0
47134,1,41.84,10,16,0,0,0,1,1806,0,0,0,0,40,10,0,9,22,4,1
79635,1,60.6,18,19,0,2,0,4,658,0,0,1,1,34,20,0,8,9,12,1
51453,1,28.94,14,16,0,1,1,6,84,0,0,0,1,23,30,0,11,12,3,2
52708,1,61.35,16,19,0,3,0,1,551,0,0,0,0,25,0,0,10,16,1,3
90051,1,96.43,11,18,0,2,0,4,947,0,0,0,0,31,0,0,5,7,8,3
68029,1,30.67,1,8,1,3,0,1,2079,0,0,1,1,23,30,0,7,16,1,3
97946,1,18.99,16,15,0,3,1,1,1475,0,0,0,1,24,10,0,18,22,7,1
79896,1,10.88,10,16,0,3,0,3,2102,0,0,0,0,4,0,0,22,8,6,6
13123,1,13.46,14,33,0,1,0,2,1313,0,1,0,1,33,15,0,23,25,4,4
21637,1,1.22,11,13,0,1,1,1,922,0,0,0,0,8,10,0,3,25,1,5
57602,1,1217.28,0,14,0,2,0,1,2171,0,0,1,0,19,35,0,9,23,2,6
26186,1,75.99,1,19,0,0,0,5,2228,0,0,0,0,2,20,0,1,15,9,0
36387,1,90.46,12,22,0,1,0,5,2452,0,0,0,1,23,20,0,15,14,11,4
34036,1,53.81,3,19,0,0,0,0,637,0,0,0,0,15,0,0,2,1,6,6
87304,1,55.85,11,9,0,2,0,5,152,0,1,0,0,15,35,0,12,8,4,1
16036,0,10.05,6,12,0,0,0,1,880,0,1,0,1,16,30,0,19,15,10,2
43095,1,60.8,17,21,0,3,1,2,2230,0,0,0,0,20,10,0,10,18,12,3
76038,1,20.59,12,16,0,4,1,2,1764,0,0,0,0,11,25,0,21,1,8,4
75383,1,60.72,19,13,0,2,1,2,1788,0,0,0,0,27,10,0,19,25,12,3
45585,1,49.52,13,22,0,1,0,3,1834,0,0,0,0,19,0,0,23,30,7,2
79380,1,34.04,1,15,1,0,0,3,1548,0,0,0,0,32,10,0,8,29,11,5
64608,1,37.0,1,16,0,3,0,1,445,0,0,0,1,31,0,0,12,18,7,4
64333,0,17.01,2,15,0,1,0,0,2216,0,0,0,0,1,15,0,20,6,1,0
16813,1,8.39,7,20,0,2,0,1,511,0,0,0,0,36,10,0,19,1,6,6
93850,1,18.12,7,13,0,3,1,1,764,0,1,1,0,30,45,0,2,5,1,6
58604,0,14.23,11,19,1,1,0,2,446,0,0,0,0,37,35,0,10,27,3,3
50566,1,753.18,6,27,0,1,0,8,217,0,0,0,0,35,35,0,5,4,6,2
26311,1,43.11,13,13,0,3,0,4,1396,0,0,0,0,22,0,0,10,7,2,4
36024,1,70.9,12,22,0,3,0,8,1145,0,0,0,2,39,40,0,11,4,3,1
16163,1,34.37,5,18,0,6,0,1,939,0,0,0,0,39,25,0,10,20,6,4
32886,1,9.69,16,13,0,1,1,2,886,0,0,0,0,38,20,0,18,26,7,5
59510,1,27.0,7,16,0,0,1,2,216,0,0,1,0,28,30,0,18,18,5,6
69174,1,28.65,18,20,0,0,0,1,442,0,0,0,0,26,0,0,8,24,8,6
87154,1,14.48,9,16,0,2,0,4,854,0,1,0,0,7,15,0,21,28,7,0
35472,1,78.76,16,11,1,2,0,0,1328,0,0,0,0,38,20,0,19,21,4,0
78589,0,32.31,16,24,0,2,0,1,2184,0,0,0,0,12,15,0,4,8,12,0
10897,1,5.29,16,14,0,1,0,4,2076,0,0,0,0,32,0,0,20,23,7,2
95920,0,37.75,19,17,0,0,0,2,923,0,1,0,0,11,30,0,10,15,11,5
33858,1,25.15,19,18,0,1,0,4,2090,0,0,0,0,22,0,0,22,30,5,4
41561,1,7.75,15,18,1,4,0,3,929,0,0,0,0,7,25,0,20,6,4,6
46381,0,35.94,7,19,0,2,0,0,1412,0,0,0,0,4,15,1,8,26,6,3
11104,1,150.37,23,18,0,1,0,3,1801,0,0,0,0,31,0,0,7,12,4,5
66038,0,4.04,7,15,0,1,0,0,1177,0,0,0,0,13,15,0,7,24,4,3
72308,1,879.42,13,19,0,0,0,1,1022,0,0,0,0,38,25,0,16,22,5,3
92340,1,20.64,12,14,0,1,1,0,800,0,0,0,1,41,20,0,19,23,6,0
56489,1,52.57,11,15,0,0,0,0,1804,0,0,0,0,18,0,0,0,1,4,1
80658,1,14.56,18,16,0,4,1,2,775,0,0,0,0,11,25,0,18,5,7,5
56355,1,146.87,12,19,1,4,0,1,618,0,0,1,0,41,55,0,22,21,6,5
24882,1,82.46,9,20,1,0,0,2,613,0,0,0,0,19,10,1,18,24,1,4
95152,1,1179.67,3,20,0,6,1,0,2009,0,0,0,0,26,40,0,17,14,5,2
20884,0,42.03,6,19,0,0,1,2,222,0,0,1,0,22,45,0,2,22,7,1
84686,1,32.2,4,19,0,2,0,3,1499,0,0,0,0,40,10,0,18,2,11,6
52072,1,49.51,11,16,0,1,0,3,484,0,1,0,0,29,15,1,15,19,8,1
46770,1,30.85,7,16,0,0,0,2,1876,0,0,0,0,39,10,0,14,26,8,1
96340,0,844.95,10,16,1,1,0,2,1278,0,0,0,0,4,40,0,12,26,1,6
33398,0,54.71,9,19,1,3,0,2,802,0,1,0,0,34,40,0,1,23,6,0
83514,1,85.68,11,16,0,1,0,2,184,0,0,0,1,17,0,0,12,29,1,2
99112,1,14.5,19,12,0,0,0,0,71,0,0,0,0,39,10,0,14,10,3,0
69104,1,13.05,17,11,0,2,0,1,1879,0,0,0,0,41,10,0,14,21,9,6
78535,0,789.49,11,16,0,2,1,2,1989,0,0,0,0,19,40,0,23,1,4,1
45317,1,46.74,8,25,1,3,0,2,668,0,0,0,0,44,20,0,18,4,11,1
90286,1,7.59,11,20,0,1,1,0,442,0,0,0,0,37,20,0,8,16,2,6
73084,1,4.69,3,16,0,0,1,2,949,0,0,0,1,20,10,1,4,31,8,6
32145,1,559.66,12,21,0,1,0,1,2273,0,0,0,0,42,25,0,11,12,6,3
71354,0,4.38,15,18,0,1,0,3,1733,0,1,0,0,5,30,0,5,11,11,1
62193,0,27.29,8,9,0,3,0,2,190,0,0,0,0,20,15,0,13,9,5,4
50198,1,961.47,10,19,0,0,0,1,649,0,0,0,1,38,25,0,2,1,7,1
66838,1,54.86,19,16,0,1,0,3,82,0,0,0,0,36,10,0,4,8,8,4
42381,0,45.8,23,17,0,2,0,2,2358,0,0,0,0,9,15,0,23,30,3,6
92829,0,1078.57,10,20,1,2,0,2,283,0,0,0,0,3,40,0,3,30,4,2
73951,0,24.17,13,23,1,2,0,2,491,0,0,0,0,9,25,0,10,3,8,6
97880,1,32.67,15,15,0,0,0,4,691,0,1,0,0,14,15,0,20,28,3,4
68762,1,77.0,13,16,0,0,0,6,2465,0,0,0,0,37,30,0,16,5,4,5
18978,1,35.0,15,16,0,4,0,5,999,0,0,0,0,12,35,0,0,16,8,5
62260,1,57.17,7,16,0,2,0,5,1511,0,0,0,1,9,20,0,8,21,2,4
92757,1,14.36,17,12,0,1,0,2,706,0,1,0,1,7,15,0,0,31,1,4
21964,1,168.39,15,16,0,2,0,2,1552,0,0,0,1,25,0,0,12,30,7,2
87851,1,33.5,11,17,0,2,0,1,1373,0,0,0,0,9,0,0,5,3,11,0
96200,1,30.75,10,15,0,0,0,2,1097,0,0,0,0,26,0,0,16,4,4,4
11055,1,2.97,16,20,0,0,0,1,1890,0,0,0,0,33,0,0,1,12,1,6
67363,1,47.25,11,13,0,1,0,1,82,0,0,0,0,4,0,0,13,6,12,5
57271,1,58.6,23,23,0,5,0,1,201,0,0,0,0,28,15,0,12,4,9,3
79413,1,23.26,17,14,0,1,0,1,589,0,0,0,0,5,0,0,13,4,10,5
34512,1,50.99,4,28,0,1,0,2,850,0,0,0,0,19,0,0,21,27,6,4
24057,1,33.47,15,21,0,4,1,5,1574,0,0,0,0,40,55,0,8,13,7,6
56625,1,11.39,18,21,1,1,0,1,1244,0,0,0,1,20,10,0,12,4,9,3
48009,0,6.65,11,23,0,7,0,7,1754,0,0,0,0,6,50,0,20,15,10,2
24407,1,77.93,10,27,0,1,0,1,2442,0,0,0,1,10,0,0,0,19,11,2
53319,1,12.71,20,25,0,2,0,2,771,0,0,0,0,18,0,0,6,2,8,5
57275,1,25.25,23,24,0,2,0,1,600,0,0,0,0,17,0,0,20,17,7,3
48998,1,11.82,3,12,0,1,0,3,724,0,0,0,1,21,0,0,2,3,8,6
28339,1,113.16,10,14,1,2,0,1,1698,0,0,0,0,5,10,0,23,2,8,5
31431,1,26.39,1,13,0,1,0,2,1687,0,0,0,0,31,0,0,12,2,6,0
55528,1,14.11,13,15,0,5,1,0,2012,0,0,0,1,3,25,0,14,6,7,6
74822,1,51.39,16,14,1,1,0,1,1116,0,0,0,2,24,20,0,13,15,1,2
30978,0,10.01,13,27,0,1,0,0,1482,0,0,0,0,16,15,1,23,10,4,3
60110,1,8.25,9,19,0,0,1,1,331,0,0,0,0,44,20,0,0,27,9,5
47098,1,735.57,13,14,0,0,0,1,1986,0,0,0,0,34,15,0,3,23,5,4
32734,0,34.4,18,19,0,0,0,7,2101,0,0,0,0,43,45,0,16,25,4,4
18518,1,63.42,17,20,0,1,1,4,1259,0,0,0,0,29,10,0,11,6,1,0
49767,0,7.22,10,21,0,0,0,2,2078,0,0,0,0,39,25,1,1,31,12,2
26080,0,59.48,12,21,0,0,1,3,979,0,0,0,0,3,25,0,18,20,3,3
94293,1,79.93,18,15,1,2,0,1,2423,0,0,0,0,23,10,0,10,23,9,1
33218,1,81.92,7,20,0,5,0,4,279,0,0,0,0,2,15,0,1,17,11,0
68967,1,24.78,8,20,0,0,0,2,1060,0,0,0,0,10,0,0,3,31,3,0
69425,1,58.79,4,23,0,2,0,1,1070,0,0,0,2,11,10,0,23,21,7,0
46160,0,90.67,18,18,1,0,0,0,1157,0,0,0,0,15,25,0,23,22,11,5
49894,1,260.35,12,18,0,1,0,0,570,0,0,0,0,21,0,0,16,7,1,1
13411,0,23.18,11,18,0,1,0,3,1658,0,0,0,0,8,15,0,18,28,7,0
79764,1,7.72,15,19,0,0,0,2,348,0,0,0,0,38,10,0,6,4,10,5
96619,1,37.23,7,23,0,0,0,2,1985,0,0,0,0,38,10,0,4,5,11,2
66601,1,731.05,0,17,0,0,0,1,644,0,0,0,1,38,25,0,14,6,9,5
10367,1,30.56,11,24,0,1,0,0,1346,0,0,0,0,14,0,0,20,26,6,3
35506,0,0.31,21,24,0,4,0,4,914,0,0,1,2,10,60,0,21,23,10,3
34717,1,58.55,14,15,0,0,0,2,1941,0,0,0,0,13,0,0,4,17,7,3
18429,1,29.45,12,16,1,3,1,0,2127,0,0,0,0,2,20,0,4,20,12,5
49918,1,878.26,14,16,0,2,0,2,1413,0,0,0,0,7,15,0,0,20,10,0
84861,1,76.54,6,16,1,1,1,2,783,0,0,0,0,26,20,0,22,27,8,2
56426,1,695.79,19,16,0,1,0,4,574,0,0,0,0,20,15,0,15,30,1,3
76262,1,26.94,14,17,0,2,0,4,1896,0,0,0,0,39,10,0,15,4,4,4
15475,1,41.94,6,14,0,1,0,2,1436,0,0,0,0,7,0,0,17,5,2,2
76217,1,38.14,15,18,0,2,1,2,1729,0,0,0,1,28,10,0,9,16,1,3
55792,1,47.47,13,10,0,2,0,2,2248,0,0,0,1,9,0,0,14,10,6,1
42632,1,2.12,10,23,0,2,0,1,754,0,0,0,0,43,10,0,8,29,9,0
77516,1,466.23,3,20,0,1,0,0,798,0,1,0,1,21,15,0,0,15,6,6
10055,1,28.84,18,16,0,3,0,1,2190,0,0,0,0,24,0,0,22,31,3,0
14032,0,13.03,16,14,1,0,0,1,2253,0,0,0,0,37,35,1,14,9,6,0
17166,1,37.92,10,19,0,1,0,2,2393,0,0,0,0,11,0,0,12,25,10,5
84793,1,33.63,12,18,0,1,0,1,1280,0,0,0,0,19,0,0,23,2,2,6
82278,0,32.49,10,23,0,1,0,9,147,0,0,0,0,39,45,1,2,22,11,5
65790,1,34.08,11,22,0,1,0,1,1830,0,0,0,0,37,10,0,0,9,11,6
26652,1,93.18,1,19,0,4,0,4,1034,0,0,0,0,28,15,0,6,6,5,1
57351,1,65.87,16,17,0,2,0,1,2149,0,0,0,0,2,0,0,1,27,4,6
86553,1,45.52,13,16,0,5,1,8,177,0,1,0,0,37,70,0,2,20,12,5
75868,0,23.7,10,22,0,2,0,4,1370,0,0,0,0,41,25,0,19,2,6,0
85019,1,22.75,15,19,0,0,0,2,1538,0,0,0,0,37,10,0,11,21,11,4
98953,1,55.93,10,16,0,2,0,0,1626,0,0,1,0,30,20,0,11,20,3,3
15149,0,20.96,18,16,1,0,0,0,1954,0,0,0,0,44,35,0,1,3,12,2
15514,0,85.17,10,17,0,0,1,4,50,0,0,0,0,26,25,0,18,20,8,2
24966,1,43.35,2,13,0,1,0,3,1837,0,0,0,0,25,0,0,16,11,3,1
48024,1,16.72,14,19,0,3,0,1,141,0,0,0,0,9,0,0,17,20,2,3
60580,1,87.32,13,14,0,2,0,2,569,0,0,0,2,41,20,0,22,8,3,5
47150,1,67.22,2,19,0,1,0,2,148,0,0,0,1,35,0,0,1,30,12,1
97163,1,20.63,17,21,0,5,1,0,549,0,0,0,0,36,35,0,14,24,5,5
89930,1,61.91,11,21,0,2,0,2,1189,0,0,0,0,32,0,0,7,30,9,1
28300,0,23.76,16,18,0,0,1,1,166,0,0,1,0,3,45,1,17,6,9,5
54122,1,8.99,20,23,0,1,0,1,640,0,1,0,0,4,15,0,18,7,6,5
14836,1,80.93,21,13,0,7,0,2,2369,0,0,0,0,38,25,0,6,26,10,6
40899,1,56.92,9,14,0,1,0,6,560,0,0,0,1,17,20,0,8,22,1,2
24688,1,89.31,0,18,1,1,0,2,1106,0,0,0,0,39,20,0,15,27,11,3
98963,1,4.48,14,15,0,3,0,0,1168,0,0,0,0,39,10,0,0,13,12,5
76608,1,45.26,18,24,0,1,0,4,2252,0,0,0,0,44,10,0,15,25,7,4
89674,1,7.1,21,22,1,2,0,0,1579,0,0,0,1,3,10,0,19,23,8,5
33468,1,66.36,15,20,0,2,0,0,243,0,0,0,0,39,10,0,22,1,4,1
50431,1,35.37,9,17,0,0,1,1,1874,0,0,0,1,14,10,0,17,23,7,2
31038,1,6.41,21,14,0,0,0,2,1663,0,0,0,0,4,0,0,10,12,12,4
96967,1,26.0,14,22,0,0,0,8,612,0,0,0,0,13,20,0,18,8,1,2
31339,0,29.06,18,17,0,1,0,10,1535,0,0,0,2,17,45,1,18,2,6,0
26257,1,366.6,12,20,0,0,0,2,2495,0,0,0,0,19,0,0,9,19,7,5
27051,1,64.85,14,22,0,4,0,4,1772,0,0,0,1,6,15,0,2,28,12,6
40352,1,54.88,17,17,0,1,0,3,331,0,0,0,0,20,0,0,9,16,2,6
29480,0,34.92,20,9,0,0,0,8,972,0,0,0,1,26,35,0,3,1,9,0
17053,1,15.67,11,14,0,0,0,1,657,0,0,0,1,7,0,0,23,5,4,5
15478,1,0.24,17,16,1,1,1,1,508,0,0,0,0,8,20,0,5,13,5,1
72158,1,4.24,18,16,0,5,0,1,1735,0,0,0,0,7,15,0,4,6,7,6
68445,1,30.47,10,23,0,0,0,4,2140,0,0,0,1,2,0,0,7,27,12,5
76041,0,21.9,12,18,0,0,0,1,1100,0,0,0,0,42,25,0,20,25,10,5
14717,1,20.41,11,23,0,3,0,3,990,0,0,1,1,3,20,0,9,5,7,5
12001,1,500.61,10,14,0,1,0,2,2002,0,0,0,1,36,25,1,17,3,12,2
53413,1,1176.81,10,10,0,2,0,3,2240,0,0,0,0,20,15,0,16,27,3,3
56461,1,6.6,13,11,1,3,1,1,465,0,0,0,1,16,20,0,6,18,9,3
47531,1,32.83,9,13,0,1,0,8,2090,0,0,0,0,40,30,0,2,26,5,0
56032,1,26.35,16,16,0,3,0,4,2037,0,1,1,0,7,35,0,15,17,12,2
38641,0,8.08,15,16,0,1,0,1,2380,0,0,0,0,12,15,0,8,22,3,5
26827,1,19.43,8,20,0,0,0,1,1581,0,0,0,1,7,0,0,12,30,9,1
46661,1,61.44,19,20,0,0,0,0,1112,0,0,0,0,14,0,0,9,26,3,2
33290,1,13.51,18,15,0,0,0,2,1023,0,0,0,0,11,0,0,19,10,6,1
24173,1,88.85,7,18,0,0,1,0,1807,0,0,0,0,34,10,0,0,21,12,6
19106,1,9.98,20,25,0,0,0,1,899,0,0,0,1,39,10,0,13,6,8,2
20361,1,24.92,16,13,0,2,0,1,1714,0,0,0,1,28,0,0,6,15,2,5
43316,1,70.9,1,22,0,2,0,2,176,0,0,0,0,12,0,0,14,19,9,4
71536,1,85.29,1,21,0,2,0,8,1633,0,0,0,1,23,20,0,11,19,1,6
70977,1,24.53,1,21,0,1,0,2,2306,0,0,0,0,8,0,0,23,28,8,3
27108,1,87.72,15,15,0,4,0,2,156,0,0,0,0,36,25,0,9,19,12,4
97187,1,47.61,2,26,0,1,0,3,1801,0,0,0,0,3,0,0,0,31,1,4
66450,0,58.59,13,20,0,2,0,2,2125,0,0,0,0,37,25,0,4,5,1,6
52544,1,4.31,12,15,0,4,0,0,620,0,0,0,0,6,15,0,11,16,9,1
64065,1,33.46,11,11,0,0,0,0,789,0,0,0,1,35,0,0,13,31,8,6
77507,1,36.7,8,24,0,3,0,3,1668,0,0,0,0,36,10,0,21,9,5,4
24122,1,3.09,12,10,0,0,1,6,1272,0,0,0,0,26,30,0,17,14,6,5
62584,1,927.74,7,19,0,0,0,2,1432,0,0,0,1,36,25,0,9,9,3,6
62074,0,75.32,13,25,0,1,0,1,1115,0,0,0,0,8,15,0,11,10,3,0
34885,1,78.27,14,29,0,1,1,4,2046,0,0,0,0,16,10,0,3,23,12,1
76097,1,18.38,17,26,0,1,0,0,461,0,0,0,0,19,0,0,11,14,11,4
79881,1,42.01,0,18,1,1,0,1,1270,0,0,0,1,26,10,0,12,15,3,5
48279,1,0.59,11,18,0,2,0,0,1266,0,0,0,0,19,0,0,0,1,5,3
17284,0,61.0,19,17,0,0,1,1,620,0,0,0,0,19,25,0,14,22,5,3
18233,1,76.01,19,19,0,1,0,4,1696,0,0,0,0,4,0,0,21,8,7,1
36877,0,29.13,14,17,0,1,0,0,1919,0,0,0,2,22,25,0,17,12,6,3
89076,1,22.15,17,14,1,1,1,1,2044,0,0,0,0,35,20,0,14,4,11,1
26395,1,26.1,7,17,0,1,1,2,914,0,0,0,0,22,10,0,2,13,2,3
80141,1,26.66,20,18,0,2,0,2,1621,0,1,0,0,15,15,0,4,8,12,0
96987,0,43.38,14,15,0,1,1,2,2338,0,0,0,1,19,25,0,0,22,7,1
43295,1,18.97,23,20,1,2,0,2,864,0,1,0,0,17,25,0,1,1,2,5
26365,1,21.59,13,19,0,0,0,2,402,0,0,0,0,26,0,0,18,22,4,1
88500,1,50.54,11,19,0,1,0,4,1484,0,0,0,0,38,10,0,15,22,9,0
83625,1,51.51,0,23,0,2,0,3,1678,0,1,0,0,21,15,0,2,29,9,0
35133,1,6.14,14,18,1,1,0,3,1006,0,0,0,2,33,20,0,17,13,4,6
87361,0,442.53,1,21,0,3,0,2,1797,0,0,0,1,4,15,0,1,3,9,2
87614,1,50.11,6,19,1,1,1,2,943,0,1,0,0,27,35,0,22,12,1,6
16553,1,653.75,18,11,0,1,0,1,1114,0,0,0,0,20,15,0,13,20,8,2
80926,1,56.22,8,17,0,0,0,0,938,0,0,0,0,4,0,0,9,13,6,4
15159,1,35.92,9,20,0,4,0,0,278,0,0,0,0,42,25,0,6,20,3,3
84112,1,17.57,10,17,1,2,0,0,773,0,0,0,1,3,10,0,18,4,4,4
79754,1,25.02,22,16,0,1,0,1,957,0,0,0,0,17,0,0,21,1,7,1
48232,1,20.38,10,13,0,0,0,0,1611,0,0,0,0,27,0,0,5,14,12,6
64549,1,40.49,23,19,0,1,0,2,2386,0,0,0,0,20,0,0,20,19,7,5
66330,1,70.08,9,16,0,6,0,3,1878,0,0,0,0,32,15,0,3,14,8,3
64372,1,8.74,14,15,0,6,0,0,1882,0,0,0,2,28,25,0,22,19,6,3
49344,1,39.19,2,23,0,7,0,6,2169,0,0,0,0,27,35,1,11,11,7,4
69390,1,32.35,12,21,0,1,0,2,1851,0,0,0,0,30,0,0,7,26,5,0
64792,0,29.94,2,11,0,1,0,2,290,0,1,0,0,30,30,0,9,21,6,5
22875,1,848.0,20,13,0,2,0,2,2039,0,1,0,0,27,30,1,13,24,10,4
77774,1,7.76,6,18,0,1,0,1,698,0,0,0,2,40,20,0,13,1,1,2
86843,0,39.64,7,15,0,2,0,4,2128,0,0,0,0,28,15,0,1,31,12,2
46406,1,74.57,13,24,0,3,0,4,2341,0,0,0,0,8,0,0,7,4,11,1
44709,1,59.55,20,24,0,3,0,6,1640,0,0,0,0,41,30,0,2,6,9,5
15156,0,76.3,15,19,0,6,0,2,1542,0,0,0,0,23,30,0,11,26,5,0
28224,0,14.44,8,22,0,1,1,3,1520,0,0,0,1,17,25,1,11,25,6,2
90766,1,51.15,16,21,0,0,0,5,2226,0,1,0,0,38,45,0,3,19,3,2
99579,1,42.02,4,15,0,3,0,1,2498,0,0,0,0,13,0,0,22,11,12,3
71322,1,56.98,19,18,0,0,0,6,2188,0,0,1,0,27,40,0,14,22,6,6
83066,1,51.58,20,16,0,5,0,4,2042,0,1,0,0,22,30,0,21,6,9,5
49444,1,5.64,13,16,0,2,0,1,900,0,1,0,0,30,15,0,10,11,9,3
61098,1,23.35,16,17,0,1,0,4,1472,0,0,0,1,30,0,0,19,25,4,4
49392,1,7.4,12,31,0,1,0,1,2005,0,0,0,1,6,0,0,20,8,9,0
72924,0,9.8,15,27,0,2,0,4,109,0,0,0,0,35,15,0,15,12,11,2
30866,1,202.9,18,11,0,0,1,3,105,1,0,0,0,35,35,0,15,2,4,2
23400,1,29.89,3,16,0,2,0,1,2363,0,1,0,0,34,15,0,16,27,11,3
61315,1,46.25,1,25,0,3,0,2,1376,0,0,0,1,19,0,0,10,25,12,3
78959,1,39.11,16,11,0,3,0,1,1298,0,0,0,0,21,0,0,10,30,9,1
28672,1,24.65,17,22,0,2,0,3,159,0,0,0,0,19,0,0,1,30,3,6
24922,1,40.72,13,15,0,1,0,3,2260,0,0,0,1,34,0,0,1,5,1,6
76433,0,8.73,0,27,1,1,1,2,2376,0,0,1,0,44,65,0,9,17,6,1
79504,1,45.65,13,25,0,0,0,0,1233,0,0,0,0,8,0,0,9,23,11,6
72524,0,53.35,14,18,0,1,0,2,1552,0,0,0,1,20,15,0,0,15,3,5
46877,1,9.54,7,24,0,0,0,3,1731,0,0,0,0,38,10,0,4,12,8,1
75287,1,15.77,14,15,0,2,1,3,271,0,1,1,0,22,45,0,4,11,3,1
18184,1,17.92,12,17,0,2,0,7,2397,0,0,0,0,29,20,0,22,9,4,2
73414,1,15.29,8,20,0,0,1,1,1328,0,0,0,0,35,10,0,11,16,6,0
40928,0,29.19,15,17,0,3,0,2,156,0,0,0,0,19,15,0,13,18,11,1
34343,1,81.37,1,19,1,1,1,2,999,0,0,0,0,16,20,0,16,23,9,1
62116,1,36.75,20,15,0,2,0,3,948,0,0,0,1,19,0,0,11,20,4,6
33323,0,259.53,16,19,0,2,1,0,1400,0,1,0,0,9,40,0,11,11,6,2
39623,0,8.75,15,16,0,0,1,1,1117,0,0,0,0,15,25,0,22,1,8,4
90512,0,39.04,12,20,0,3,0,0,1208,0,0,0,1,24,15,0,4,18,12,3
62529,0,1.97,16,20,0,1,0,3,733,0,0,0,0,31,15,0,3,28,2,4
88630,1,75.53,15,22,0,1,0,3,1275,0,0,0,0,29,0,0,22,21,7,0
25457,1,289.47,9,13,1,2,0,1,2193,0,0,0,0,36,20,0,1,6,6,4
99978,1,83.01,14,18,0,2,0,3,743,0,0,0,0,28,0,0,6,2,3,6
85476,0,8.03,17,21,0,1,0,1,133,0,0,0,0,38,25,0,7,18,11,1
32285,1,53.99,10,22,1,1,0,1,1918,0,0,0,0,23,10,0,14,15,1,2
82042,0,66.73,15,16,0,0,0,2,1181,0,0,0,1,15,15,0,9,24,11,0
31719,1,518.76,9,18,0,5,0,1,1196,0,1,0,0,16,45,0,8,22,4,1
21994,1,49.76,15,24,0,1,0,1,707,0,0,0,1,5,0,0,5,26,11,2
22924,1,25.08,12,15,0,1,0,4,879,0,0,0,1,18,0,0,13,30,9,1
26812,1,47.96,14,24,0,0,0,1,432,0,0,0,0,2,0,0,22,13,10,0
40041,1,128.95,13,25,0,1,1,2,1180,0,0,1,1,10,30,0,4,16,10,3
62001,1,41.33,12,19,1,2,1,1,454,0,0,0,0,23,20,0,7,25,2,1
62686,1,71.53,8,10,0,0,0,3,524,0,0,0,0,16,0,0,22,10,11,0
47005,1,17.79,6,19,0,2,0,3,1848,0,0,0,0,43,10,1,21,8,11,5
95099,1,101.25,13,27,1,1,0,1,2184,0,0,0,0,18,10,0,18,21,2,4
40956,0,19.02,14,17,0,5,1,2,2211,0,0,0,1,1,40,0,13,1,6,6
17858,1,74.61,15,16,0,1,1,2,1444,0,0,0,0,31,10,0,13,8,1,2
43138,1,41.38,23,15,0,1,0,4,2302,0,0,0,0,26,0,0,8,16,3,6
59704,1,62.86,14,16,0,1,0,1,67,0,0,0,0,29,0,0,12,23,9,1
53565,1,22.62,15,15,0,0,0,5,299,0,0,0,0,3,20,0,10,30,11,6
18244,1,3.03,14,18,0,1,0,0,2391,0,0,0,0,36,10,0,19,13,1,0
54088,1,19.47,17,14,0,2,0,4,2483,0,0,0,0,4,0,0,11,29,6,6
34459,1,49.12,11,24,0,2,0,1,2338,0,0,0,0,33,0,0,2,16,1,3
36719,1,65.18,6,18,0,3,0,1,1986,0,0,0,0,24,0,0,16,17,4,3
30295,1,38.36,11,29,0,1,0,10,1278,0,0,0,1,2,20,0,4,12,11,2
87561,1,66.25,14,17,0,2,0,2,1544,0,0,0,1,35,0,0,7,22,9,0
18569,1,27.5,17,19,0,2,1,2,434,0,0,0,1,37,20,0,23,26,5,0
67609,1,49.74,20,16,0,1,1,2,1985,0,0,0,0,25,10,0,19,12,12,4
52275,1,54.96,15,18,0,3,0,3,1295,0,0,0,1,3,0,0,23,31,10,4
40048,1,58.82,7,18,0,1,0,1,2455,0,0,0,0,29,0,0,11,2,10,3
70402,0,955.19,18,18,0,2,0,3,1860,0,0,0,0,12,30,1,22,4,10,5
30464,1,66.85,10,24,0,6,0,2,732,0,0,0,0,20,15,0,21,10,4,3
68006,1,55.53,16,16,0,3,0,1,1575,0,0,0,0,25,0,0,19,9,6,0
74094,0,74.11,10,25,0,3,0,2,979,0,0,0,0,1,15,0,22,1,2,5
66411,0,98.43,15,25,0,6,0,6,1047,0,0,0,0,10,50,0,2,4,2,1
43001,0,110.5,22,19,0,2,1,2,1411,0,0,0,0,18,25,1,12,13,7,6
36496,0,47.12,12,20,1,2,1,5,1952,0,0,0,0,21,55,1,0,28,5,2
85657,1,34.16,13,22,0,1,0,1,204,0,0,0,0,12,0,0,11,31,5,5
35025,1,35.89,0,15,0,0,0,2,339,0,0,0,0,17,0,0,15,16,2,6
82413,0,64.23,15,17,0,3,0,2,848,0,0,0,0,13,15,0,9,25,4,4
13936,1,23.04,13,24,0,2,0,0,404,0,0,0,0,21,0,0,4,10,4,3
18655,0,54.19,15,16,0,0,1,0,104,0,1,0,0,12,40,1,23,3,11,0
89431,1,49.44,8,20,0,1,0,3,803,0,0,0,0,28,0,0,5,23,5,4
33100,1,23.01,14,25,0,3,0,1,682,0,0,0,0,34,0,0,23,2,6,0
22932,0,15.27,19,18,0,2,0,1,714,0,0,0,2,14,25,0,23,2,2,6
84701,1,33.93,1,14,0,0,0,2,2364,0,0,0,0,14,0,0,19,7,12,6
83946,1,40.26,15,16,0,0,0,1,2224,0,0,0,0,5,0,0,4,25,12,3
50406,1,32.51,17,19,0,1,0,2,1292,0,0,0,0,42,10,0,1,29,8,4
14886,1,29.99,18,13,0,1,0,2,240,0,0,0,0,39,10,0,22,11,7,4
16884,1,44.81,9,12,0,1,0,0,1607,0,0,0,0,7,0,0,13,22,11,5
25129,0,36.01,12,11,0,2,0,1,908,0,0,0,0,37,25,0,19,19,5,0
73032,1,24.33,10,22,0,2,0,3,1445,0,0,0,1,39,10,0,18,12,4,5
40284,0,5.44,17,20,0,0,1,3,1342,0,0,0,0,32,25,0,21,23,9,1
92735,1,20.5,7,20,0,0,0,2,1225,0,0,0,1,8,0,0,5,7,1,1
59810,1,70.29,6,22,0,2,0,3,763,0,0,0,0,9,0,0,5,1,4,1
71048,1,31.22,10,13,0,0,0,3,920,0,0,0,0,25,0,0,20,20,12,5
32578,1,40.26,18,16,0,2,0,3,2323,0,0,0,0,8,0,0,23,24,12,2
60324,1,49.13,17,18,0,1,1,5,222,0,0,0,0,31,30,0,3,21,12,6
78221,1,52.04,18,9,0,1,0,2,1505,0,0,0,0,12,0,0,15,30,6,0
62334,1,16.66,14,20,0,0,0,3,722,0,1,0,0,40,25,0,20,10,11,0
22301,1,36.82,13,17,0,1,0,3,707,0,0,0,1,34,0,0,0,19,1,6
30083,1,0.83,7,20,0,0,0,2,923,0,0,0,0,7,0,0,7,9,9,1
25268,1,82.38,9,17,0,1,0,1,1144,0,0,0,0,36,10,0,20,17,7,3
56515,1,67.68,4,20,0,0,0,2,521,0,0,0,0,32,0,0,6,26,12,4
70328,1,760.93,8,17,0,0,0,1,427,0,0,0,0,36,25,0,12,17,9,2
74946,1,99.95,14,15,0,4,0,2,799,0,0,0,0,23,15,0,9,28,2,4
23247,0,57.77,18,19,0,3,0,1,1309,0,0,0,0,21,15,0,2,17,5,5
45289,0,10.49,14,18,0,1,1,1,585,0,0,0,0,33,25,0,3,9,1,3
47585,1,1.52,16,10,0,2,0,1,1807,0,0,0,0,28,0,0,10,27,4,6
83684,1,60.08,16,18,0,2,0,3,1492,0,0,0,1,2,0,0,23,2,1,3
23185,0,48.17,4,23,0,5,0,4,467,0,0,0,1,21,30,0,7,24,5,5
21904,1,40.33,10,17,1,0,0,1,2070,0,1,0,0,40,35,0,3,15,1,2
47402,0,87.98,19,25,0,1,0,2,1992,0,0,0,0,19,15,0,18,28,9,6
44009,1,52.01,8,26,0,0,0,1,92,0,0,0,1,2,0,0,2,16,2,6
78749,1,34.59,17,21,0,3,0,3,401,0,0,0,0,19,0,0,9,16,6,0
35588,1,3.12,8,19,0,2,0,2,1354,0,0,0,0,17,0,0,3,29,6,6
36493,0,22.96,5,18,1,1,0,4,265,0,0,1,0,20,45,0,4,11,9,3
90403,0,12.6,0,15,0,1,0,7,2119,0,0,0,0,40,45,0,15,25,3,1
83614,0,38.66,16,20,0,1,0,2,1251,0,0,1,2,29,45,0,6,14,4,0
69604,0,325.36,15,16,0,0,0,0,838,0,0,0,1,3,15,0,23,8,4,1
83167,1,3.0,18,18,1,1,0,2,985,0,1,0,0,16,25,0,12,19,11,2
30446,1,34.05,11,23,0,2,0,2,1043,0,0,0,0,34,0,0,5,10,3,0
60774,0,77.01,21,14,0,7,0,0,584,0,0,0,0,44,40,0,9,13,12,5
56816,0,4.06,12,16,0,1,0,2,590,0,0,0,0,19,15,0,23,14,1,1
73381,1,21.95,12,17,0,3,0,1,953,0,0,0,0,35,0,0,13,6,2,3
76384,1,50.75,12,25,0,2,0,2,567,0,0,0,1,24,0,0,4,16,2,6
89035,1,6.82,10,21,1,2,0,1,1323,0,0,0,0,27,10,0,11,25,7,4
26035,1,76.6,11,13,0,0,0,1,2459,0,0,1,0,39,30,0,17,1,9,0
73945,1,30.09,23,19,0,4,0,8,2457,0,0,0,0,12,35,0,10,16,9,1
50829,0,209.09,13,19,0,3,0,1,156,0,0,0,0,19,15,0,17,19,4,5
91454,1,19.03,18,17,0,2,0,5,2147,0,0,0,0,33,20,0,6,10,10,4
23759,1,61.21,4,22,0,0,0,2,1277,1,0,0,0,37,35,0,21,23,9,1
80934,1,58.91,8,12,0,2,0,4,2109,0,1,0,0,32,15,0,21,5,7,5
73940,1,5.89,8,16,0,0,0,3,1705,0,0,0,0,7,0,0,18,8,3,5
88738,1,17.91,16,18,0,2,0,0,244,0,0,0,0,30,0,0,19,19,10,6
69942,0,3.03,19,26,0,1,0,2,286,0,0,0,0,24,15,0,11,31,7,3
82892,1,694.28,21,18,0,0,0,1,1536,0,0,0,0,41,25,0,3,4,11,1
13455,1,52.84,10,20,0,1,1,1,1867,0,0,0,0,28,10,0,2,8,4,1
43645,1,15.86,14,20,0,2,0,2,328,0,0,0,0,2,0,0,13,29,3,5
55402,1,22.42,9,13,0,0,0,2,875,0,0,0,0,16,0,0,4,12,5,0
27181,1,16.52,10,16,0,1,0,2,2416,0,1,0,0,44,25,0,0,28,5,2
70972,1,42.32,14,17,0,2,0,1,2162,0,0,0,0,3,0,0,21,9,8,5
11067,1,27.94,19,17,0,0,0,4,654,0,1,0,1,27,15,0,7,20,2,3
73095,1,46.65,8,29,0,0,0,0,1685,0,0,0,0,27,0,0,3,22,7,1
30293,1,13.41,7,21,1,0,1,2,522,0,0,0,0,44,30,0,18,1,8,4
34743,1,45.44,20,18,0,0,1,0,1577,0,0,0,0,41,20,0,7,20,6,4
19094,1,11.11,13,28,1,3,0,0,566,0,0,0,0,5,10,0,22,30,8,5
74676,1,72.5,12,19,1,0,1,3,1777,0,1,0,0,34,35,0,10,17,6,1
56367,1,59.85,18,21,0,3,0,0,2087,0,0,0,0,27,0,0,4,7,1,1
27583,1,36.79,19,25,0,2,0,2,372,0,0,0,1,5,0,0,0,15,1,2
72831,0,37.36,2,11,0,0,0,1,1827,0,0,0,0,3,15,0,2,21,1,1
80012,1,33.91,9,23,0,1,0,1,1210,0,0,0,1,10,0,0,3,20,4,6
90539,1,16.61,15,13,1,2,0,3,811,0,0,0,0,1,10,0,10,12,1,6
98795,1,13.86,16,10,0,1,0,3,653,0,0,0,0,5,0,0,6,16,5,4
94000,1,55.49,7,12,0,4,0,0,223,0,0,0,2,26,25,0,4,25,11,1
84046,1,84.28,7,13,0,3,0,1,2135,0,1,0,0,38,25,0,2,2,9,1
67887,1,42.31,1,26,1,1,0,2,980,0,0,0,4,32,20,0,9,7,10,1
39254,1,55.3,5,19,0,5,0,5,60,0,0,0,0,1,35,0,3,18,6,2
10797,0,92.14,20,19,0,3,0,5,1658,0,0,0,2,37,55,1,18,14,11,4
62492,0,199.9,15,24,0,5,0,3,1491,0,0,0,0,5,30,1,4,4,12,3
58798,1,32.3,16,18,1,1,1,2,909,0,0,0,0,7,20,0,12,22,11,5
95208,1,59.55,14,21,1,3,0,4,1638,0,0,0,1,32,10,0,13,4,10,5
11713,1,41.91,18,18,1,0,1,2,625,0,0,0,0,15,20,0,18,26,6,3
12664,1,12.84,17,19,1,1,0,1,919,0,0,0,0,17,10,0,3,5,11,2
43079,0,1.54,20,16,0,5,0,1,635,0,0,1,0,14,50,0,3,9,11,6
87685,1,38.09,10,9,0,1,1,1,1873,0,0,0,1,6,10,0,3,28,2,4
70911,1,91.68,7,17,0,1,0,8,475,0,0,0,0,21,20,0,22,28,2,4
68907,1,8.75,7,21,0,0,0,1,2306,0,0,1,0,9,20,0,3,9,10,3
90823,1,88.13,12,18,0,1,0,0,1927,0,0,0,0,30,0,0,12,1,10,2
21072,1,18.74,2,15,0,2,0,2,946,1,0,0,1,2,25,0,8,3,9,2
93042,1,912.36,19,19,0,0,0,0,1874,0,0,1,1,14,35,0,13,25,12,3
96966,1,21.46,13,17,0,0,0,2,2465,0,0,0,0,25,0,0,9,29,10,2
52063,1,13.59,7,18,0,2,1,2,2438,0,0,0,0,32,10,0,22,13,1,0
61837,0,0.63,15,16,0,3,0,2,257,0,0,0,1,21,15,0,2,24,4,3
75643,1,53.6,13,22,0,4,0,1,1695,0,0,0,0,33,15,0,23,3,11,0
59323,1,79.58,13,18,0,4,1,1,2014,0,0,0,1,1,25,0,10,26,7,5
98431,0,42.56,16,19,0,6,0,3,525,0,1,0,0,8,45,0,2,27,4,6
45876,1,70.03,7,20,0,0,0,1,2022,0,0,0,0,27,0,0,1,19,9,4
44869,1,14.42,19,14,0,3,0,1,707,0,1,0,1,6,15,0,21,25,12,3
34107,1,9.56,8,22,0,0,1,3,1691,0,0,0,0,1,10,0,23,19,1,6
41241,1,31.03,19,16,1,1,0,3,1774,0,0,0,0,12,10,0,3,31,8,6
21756,1,53.28,5,17,0,1,0,2,477,0,0,0,0,34,0,0,8,19,7,5
35534,1,12.32,8,22,0,1,0,3,225,0,0,0,2,43,20,0,23,4,9,3
65144,0,329.16,12,17,0,1,0,2,76,0,0,0,0,32,15,0,2,24,2,0
73052,0,906.85,4,20,0,1,0,2,2350,0,0,0,0,22,30,0,11,25,3,1
44562,1,27.37,18,13,0,2,0,2,1064,0,0,0,0,17,0,0,14,17,11,0
87535,1,39.25,8,14,0,0,0,2,65,0,0,0,0,20,0,0,4,28,5,2
18448,1,37.6,17,19,0,1,0,3,678,0,0,0,0,33,0,0,15,6,3,3
95555,1,30.8,10,17,0,0,0,4,2493,0,0,0,0,23,0,0,6,4,10,5
81769,1,909.47,17,22,1,0,0,2,246,0,0,0,0,16,25,0,23,5,11,2
61910,1,1.84,10,16,0,1,0,2,1307,0,0,0,0,20,0,0,4,11,2,1
56266,1,50.18,8,15,1,2,0,3,2250,0,0,0,0,18,10,0,6,30,6,0
96207,1,461.78,14,18,1,2,0,5,931,0,0,0,0,5,30,1,1,3,4,3
95832,1,33.33,0,20,0,10,0,1,303,0,0,0,0,13,15,0,0,19,4,5
68261,0,62.7,20,22,0,4,0,5,1136,0,0,0,0,23,50,0,23,25,6,2
70216,1,40.45,15,21,0,1,0,2,2047,0,0,0,0,43,10,0,3,19,9,4
92969,1,10.42,0,23,0,0,0,2,2338,0,0,0,0,12,0,0,16,14,7,0
78034,1,25.05,21,17,1,3,0,4,1223,0,0,0,0,19,10,0,13,19,11,2
14994,0,34.55,15,17,1,1,0,0,209,0,0,0,0,19,25,0,9,28,5,2
73069,0,53.71,3,19,0,1,0,0,2247,0,0,0,0,37,25,0,0,16,10,3
74834,1,85.68,8,18,1,1,0,3,1695,0,0,0,1,41,20,0,5,1,4,1
12489,0,783.23,23,16,0,6,0,1,1587,0,0,0,0,25,45,0,8,28,10,1
23058,1,30.99,16,11,0,1,1,3,2142,0,0,0,0,31,10,0,21,20,8,2
67346,1,26.64,2,23,0,1,1,1,182,0,0,0,1,8,10,0,6,18,1,5
99665,1,339.26,1,16,0,1,0,3,2082,1,0,0,0,17,25,0,7,15,3,5
28916,1,46.57,15,14,0,4,1,1,1893,0,0,0,0,43,35,0,3,20,9,5
21045,1,53.58,15,19,0,2,0,2,1151,0,0,0,0,2,0,0,17,19,3,2
70178,1,88.11,3,24,0,3,0,4,1590,0,0,0,1,33,0,0,3,16,3,6
37045,1,864.45,10,13,0,2,1,3,666,0,0,0,1,12,25,0,13,8,2,5
23704,0,396.12,14,21,0,0,0,5,243,0,0,0,0,25,35,1,23,1,7,1
60079,1,38.48,17,13,0,0,0,0,1987,0,0,0,0,12,0,0,1,25,7,4
31994,1,40.13,7,24,0,1,0,3,2414,0,1,0,0,24,15,0,7,1,12,0
17806,1,1.64,19,16,0,3,0,2,964,0,0,0,0,13,0,0,4,28,7,0
26509,1,41.61,13,19,0,7,1,1,1644,0,1,0,1,39,50,1,17,7,11,4
38534,1,111.5,10,15,0,0,0,1,2175,0,0,1,0,4,20,0,21,28,7,0
40007,1,4.86,14,20,0,0,0,2,738,0,0,0,1,23,0,0,15,12,8,1
25647,0,93.73,5,17,0,2,0,1,2237,0,0,0,0,12,15,0,16,16,8,5
27628,0,13.48,0,17,0,0,0,4,1225,0,0,0,0,25,15,0,16,15,6,6
52238,1,19.55,14,18,0,4,0,2,1564,0,0,0,0,3,15,0,0,10,2,0
41594,0,3.31,14,19,0,2,0,3,480,0,0,0,0,1,15,0,14,2,2,6
57376,1,51.63,22,13,0,5,0,4,1558,0,1,0,0,25,30,0,2,25,10,5
60630,0,12.61,13,18,0,1,0,4,405,0,0,0,0,42,25,0,19,26,4,5
15992,1,64.36,21,14,0,3,0,3,2398,0,0,0,0,6,0,0,8,5,6,3
36285,1,70.92,2,24,0,0,1,0,795,0,0,0,0,40,20,0,13,22,8,4
32095,1,9.56,11,15,0,3,1,2,1130,0,0,0,0,18,10,0,12,2,8,5
41297,1,48.36,18,35,0,4,0,3,2235,0,0,0,0,6,15,0,6,15,7,1
44022,1,6.6,10,17,0,0,0,2,2032,0,0,0,1,23,0,0,4,2,8,5
87461,1,56.37,19,17,0,1,0,2,790,0,0,0,1,34,0,0,11,9,11,6
11353,1,22.35,14,13,0,0,0,2,524,0,0,0,0,28,0,0,18,29,11,5
38407,0,25.36,20,17,0,3,0,0,1221,0,0,0,0,5,15,0,0,8,9,0
76292,1,60.36,5,13,0,2,0,3,2198,0,0,0,1,33,0,0,18,4,6,2
44611,1,535.58,13,14,0,0,1,1,2290,0,0,0,0,20,25,0,4,8,7,1
27255,1,33.8,12,20,0,0,0,4,993,0,0,0,0,37,10,0,18,4,4,4
74026,1,82.38,9,25,0,1,1,2,924,0,1,0,1,39,35,0,12,15,5,3
95473,1,1.79,12,13,0,1,0,2,851,0,1,0,1,22,15,0,7,8,6,6
55029,1,33.73,14,15,1,2,0,3,2150,0,0,0,0,37,20,0,23,18,6,2
15739,1,16.94,20,26,0,1,1,4,2141,0,0,0,0,14,10,0,6,18,1,5
33561,1,21.05,9,17,0,1,0,3,1059,0,0,0,0,10,0,0,17,18,6,2
39783,1,8.34,17,16,0,2,0,5,233,0,0,0,0,13,20,0,8,7,9,6
68437,1,76.74,12,22,0,2,0,1,1294,0,0,0,0,7,0,0,0,29,10,2
61317,0,30.41,9,14,1,1,0,0,691,0,0,0,0,12,25,0,0,30,5,4
60707,1,22.71,12,20,0,2,0,1,307,0,0,0,0,39,10,0,5,23,8,5
16063,1,25.02,15,16,0,0,0,0,1657,0,1,0,1,31,15,0,5,1,4,1
45976,1,50.82,12,21,0,0,0,2,2234,0,0,0,2,43,20,0,14,15,6,6
85022,1,61.92,12,29,0,1,0,2,1687,0,0,0,0,37,10,0,0,1,11,5
87415,1,28.46,16,26,0,1,0,3,2409,0,0,0,1,28,0,0,16,13,3,3
52638,0,77.96,16,25,0,0,1,0,1048,0,0,0,0,28,25,0,18,22,10,2
11161,1,18.97,1,21,0,1,0,1,2463,0,0,0,0,32,0,0,12,27,5,1
89091,1,74.11,6,18,0,5,0,4,285,0,0,0,1,24,15,0,5,23,3,6
48031,1,34.96,7,11,0,0,0,5,2319,0,0,0,0,21,20,0,17,1,12,0
11408,1,38.52,8,13,0,3,0,0,457,0,0,0,0,17,0,0,16,27,10,0
90870,1,76.73,12,16,0,4,0,2,1961,1,0,0,0,31,40,0,17,20,7,6
89174,1,4.38,8,15,0,1,0,0,1185,0,0,0,0,2,0,0,7,29,10,2
88013,1,61.2,11,16,0,2,0,3,814,1,1,0,0,34,40,0,22,16,11,6
39536,1,15.92,15,18,0,2,0,4,1232,0,0,0,1,18,0,0,16,4,5,6
19073,0,12.45,20,15,0,0,0,1,1226,0,0,0,1,15,15,0,15,30,4,2
58390,1,53.03,9,14,0,2,1,1,2282,0,0,0,1,17,10,0,10,10,7,3
11156,1,67.36,13,23,0,6,0,2,1891,0,0,0,0,13,15,0,13,18,10,5
10764,1,39.89,3,14,0,2,0,4,136,0,0,0,0,37,10,0,1,23,11,6
44294,1,80.14,12,20,0,1,1,4,1816,0,0,1,0,11,30,0,20,31,10,4
57237,1,29.57,9,17,0,1,0,1,1666,0,0,0,0,30,0,0,11,3,3,0
55553,1,33.73,9,22,0,0,0,5,1344,0,0,0,1,40,30,0,0,28,9,6
55964,1,10.94,18,13,0,2,0,1,697,0,0,0,1,29,0,0,6,1,9,0
17253,0,70.71,14,11,0,1,0,1,1212,0,0,0,1,37,25,0,9,25,5,6
36412,1,2.91,17,17,0,1,0,2,1919,0,0,0,0,13,0,0,7,9,12,1
81581,1,57.91,1,20,0,3,0,0,1222,0,0,0,0,26,0,0,0,27,7,6
14842,1,6.17,18,19,0,3,0,3,2389,0,1,0,0,28,15,0,17,20,3,3
20820,1,39.86,13,20,0,1,1,2,746,0,0,0,1,42,20,0,22,25,1,5
75247,1,88.57,13,23,0,2,0,4,677,0,0,0,1,38,10,0,0,23,2,6
16006,1,44.69,6,18,0,6,0,0,1043,0,0,0,1,25,15,0,13,10,3,0
54686,0,1.21,18,23,0,1,0,2,617,0,0,0,0,5,15,0,2,17,7,3
66038,1,70.58,17,16,0,2,0,1,2339,0,0,0,0,22,0,0,5,15,10,2
83097,1,16.54,10,24,0,1,0,1,1272,0,0,0,1,40,10,0,14,30,12,1
69259,1,646.52,9,14,0,0,0,4,563,0,0,0,0,19,15,0,3,26,4,5
92323,1,19.95,14,16,0,7,0,2,1847,0,0,0,0,42,25,0,0,28,8,3
50877,1,272.69,11,11,0,6,0,1,1436,0,1,0,0,21,30,0,18,13,4,6
11018,1,42.79,12,20,0,1,0,1,2431,0,0,0,0,4,0,0,18,25,2,1
49487,1,62.39,17,24,0,3,1,4,566,0,0,0,0,44,20,0,9,16,8,5
47476,1,24.26,8,20,1,1,0,2,464,0,0,0,0,34,10,0,22,20,1,0
79682,1,44.33,13,16,0,0,1,1,1512,0,0,0,1,21,10,0,4,31,1,4
50039,0,20.83,18,19,0,1,1,4,1183,0,0,0,1,20,25,0,18,22,3,5
69437,0,36.02,2,16,0,2,0,0,309,0,0,0,1,12,15,0,19,11,8,0
78376,1,22.63,12,13,0,1,0,2,2102,0,0,0,0,27,0,0,23,14,11,4
28356,1,27.04,9,11,0,1,0,0,1364,0,0,0,0,30,0,0,5,6,9,5
80011,1,581.23,15,15,0,0,0,2,554,0,0,0,0,6,15,0,22,9,7,2
36877,1,17.24,9,18,0,1,0,2,2483,0,0,0,0,11,0,0,21,21,5,2
27104,1,32.47,12,11,0,0,0,0,1400,0,0,0,0,19,0,0,6,23,9,1
48256,1,90.7,16,23,1,2,0,1,1841,0,0,0,0,6,10,0,5,11,6,2
79386,1,31.77,14,22,1,1,0,1,2147,0,1,0,0,18,25,1,9,7,7,0
52187,1,17.4,16,16,0,7,0,2,2493,0,0,0,0,24,15,0,9,7,11,4
94946,0,65.34,11,14,0,3,0,2,1006,0,0,0,0,13,15,0,10,17,1,4
19136,0,36.68,7,16,1,0,0,0,1227,0,0,0,0,11,25,0,8,3,6,1
30732,0,3.23,18,21,0,0,1,11,1525,0,0,0,0,19,45,0,15,14,5,2
92423,1,63.18,23,12,1,0,0,3,1810,0,0,0,0,25,10,0,21,31,12,2
66767,1,59.08,7,22,0,2,0,1,1898,0,0,0,0,15,0,0,17,29,11,5
29135,1,39.7,16,11,0,1,0,2,2323,0,0,0,0,41,10,0,1,12,4,5
30539,1,472.39,16,17,0,1,1,3,1141,0,0,0,1,21,10,0,18,22,1,2
66521,1,1008.47,15,27,0,1,0,4,324,0,0,0,0,12,15,0,16,30,1,3
50981,1,20.87,1,23,0,0,0,1,598,0,0,0,0,29,0,0,5,27,8,2
52261,1,3.7,7,23,1,2,0,3,2205,0,0,0,1,42,20,0,13,19,8,1
29793,1,1.9,8,17,0,0,0,1,1536,0,0,0,0,42,10,0,20,10,8,6
18238,1,1.45,15,14,0,3,0,4,1555,0,0,0,0,29,0,0,0,5,1,6
35234,0,29.62,16,17,0,0,0,1,432,0,0,0,0,6,15,0,4,22,1,2
10717,1,55.04,3,13,0,0,0,5,1608,0,1,0,1,43,45,1,16,11,1,5
10199,1,4.56,2,18,0,0,1,2,433,0,0,0,0,32,10,0,4,30,5,4
93083,1,0.03,17,18,0,2,0,3,261,0,0,0,0,36,10,0,12,17,6,1
40567,1,49.67,15,16,0,0,1,2,754,0,0,0,0,4,10,0,18,15,2,5
82979,1,65.58,7,19,0,0,0,1,2139,0,0,0,1,29,0,0,18,25,3,1
74751,1,84.2,13,21,0,2,0,3,1302,0,0,0,0,22,0,0,3,12,7,5
86710,1,20.22,18,19,0,1,1,3,1334,0,1,0,3,10,35,0,22,13,10,0
18322,1,790.84,14,24,0,0,0,2,1382,0,0,0,1,17,15,0,4,7,7,0
83040,1,61.53,10,17,0,1,0,3,1621,0,0,0,0,23,0,0,22,10,9,2
81373,1,29.16,14,14,0,0,1,2,143,0,0,0,0,33,10,0,4,28,8,3
51673,1,53.61,15,24,0,1,0,2,1006,0,1,0,1,30,15,0,8,29,5,3
93374,1,16.39,8,18,0,1,0,3,283,0,0,0,0,24,0,0,8,2,4,2
18378,0,6.89,16,15,0,3,1,3,503,0,0,0,0,12,25,0,20,5,4,5
47804,1,8.91,4,20,0,2,0,1,1320,0,0,0,0,2,0,0,1,14,6,5
58271,1,16.3,10,21,0,0,1,1,2237,0,0,0,0,24,10,0,5,10,12,2
96765,1,44.34,23,25,0,3,0,0,96,0,0,0,0,12,0,0,11,3,6,1
98240,1,80.48,10,16,0,3,0,3,1377,0,0,0,1,44,10,0,7,31,3,0
84443,1,15.87,18,22,1,4,0,0,1403,0,0,0,0,31,25,0,9,9,11,6
92304,1,36.52,13,24,0,0,0,2,1553,0,0,0,1,28,0,0,9,6,10,0
45487,1,737.19,17,21,0,3,0,3,1293,0,0,0,0,18,15,0,6,21,7,0
15144,1,21.94,2,11,0,1,0,9,212,0,0,0,0,17,20,0,23,14,4,0
68170,1,48.05,12,15,0,6,0,4,1738,0,0,0,0,28,15,0,23,6,10,0
15835,0,48.66,5,19,0,1,0,2,850,0,0,1,0,6,35,0,21,22,5,3
58032,1,35.53,11,14,1,2,0,4,1790,0,0,0,1,23,10,0,22,9,5,4
54047,0,40.14,10,20,0,3,0,1,534,0,0,1,2,30,45,0,18,24,3,0
83180,0,55.3,10,24,0,0,0,2,95,0,0,0,0,15,15,0,17,5,8,1
80114,1,16.67,12,14,0,3,0,2,2281,0,0,0,0,10,0,0,15,2,7,2
95082,1,11.39,12,23,0,2,0,1,351,0,0,0,0,13,0,0,13,14,4,0
55475,1,74.31,16,24,0,3,0,3,1075,0,0,0,0,31,0,0,11,20,4,6
80774,1,60.48,10,20,0,3,1,5,695,0,0,0,0,19,30,1,12,4,8,0
25323,0,45.06,19,15,0,1,1,2,2280,0,0,0,1,16,25,0,13,8,6,6
45496,1,794.39,23,22,0,6,0,1,274,0,0,0,0,5,30,0,23,16,11,6
79922,0,101.55,10,18,0,6,0,1,2337,0,0,0,0,41,40,0,21,9,3,6
49613,1,30.36,12,15,0,1,1,1,94,0,0,0,1,14,10,0,12,26,10,6
51457,0,68.24,15,22,0,1,0,0,2178,1,0,0,0,10,40,0,23,3,1,4
15107,1,73.5,7,10,0,1,0,0,1304,0,0,1,0,35,20,0,13,16,12,1
58505,1,15.62,23,26,0,0,0,1,553,0,0,0,1,7,0,0,17,15,1,2
58321,1,8.54,4,19,0,6,0,1,310,0,0,0,0,9,15,0,21,13,4,6
37279,1,58.57,11,14,0,4,1,3,431,0,0,0,2,15,35,0,17,5,11,2
81580,1,36.67,18,13,1,2,0,6,1180,0,0,1,1,33,50,1,14,2,12,1
13717,1,1065.18,13,23,0,1,0,2,2332,0,0,0,1,9,15,0,22,14,12,6
63094,1,91.38,7,20,0,0,0,3,894,0,0,0,0,17,0,0,12,11,5,6
47630,0,98.23,11,25,0,0,0,4,1187,0,0,0,0,6,15,1,20,13,11,3
69695,1,83.22,12,21,0,2,0,3,1777,0,0,0,0,34,0,0,16,28,9,6
59995,0,3.43,8,13,0,0,0,1,1382,0,0,0,0,21,15,0,7,30,7,2
59345,1,8.73,9,19,0,0,0,2,1941,0,0,0,0,23,0,0,2,21,12,6
52759,1,36.18,17,17,0,0,0,4,1903,0,1,0,0,41,25,0,16,8,2,5
80868,1,46.22,9,19,0,0,0,4,1646,0,0,1,0,30,20,0,21,16,3,6
28164,1,62.99,12,16,0,7,0,2,59,0,0,0,2,14,25,0,7,12,7,5
86779,0,49.66,7,17,0,2,0,1,2065,0,0,0,0,3,15,0,16,6,2,3
99407,1,28.71,2,16,0,1,0,6,730,0,0,0,0,31,20,0,8,26,2,2
92970,0,57.36,11,25,0,7,0,1,1911,0,0,0,0,19,30,0,3,2,6,0
35937,1,18.2,20,15,0,0,0,2,2338,0,0,0,0,41,10,0,6,25,6,2
97798,1,31.76,13,14,1,5,0,1,1132,0,1,0,0,24,40,0,23,9,3,6
86735,1,11.19,0,19,0,5,0,2,1274,0,0,0,0,25,15,0,1,28,5,2
32324,1,19.74,20,27,0,2,0,3,1597,0,0,0,0,1,0,0,16,19,10,6
22692,1,2.7,13,21,0,4,0,4,2252,0,0,0,0,18,15,0,23,22,10,2
66802,1,5.56,4,29,0,2,0,1,31,0,0,0,0,41,10,0,21,4,11,1
97789,1,17.43,4,19,0,3,0,3,244,0,0,0,0,23,0,0,6,8,3,5
18686,1,46.8,16,15,0,2,1,2,701,0,0,0,0,23,10,0,12,13,2,3
99182,1,27.4,13,26,0,3,0,1,790,0,0,0,0,44,10,0,20,4,4,4
68656,1,29.64,7,19,0,3,1,1,2252,0,0,0,0,11,10,0,2,27,5,1
38482,0,57.78,9,19,0,0,0,2,2051,0,0,0,0,37,25,0,8,8,7,1
53103,0,2.75,13,13,0,0,0,0,1927,0,0,0,0,32,15,0,20,26,6,3
30947,1,7.29,0,19,0,1,0,2,1413,0,0,0,0,27,0,0,21,15,10,2
81778,1,60.26,23,16,0,0,0,2,1039,0,1,0,0,9,15,0,19,16,6,0
88749,1,45.78,9,24,0,2,0,4,946,0,0,0,0,15,0,0,0,5,4,5
59729,1,8.06,13,8,0,2,0,3,2486,0,0,0,1,40,10,0,22,19,6,3
35214,1,39.74,12,18,0,2,0,3,2024,1,1,0,0,18,40,1,6,28,3,4
88999,1,44.32,12,18,0,1,1,3,2334,0,0,0,0,18,10,0,6,10,6,1
24764,0,44.12,19,13,1,6,1,0,625,0,0,0,0,20,50,1,2,3,2,0
51218,1,35.55,10,16,0,0,0,1,1128,0,0,0,0,35,0,0,2,13,4,6
89753,1,56.18,18,18,0,2,1,2,2039,0,0,0,0,9,10,0,15,11,2,1
92083,1,35.76,18,16,0,8,0,1,983,0,0,0,1,36,25,0,15,20,10,0
93261,0,196.09,7,13,1,8,0,3,1012,0,0,0,0,1,40,0,4,1,12,0
72890,1,58.34,23,18,0,3,0,2,2104,0,0,0,0,40,10,0,11,24,12,2
83923,1,579.34,8,14,0,6,0,5,1344,0,0,0,0,23,50,0,18,4,6,2
46186,1,28.82,16,21,0,1,1,1,1672,0,0,0,0,42,20,0,12,24,2,0
79690,1,20.53,14,19,0,0,0,1,2195,0,0,0,0,8,0,0,16,13,7,6
50046,1,69.09,18,21,0,3,0,3,1843,0,0,0,1,4,0,0,11,22,10,2
46634,0,0.43,10,24,1,7,0,2,670,0,0,0,1,29,40,0,13,17,4,3
54921,0,72.87,15,9,0,4,0,0,98,0,0,0,1,19,30,0,4,25,11,1
41006,1,106.17,20,10,1,1,0,8,1921,0,0,0,1,19,30,0,4,24,9,2
62806,1,51.14,18,16,0,3,1,0,1317,0,0,0,0,6,10,0,11,4,7,4
12079,1,69.51,19,15,0,0,1,2,765,0,0,0,0,44,20,0,6,17,5,5
89438,1,43.96,9,16,0,2,0,5,2127,0,0,0,0,23,20,0,13,31,7,3
51855,1,71.14,8,20,0,1,0,0,1839,1,0,0,0,14,25,0,10,26,6,3
62921,1,14.19,16,14,0,0,1,3,2295,0,0,0,0,29,10,0,1,25,4,4
38190,1,41.71,10,15,0,2,0,4,2475,0,0,0,0,8,0,0,16,12,11,2
51963,1,74.56,15,12,1,1,0,5,2107,0,0,0,0,4,30,0,23,17,6,1
51396,0,20.13,8,13,0,2,0,5,312,0,0,0,1,22,35,0,5,15,11,5
52254,0,69.02,2,16,0,2,0,1,2415,0,0,0,0,8,15,0,4,20,6,4
11822,0,41.52,12,17,0,6,0,3,2333,0,1,0,2,16,55,0,20,28,7,0
58680,1,7.47,6,12,0,0,0,2,1855,0,0,0,0,5,0,0,4,24,7,3
17726,0,64.04,13,18,0,5,1,3,316,0,0,0,1,33,40,0,7,4,12,3
45419,1,8.7,17,14,0,1,0,2,1910,0,0,1,0,17,20,0,3,10,4,3
78139,1,108.55,8,16,1,7,0,0,2471,0,0,0,0,22,25,0,6,18,3,1
73660,1,39.93,10,9,0,0,0,3,1293,0,0,0,0,16,0,0,20,22,3,5
60227,1,17.1,14,12,0,3,0,3,2137,0,0,0,0,13,0,0,4,19,7,5
94995,0,37.8,19,26,0,0,0,1,1803,0,0,0,1,34,15,0,6,1,10,2
24807,1,431.77,12,21,0,1,1,3,1648,0,0,1,0,42,40,0,20,5,1,6
66363,1,24.75,4,13,0,3,1,1,2306,0,0,0,1,15,10,0,11,13,6,4
14816,1,1200.2,19,15,0,9,0,2,519,0,0,0,0,33,30,0,9,12,6,3
22693,1,73.07,0,24,0,2,0,2,2441,0,0,0,1,14,0,0,13,17,10,4
42963,1,10.65,2,16,1,2,0,2,980,0,0,0,0,27,10,0,16,2,5,4
27678,0,44.44,12,11,0,0,0,0,1289,0,0,0,1,2,15,0,0,24,6,1
65450,1,35.39,22,22,0,0,0,7,2001,0,0,0,0,17,20,0,22,15,7,1
23727,0,12.08,5,17,0,1,0,1,2377,0,0,0,0,13,15,0,8,7,6,5
64919,0,0.67,12,19,0,0,0,2,262,0,0,0,0,31,15,0,14,7,1,1
51267,1,33.58,13,21,0,3,1,4,2285,0,0,0,0,10,10,0,18,6,9,5
60759,1,13.49,17,11,0,1,0,1,1089,0,0,0,0,35,0,0,4,9,7,2
65397,1,1056.7,16,22,0,0,0,2,1997,0,0,0,1,25,15,0,18,12,9,4
83187,1,33.33,12,24,1,4,0,3,1691,0,0,0,0,3,25,0,13,6,6,4
32626,0,11.05,7,17,0,0,1,1,1414,0,1,0,0,19,40,0,0,14,5,2
44295,0,38.33,12,16,0,2,0,1,2276,0,0,0,0,35,15,0,7,2,4,2
45001,1,48.98,7,13,0,2,0,4,1315,0,0,0,0,13,0,0,23,22,4,1
37675,1,18.44,16,25,1,2,0,0,166,0,0,0,1,14,10,0,20,18,9,3
66623,1,1171.32,3,11,0,5,0,4,2042,0,0,0,0,1,30,0,17,12,8,1
40649,0,0.83,13,23,1,4,0,1,1326,0,0,0,0,11,40,0,5,27,8,2
14870,1,11.35,20,19,0,1,0,0,2016,0,0,0,1,33,0,0,17,27,3,3
36584,1,14.13,6,19,1,1,0,1,2398,0,1,0,0,8,25,0,22,13,2,3
28116,0,41.67,18,16,0,0,1,1,2415,0,0,0,0,18,25,0,20,26,7,5
11745,1,20.59,23,21,0,0,0,2,781,0,0,0,1,23,0,0,6,4,12,3
77916,1,57.65,10,16,1,1,1,2,505,0,0,1,0,14,40,1,16,4,4,4
64759,1,47.59,17,20,1,3,0,2,2365,0,0,0,0,43,20,0,7,26,6,3
80135,1,37.3,10,13,1,0,0,2,330,0,0,0,0,16,10,0,9,26,7,5
41683,1,11.31,15,17,0,5,0,3,1548,0,0,0,2,15,25,0,4,15,9,0
68083,0,56.94,6,21,0,1,0,2,2157,0,0,0,1,29,15,1,5,27,1,0
37810,1,58.36,19,17,0,4,0,2,359,0,0,0,0,38,25,0,8,23,4,2
60522,1,16.69,6,24,0,2,0,3,892,0,0,0,0,5,0,0,3,14,7,0
88347,1,1.88,18,15,0,1,0,2,2175,0,0,0,0,14,0,0,3,31,12,2
49264,1,9.14,13,18,0,2,0,1,796,0,0,0,0,42,10,0,15,24,5,5
81069,0,39.73,12,15,0,0,0,3,1326,0,0,0,1,26,15,0,21,28,1,1
68079,1,72.29,15,19,0,4,0,1,231,0,0,0,0,11,15,0,14,13,9,5
78109,1,55.32,11,23,0,2,0,5,947,0,0,0,1,9,20,0,5,15,7,1
65094,1,67.0,18,22,0,1,0,1,1547,0,0,0,0,37,10,0,5,1,9,0
49970,1,64.33,6,24,0,6,0,1,851,0,0,0,0,9,15,0,22,30,6,0
95072,1,65.55,12,13,0,0,1,2,939,0,0,0,3,18,20,0,11,1,7,1
89911,1,521.85,1,18,0,1,0,2,1312,0,1,0,0,39,40,0,8,17,6,1
39000,1,48.61,19,21,0,0,0,2,2211,0,0,0,0,28,0,0,11,13,3,3
36368,1,49.72,14,14,0,1,0,1,948,0,0,0,0,19,0,0,0,17,3,0
64252,1,33.67,9,24,1,0,0,1,1244,0,0,0,0,24,10,1,1,28,11,4
23362,1,2.23,15,19,0,2,0,1,1444,0,0,0,0,24,0,0,12,23,7,2
71585,1,4.44,18,6,0,3,0,0,1696,0,0,0,0,21,0,0,17,5,8,1
58086,1,7.17,11,27,0,1,1,4,131,0,0,0,0,41,20,0,21,14,1,1
30002,0,63.26,12,13,0,0,0,3,2474,1,0,0,0,23,40,0,5,5,2,2
25759,0,32.19,13,15,1,2,0,6,1492,0,0,0,0,38,55,0,5,1,10,2
73101,1,28.87,17,24,0,0,0,2,1975,0,0,0,0,38,10,0,15,3,11,0
50421,1,76.0,6,30,0,3,0,1,1774,0,0,1,1,24,20,0,1,9,11,6
33050,1,49.61,5,24,0,5,0,8,2149,0,0,0,0,22,35,0,21,24,12,2
76610,1,50.71,10,25,0,3,0,1,1870,0,0,0,0,7,0,0,8,13,6,4
15129,1,5.48,15,20,0,2,0,0,1648,0,0,0,0,23,0,0,9,18,6,2
36685,1,36.63,19,20,0,3,0,1,1385,0,0,0,0,34,0,0,9,18,9,3
45622,1,50.99,9,14,0,0,0,2,1288,0,0,0,1,35,0,0,21,9,1,3
97385,1,34.54,16,13,0,2,0,1,2488,0,0,0,0,32,0,0,21,6,4,6
77160,0,66.06,13,20,0,0,0,2,1237,0,0,0,0,13,15,0,18,21,1,1
40419,1,7.29,7,26,0,2,0,0,1447,0,0,0,1,16,0,0,4,30,6,0
19629,1,80.21,10,19,0,1,0,1,948,0,0,0,0,34,0,0,23,8,8,4
27401,1,18.04,1,16,0,2,1,5,1429,0,0,0,0,29,30,1,21,30,10,3
53454,0,88.69,12,16,0,4,1,1,1916,0,0,0,1,33,40,1,9,20,7,6
58355,0,38.31,14,25,0,3,0,3,1626,0,0,0,0,26,15,0,23,7,11,4
88601,1,8.89,4,19,0,0,0,3,616,1,0,0,0,26,25,0,12,9,4,2
74959,1,32.23,13,18,0,2,0,0,1367,0,0,0,0,24,0,0,7,4,12,3
41117,1,39.27,13,6,0,3,0,1,230,0,1,0,0,30,15,1,15,15,3,5
30001,1,748.98,4,13,0,4,1,0,84,0,0,0,2,15,50,0,11,2,1,3
16287,1,938.04,12,16,0,1,0,1,2079,0,0,0,0,1,15,0,5,11,9,3
19420,0,15.76,19,29,0,0,0,2,2237,0,1,0,1,28,30,1,6,6,10,0
34143,1,93.27,15,21,0,1,0,7,1327,0,0,0,0,25,20,0,0,5,9,4
40236,1,0.98,9,18,0,0,0,3,189,0,0,0,0,34,0,0,19,22,2,5
30131,1,47.32,11,21,0,2,0,3,2010,0,0,0,0,23,0,0,16,8,1,2
87904,1,0.3,13,14,0,1,0,3,2452,0,0,0,0,17,0,0,17,21,8,3
82614,0,3.68,14,19,0,1,0,3,1976,0,0,0,0,1,15,0,18,11,7,4
17084,1,57.65,10,16,0,2,0,3,2257,1,0,0,0,44,35,0,10,17,2,0
68081,1,11.11,13,28,0,1,0,3,1348,0,0,0,2,27,10,0,18,8,10,2
10025,1,18.49,12,19,0,0,1,2,515,0,0,0,1,8,10,0,22,23,3,6
55046,1,22.97,20,15,1,2,0,5,394,0,0,0,0,22,30,0,17,11,7,4
29295,1,18.83,9,18,0,2,1,3,1670,0,0,0,0,29,10,0,1,27,9,5
86591,1,74.83,15,17,0,4,0,2,2221,0,0,0,1,31,15,0,0,23,5,4
53334,1,32.4,10,15,0,2,0,0,890,0,0,0,0,13,0,0,20,1,6,6
86747,0,43.97,9,10,0,6,0,4,2102,0,0,0,0,25,30,0,9,25,3,1
26951,1,104.51,6,17,0,2,0,1,1071,0,0,0,0,21,0,0,23,6,11,3
19945,1,39.83,7,9,1,0,1,7,1973,0,0,0,0,5,40,0,7,18,12,3
90077,1,118.35,14,24,1,0,0,0,2373,0,0,0,0,25,10,0,16,16,11,6
50740,0,23.35,6,22,0,1,0,1,2317,0,0,0,2,21,25,0,3,26,2,2
96729,1,25.22,7,18,0,3,1,2,1084,0,0,0,0,26,10,0,14,24,7,3
12919,1,72.0,21,19,0,1,1,0,1128,0,0,1,1,33,30,0,16,20,4,6
32121,1,27.99,14,25,1,1,0,3,423,0,0,0,0,41,20,0,13,16,4,2
93583,1,51.14,0,18,0,1,1,6,1286,0,0,0,1,15,30,0,17,10,8,6
79428,0,52.75,21,18,0,1,0,6,1326,0,1,0,0,39,60,0,0,4,1,5
97130,1,45.72,2,25,0,1,0,1,215,0,0,0,1,43,10,0,8,28,5,2
56348,1,51.65,17,21,0,0,0,3,1078,0,0,0,0,28,0,0,13,14,12,6
67024,1,61.71,23,15,0,1,0,5,1432,0,0,0,0,34,20,0,3,7,11,4
39395,1,36.9,21,22,0,2,0,2,421,0,0,0,1,20,0,0,5,29,6,6
10594,1,11.47,16,24,0,4,0,3,2434,0,0,0,0,25,15,0,4,24,11,0
48502,1,46.64,11,24,0,0,0,3,225,0,0,0,1,25,0,0,0,14,12,6
70661,0,76.06,2,19,1,0,1,3,1013,0,0,0,1,21,35,1,11,16,9,1
27480,1,65.97,11,21,0,0,0,0,1528,0,0,0,1,37,10,0,13,26,7,5
25726,1,51.34,12,20,1,3,0,2,986,0,0,0,0,11,10,0,6,7,7,0
61057,0,561.23,16,14,0,4,0,8,1086,0,0,0,0,15,65,1,14,19,12,4
28802,1,35.7,10,22,0,1,0,1,1958,0,0,0,0,21,0,0,3,12,3,2
74809,1,68.51,13,14,0,1,0,1,1885,0,0,0,2,41,20,0,15,14,12,6
83990,1,81.99,16,27,0,1,0,1,998,0,0,0,1,1,0,0,18,27,3,3
13074,1,24.89,19,19,0,4,0,1,1326,0,0,0,0,29,15,0,7,10,7,3
95799,0,14.62,14,16,0,3,0,3,133,0,0,0,0,30,15,0,22,2,11,6
41996,0,54.42,18,17,0,1,0,1,1100,0,0,0,0,6,15,0,13,26,11,2
70576,0,4.54,16,15,1,0,1,1,1719,0,0,1,0,14,55,0,16,25,3,1
91997,1,17.98,12,20,0,6,0,4,1197,0,0,0,0,26,15,0,2,12,10,6
65417,1,275.42,9,16,1,1,0,1,1309,0,0,0,0,36,20,0,9,8,4,1
22988,1,73.92,9,22,0,0,0,3,386,0,0,0,0,8,0,0,11,13,7,6
20959,1,91.35,12,14,0,4,0,1,2078,0,0,0,0,6,15,0,8,12,8,1
63002,0,1098.31,15,20,0,2,1,0,1249,0,0,0,0,44,50,0,2,27,3,3
67601,1,15.93,13,17,0,3,1,1,54,0,0,0,2,13,20,0,2,26,2,2
13674,1,38.49,13,6,0,3,0,1,2383,0,0,0,0,11,0,0,20,25,6,2
31095,1,1080.88,14,27,0,3,0,3,949,0,0,0,0,5,15,0,4,7,6,5
39211,1,27.92,16,18,0,1,1,4,259,0,0,0,0,3,10,0,12,14,4,0
30469,1,14.84,14,26,0,0,0,2,180,0,0,0,0,38,10,0,17,15,3,5
95577,1,60.98,10,19,0,1,0,1,1340,0,0,0,0,36,10,0,13,28,3,4
41285,1,55.67,15,18,1,0,1,2,252,0,0,0,0,33,20,1,20,20,7,6
70135,1,39.77,2,13,1,0,1,2,187,0,0,0,0,39,30,0,15,27,6,4
24537,0,1.18,18,25,0,1,0,4,1991,0,0,0,0,34,15,0,11,4,2,1
83616,0,12.33,16,22,0,1,0,2,2352,0,0,0,0,28,15,0,2,14,12,6
25959,1,70.2,14,11,0,3,0,5,219,0,0,0,0,22,20,0,14,21,5,2
89813,1,98.34,7,20,0,1,0,0,1861,0,0,0,0,32,0,0,2,11,4,4
66880,0,25.27,10,19,0,0,0,3,1083,0,0,0,0,33,15,0,20,22,10,2
68265,1,42.9,14,17,0,0,0,1,675,0,0,0,0,14,0,0,22,22,8,4
84676,1,46.08,10,24,0,1,0,6,1592,0,0,0,0,7,20,0,13,27,12,5
58526,0,12.72,8,18,0,2,0,3,1230,0,0,0,1,4,15,0,23,12,4,5
68028,1,96.25,12,22,0,1,0,3,1933,0,0,0,0,16,0,0,15,9,11,6
76850,1,32.91,6,11,0,1,0,1,2346,0,0,0,1,12,0,0,2,15,4,1
25530,1,24.51,0,13,0,0,0,2,871,0,0,0,0,9,0,0,15,8,10,2
31707,1,60.67,16,19,0,5,0,0,2389,0,0,0,1,44,25,1,12,9,3,6
47205,0,54.59,13,15,0,1,1,2,1706,0,0,0,0,3,25,0,11,18,6,2
41805,1,576.42,14,14,0,1,0,0,1977,0,0,0,1,23,15,0,16,4,4,4
20001,1,3.1,10,17,0,0,0,0,2305,0,1,0,1,13,15,0,22,2,12,1
23501,1,39.19,19,16,0,1,0,5,1957,0,0,0,0,19,20,0,11,19,9,4
42653,1,27.12,20,17,0,1,0,2,483,0,0,0,0,2,0,0,21,23,11,6
72467,1,19.62,9,19,0,1,0,3,1222,0,0,0,0,36,10,0,20,12,10,6
59776,1,302.02,18,29,0,3,0,1,375,0,1,0,0,44,25,0,6,2,5,4
45705,1,61.84,6,14,0,2,0,4,205,0,0,0,1,40,10,0,5,28,1,1
51831,1,8.17,16,12,0,1,0,0,868,0,0,1,0,24,20,0,21,30,10,3
80309,0,607.51,16,20,0,1,0,9,751,1,0,0,0,2,75,0,21,18,9,3
35566,1,36.6,17,15,1,3,0,0,1129,0,0,0,0,40,20,1,3,16,3,6
77828,1,61.65,7,18,1,6,0,2,1666,0,0,0,1,40,35,0,13,20,6,4
59294,1,100.52,8,14,0,1,1,5,575,0,0,0,0,1,30,0,18,25,4,4
34946,1,4.47,10,24,0,2,1,1,483,0,0,0,2,39,30,0,0,1,4,1
74226,1,6.77,11,14,0,2,0,1,2350,0,0,0,2,25,10,0,14,24,6,1
54589,0,46.77,14,25,0,2,0,5,932,0,0,1,0,10,55,0,6,31,7,3
34174,0,40.55,3,25,0,2,1,7,2230,0,0,0,0,10,45,1,13,11,5,6
71906,1,83.34,16,17,0,0,1,2,387,0,0,0,0,30,10,0,13,12,7,5
14116,1,9.28,12,20,0,5,0,1,1849,0,0,0,0,20,15,0,5,15,10,2
30484,1,1.43,17,20,0,1,0,0,2012,0,0,1,0,15,20,0,10,11,1,5
43238,0,42.45,12,15,0,2,0,5,2047,0,0,0,0,40,45,0,0,3,11,0
57495,1,77.36,20,20,1,3,1,2,104,0,0,0,1,21,20,0,2,12,12,4
79476,1,6.52,14,20,0,0,0,1,2010,0,0,0,0,11,0,0,5,17,1,4
54849,1,101.86,17,18,0,1,0,2,1790,0,0,0,1,5,0,0,15,29,11,5
92420,1,44.99,8,11,0,0,1,2,1949,0,0,0,0,29,10,0,19,9,7,2
61653,1,23.73,12,30,0,1,0,1,299,0,1,0,1,32,15,0,11,27,1,0
81820,1,21.2,14,21,0,4,0,0,1780,0,0,0,0,35,15,0,2,14,5,2
70392,0,104.37,13,13,0,1,0,2,1336,0,0,0,2,11,25,0,17,4,2,1
91717,1,40.76,2,16,0,5,0,0,1499,0,0,0,0,12,15,0,6,21,6,5
42794,1,16.72,11,20,1,0,1,2,2069,0,0,0,0,20,20,0,20,2,8,5
34764,1,48.78,7,21,0,1,0,0,1602,0,0,0,0,28,0,0,4,3,10,4
42376,1,39.41,5,18,0,5,0,2,2299,0,0,0,1,6,15,0,19,30,11,6
67997,1,26.55,10,20,0,1,0,2,2029,0,0,0,0,20,0,0,18,23,12,1
35829,1,31.26,4,13,0,1,0,0,804,0,0,0,0,3,0,0,15,19,10,6
20544,0,17.55,13,18,0,0,0,2,2428,0,0,0,0,11,15,0,6,31,7,3
78568,1,53.88,16,31,0,0,0,0,1884,0,0,0,0,12,0,0,21,12,2,2
69008,1,2.19,4,17,1,1,0,3,645,0,0,0,0,42,20,0,22,8,4,1
53276,0,84.89,10,19,0,1,0,3,1263,0,0,0,1,4,15,0,11,14,2,4
71503,1,62.61,13,14,0,3,1,3,239,0,0,0,0,12,10,0,9,30,6,0
34216,1,9.67,20,23,0,1,0,5,760,0,0,0,0,2,20,0,16,10,9,2
33926,1,27.18,6,15,1,0,0,3,2050,0,0,0,0,15,10,0,7,16,6,0
79945,1,49.71,0,24,0,0,0,1,386,0,0,0,1,10,0,0,11,27,3,3
18500,1,30.34,20,17,0,0,0,5,560,0,0,0,0,16,20,0,18,25,10,5
42048,1,26.8,6,10,0,0,0,2,1897,1,0,0,0,18,25,0,14,29,4,1
13445,1,51.51,15,27,0,0,0,3,2246,0,0,0,0,44,10,0,8,21,5,2
78724,1,62.49,10,27,0,0,0,3,1668,0,0,0,1,20,0,0,22,5,7,5
62405,1,30.19,2,18,0,6,0,3,2428,0,0,0,0,33,15,0,8,21,9,6
70833,1,54.5,18,18,0,0,0,3,1552,0,0,0,1,12,0,0,16,25,12,3
81896,1,27.97,9,23,0,2,0,6,892,0,0,0,0,3,20,0,0,10,8,6
92870,1,27.69,12,18,0,2,0,0,848,0,0,0,0,28,0,0,13,24,11,0
92284,1,54.71,9,21,0,1,0,3,965,0,0,0,0,35,0,0,6,29,11,5
12945,1,14.02,17,19,0,2,0,0,1669,0,0,1,0,11,20,0,1,5,3,2
30922,1,996.72,13,21,0,0,1,3,761,1,0,1,0,34,70,0,16,24,10,4
13881,1,74.18,10,15,0,3,0,6,499,0,0,0,0,13,20,0,5,1,7,1
94215,1,359.18,13,16,0,3,0,4,135,0,0,0,0,42,10,0,22,11,8,0
70384,0,51.07,10,20,0,2,0,0,52,0,0,0,0,34,15,0,0,3,2,0
39583,1,44.34,13,13,0,3,0,3,1837,0,0,0,0,4,0,0,16,9,12,1
74526,1,67.87,20,13,0,1,0,1,151,0,0,0,0,23,0,0,23,16,3,6
36347,0,49.53,11,17,0,4,0,5,2137,0,0,0,0,4,50,0,23,2,2,6
30177,1,106.52,15,7,0,1,0,2,982,0,0,0,1,2,0,0,7,4,5,6
93104,1,1032.07,9,19,0,2,0,1,2435,0,0,0,0,8,15,0,10,26,10,6
22297,1,36.0,15,18,1,3,1,3,792,0,0,0,0,3,20,0,21,25,8,0
25044,1,21.98,11,24,0,1,0,2,981,0,0,1,1,6,20,0,13,17,4,3
49886,0,64.33,9,22,0,2,0,3,1110,0,0,0,0,44,25,0,0,26,1,6
58384,1,889.7,15,15,0,2,0,5,197,0,0,0,1,42,45,0,18,4,1,5
94544,1,46.16,10,15,0,2,0,1,859,0,0,0,0,6,0,0,10,8,9,0
53550,0,14.02,11,22,0,0,0,4,1476,0,0,0,0,19,15,0,4,30,10,3
36038,1,48.37,16,20,0,4,1,1,1056,0,0,0,0,13,25,0,9,21,8,3
76708,1,6.23,12,26,0,1,1,0,2026,0,0,0,0,18,10,0,5,20,10,0
99704,1,1.5,14,25,0,2,0,2,1579,0,0,0,0,35,0,0,3,4,9,3
50422,1,21.21,17,8,0,4,0,1,1176,0,0,0,1,3,15,0,16,1,2,5
63309,1,60.18,12,15,0,0,0,2,448,0,0,0,0,5,0,0,5,9,12,1
35975,1,68.19,1,11,1,1,0,2,1427,0,0,0,0,22,10,0,7,20,11,3
88731,0,0.61,18,17,0,1,0,1,2038,0,0,0,1,28,15,0,10,20,10,0
41669,1,56.43,10,27,0,1,0,4,683,0,0,0,0,38,10,0,11,23,10,3
27544,1,6.57,19,21,0,0,0,3,979,0,1,0,1,23,15,0,5,17,1,4
84290,1,13.54,8,18,0,1,0,2,302,0,0,0,0,28,0,0,10,14,7,0
63433,1,57.61,13,17,0,3,1,3,943,0,0,0,0,38,20,0,0,7,2,4
66836,1,104.4,21,20,0,1,1,2,287,0,0,0,1,15,10,0,2,21,6,5
75080,1,31.91,4,22,0,0,1,0,2368,0,0,0,0,40,20,0,10,3,2,0
31750,0,14.35,22,14,0,4,0,2,1217,0,0,0,0,42,40,0,5,11,11,1
59593,1,73.95,20,19,0,2,0,4,1452,0,0,0,0,3,0,0,1,20,5,1
30195,0,5.94,7,20,1,0,0,1,1683,0,0,0,0,1,25,0,1,17,1,4
40562,0,14.31,12,19,0,3,0,1,888,0,1,0,1,12,30,0,19,9,6,0
88648,0,53.48,2,24,1,1,1,2,1491,0,0,1,0,38,65,0,15,14,9,6
27429,1,15.96,23,20,1,2,0,2,271,0,1,0,0,39,35,1,0,28,2,4
36447,1,31.29,15,25,0,2,0,0,1840,0,0,0,1,7,0,0,2,28,12,6
50063,0,943.48,18,24,0,0,0,1,1365,0,0,0,0,39,40,0,20,30,5,4
50589,1,42.14,15,13,0,1,0,2,1787,0,0,0,0,7,0,0,15,18,8,0
85931,1,44.3,21,19,0,0,0,5,1757,0,0,0,1,7,20,0,6,12,8,1
56506,1,38.44,3,17,1,1,0,5,916,0,0,0,0,23,30,0,21,25,2,1
83466,1,69.78,6,23,0,1,1,2,710,0,0,0,0,28,10,0,12,29,10,2
99709,1,31.87,19,22,0,3,1,1,2074,0,0,0,0,32,10,0,3,9,8,5
40470,1,13.09,12,19,0,2,0,0,1859,0,1,0,0,20,15,1,19,4,9,3
65579,1,25.64,3,17,1,0,0,1,621,0,0,0,1,35,10,0,8,4,7,4
49206,1,16.69,8,10,0,1,0,2,1878,0,0,0,0,27,0,0,13,13,7,6
49409,1,11.12,3,13,0,1,0,3,1412,0,0,0,1,7,0,0,6,2,1,3
87725,1,65.5,9,19,0,4,0,5,244,0,0,0,0,38,45,0,5,5,3,2
69879,0,12.62,2,15,0,0,0,2,804,0,0,0,0,12,15,0,10,11,5,6
74008,0,222.12,11,14,0,1,0,2,1329,0,1,0,0,5,30,0,23,9,2,6
89655,1,51.3,0,14,0,1,0,3,195,0,0,0,0,11,0,0,21,9,5,4
12975,1,105.11,11,16,0,3,0,2,637,0,1,0,0,35,15,0,23,10,6,1
82072,1,128.68,15,16,0,0,0,1,2453,0,0,0,0,6,0,0,0,18,6,2
57042,1,77.1,20,17,1,3,0,1,435,0,0,0,0,38,20,0,2,30,8,5
87623,0,54.32,13,18,0,4,0,0,276,0,0,0,0,44,40,0,18,3,11,0
21492,1,555.82,14,12,0,1,0,1,1582,0,1,0,0,21,30,1,4,20,9,5
57524,1,6.73,6,18,0,3,0,1,1012,0,0,0,0,32,0,0,19,11,9,3
65548,1,1020.82,15,22,0,4,0,5,1056,0,0,0,0,33,50,0,5,16,10,3
95749,1,7.81,13,20,0,6,0,1,569,0,1,0,0,24,30,0,1,20,1,0
40280,1,17.29,13,19,0,0,1,2,1101,0,0,0,0,25,10,0,13,7,12,6
87489,0,15.75,16,20,1,4,0,2,1866,0,0,0,0,41,50,0,9,25,8,0
68984,1,76.91,11,13,0,5,0,2,560,0,0,0,0,38,25,0,17,8,10,2
22257,0,2.61,16,19,0,1,0,4,810,0,0,1,1,21,35,0,8,5,2,2
83216,1,46.94,11,29,0,2,0,0,2444,0,0,0,0,11,0,0,17,12,11,2
83871,1,27.52,0,16,0,2,0,3,2033,0,1,0,0,33,15,0,14,4,2,1
63590,1,11.28,3,20,0,1,0,5,2088,0,0,0,1,4,20,0,10,31,1,4
94841,1,596.64,8,25,1,7,1,0,1480,0,0,0,0,4,50,0,23,22,5,3
78540,1,48.68,3,17,1,2,0,3,735,0,0,0,0,19,10,0,8,19,5,0
69228,1,56.74,4,16,0,0,0,1,1242,0,0,0,0,4,0,0,8,20,2,3
65270,1,17.99,23,15,0,0,0,4,378,0,1,0,0,41,25,0,4,21,12,6
93872,1,56.83,14,23,0,0,1,0,1299,0,0,0,1,31,10,0,8,11,11,1
39541,1,24.76,9,13,0,4,0,2,1458,0,0,0,0,22,15,0,2,3,3,0
21202,1,45.17,11,12,0,1,0,5,965,0,0,0,0,36,30,0,6,2,3,6
65087,1,6.43,17,22,0,2,1,1,2306,0,0,0,0,24,10,1,9,27,3,3
58279,1,43.97,12,21,0,2,0,1,248,0,0,1,0,32,20,0,7,26,11,2
23887,1,73.15,19,21,1,1,1,0,129,0,0,1,0,18,40,0,16,28,4,0
86109,1,18.37,18,15,0,5,1,1,2246,0,0,0,0,21,25,0,19,27,2,3
94013,1,14.66,7,24,0,1,0,4,1983,0,0,0,1,1,0,0,9,4,6,2
88737,1,52.55,17,13,0,3,1,1,2350,0,0,0,0,35,10,0,12,25,10,5
39877,1,4.5,13,18,0,1,0,3,979,0,0,0,0,6,0,0,23,27,6,4
23591,1,1176.39,11,13,0,2,0,0,800,0,0,0,0,4,15,0,9,26,2,2
77424,1,38.85,6,13,0,1,1,2,2326,0,0,0,0,1,10,0,17,10,9,2
71769,1,47.46,18,19,1,0,0,2,1889,0,1,0,0,5,25,0,19,5,11,2
86789,0,4.53,5,14,0,0,0,3,1483,0,0,0,3,6,25,0,18,3,11,0
12305,1,28.64,21,29,0,4,0,1,667,0,0,0,0,35,15,0,9,14,12,6
97388,1,29.56,2,11,0,2,0,0,2139,0,0,0,1,16,0,0,18,27,3,3
98034,1,37.32,7,19,0,0,0,4,2472,0,1,0,0,3,15,0,11,11,11,1
41080,0,9.4,6,16,0,1,0,3,605,0,0,0,0,29,15,0,18,18,3,1
92289,1,45.51,4,22,0,1,0,2,2116,0,0,0,0,33,0,0,20,14,10,1
50442,1,9.4,9,14,0,2,0,1,2283,0,0,0,1,25,0,0,17,15,5,3
21437,1,59.28,11,20,0,6,1,2,1940,0,0,0,1,30,25,0,11,20,4,6
81298,1,3.87,4,14,0,2,1,1,772,0,0,0,0,6,10,0,4,22,12,0
46350,0,18.28,8,33,0,0,0,1,2219,0,1,0,0,13,30,0,20,3,11,0
15123,1,23.6,15,14,0,0,0,2,2485,0,0,0,0,4,0,0,7,6,7,6
47554,1,1014.51,10,20,0,1,0,3,872,0,0,0,1,5,15,0,16,19,12,4
93949,1,22.33,8,23,0,1,1,5,2022,0,0,0,0,36,40,0,16,2,11,6
85943,0,15.09,15,16,0,3,0,0,820,0,0,0,1,12,15,0,23,10,4,3
40983,0,38.87,10,15,0,0,0,4,1915,0,0,0,1,41,25,0,6,29,12,0
69821,1,24.8,5,24,0,1,0,0,1082,0,0,0,2,7,10,0,5,1,6,6
32161,1,75.98,6,13,0,1,0,6,1128,0,0,0,0,9,20,0,20,9,9,1
35759,1,31.52,15,23,0,1,0,1,483,0,0,0,0,9,0,0,18,24,11,0
89454,1,9.42,3,15,0,1,0,3,2386,0,1,0,0,18,15,0,10,13,2,3
79655,1,68.13,17,24,1,0,0,3,1064,0,0,0,0,36,20,0,19,11,2,1
70327,1,1.81,11,18,0,0,0,5,838,0,0,0,2,11,30,0,18,22,9,0
44503,1,55.85,10,21,0,2,0,1,662,0,0,0,1,30,0,0,20,13,12,5
34833,1,72.59,23,22,0,6,0,0,2121,0,0,0,0,7,15,0,20,6,10,0
57995,0,33.6,6,15,0,0,1,3,63,0,0,0,0,8,25,0,8,16,3,6
67976,0,10.55,10,21,0,1,0,1,734,0,0,0,0,32,15,0,1,25,9,3
98324,1,976.76,2,22,0,0,0,0,1385,0,0,1,0,35,35,0,21,14,3,4
33249,1,4.91,21,14,0,1,0,0,1006,0,0,0,1,9,0,0,19,25,5,6
17590,0,88.41,11,20,0,0,1,2,2120,0,0,0,1,34,25,0,5,26,7,5
20986,1,55.45,19,19,0,1,0,4,2197,0,0,1,1,12,20,0,1,29,11,5
50638,1,36.69,3,14,1,1,0,2,1984,0,0,0,0,21,10,0,1,21,11,4
88035,1,41.26,13,20,0,1,1,4,728,0,0,0,0,19,10,0,15,4,5,6
10111,1,55.92,5,20,0,2,0,5,954,0,0,0,0,37,30,0,12,7,6,5
33860,0,62.0,8,21,1,2,0,0,73,0,0,0,0,2,25,0,5,11,7,4
53570,1,9.08,15,16,1,1,0,2,2440,0,0,0,0,36,20,1,10,3,1,4
60275,1,10.88,21,23,0,4,0,1,391,0,0,0,0,23,15,0,15,26,5,0
49734,1,7.11,9,15,0,0,1,0,1693,0,0,0,0,28,10,0,0,5,4,5
24699,1,49.74,3,12,1,2,0,1,920,0,0,0,0,14,10,0,1,20,5,1
68550,1,77.96,15,17,0,1,1,2,1421,0,0,0,0,43,20,0,19,27,3,3
11163,1,35.17,10,12,0,1,0,2,1671,0,0,0,0,17,0,0,2,6,2,3
49489,1,28.55,4,19,0,1,0,3,1449,1,0,0,2,22,35,0,5,25,12,3
67370,1,6.72,18,21,1,2,0,0,862,0,0,0,0,11,10,0,12,9,10,3
32271,0,58.63,14,16,1,4,0,1,1863,0,0,0,1,26,40,0,9,21,7,0
80999,1,6.93,2,15,0,4,0,1,2248,0,0,0,1,2,15,0,7,27,5,1
35474,0,22.33,3,21,0,1,0,0,2428,0,0,0,0,31,15,0,3,24,8,6
23898,1,46.78,12,21,0,2,0,0,1547,0,0,0,1,20,0,0,17,29,12,0
75967,1,92.66,9,13,0,1,0,2,180,0,1,0,1,24,15,1,1,7,10,1
84874,1,37.84,3,21,1,2,0,1,249,0,0,0,1,18,10,0,13,31,7,3
41449,1,10.79,19,15,0,0,1,2,1102,0,0,0,0,1,10,0,1,2,9,1
54828,1,51.31,12,14,0,1,0,2,1389,0,0,0,0,9,0,0,23,23,5,4
32687,1,27.53,19,23,0,1,0,0,1515,0,0,0,0,2,0,0,5,2,2,6
34274,1,2.08,19,17,0,2,0,0,478,0,0,0,0,5,0,0,9,19,8,1
84761,0,83.92,15,15,0,0,0,3,1127,0,0,0,1,15,15,0,20,10,12,2
15259,1,83.03,17,21,0,2,0,0,827,0,0,0,0,1,0,0,19,16,1,3
16112,1,68.02,23,27,0,1,1,4,1220,0,0,0,2,3,20,0,9,18,12,3
77830,1,43.92,19,22,1,1,0,4,310,0,0,0,0,3,10,0,14,5,12,4
84170,1,28.11,16,11,0,2,0,1,563,0,0,0,0,36,10,0,18,26,8,1
87417,1,1208.94,14,17,1,3,0,4,214,0,0,0,0,28,25,0,5,18,3,1
16966,0,54.26,11,14,0,1,1,0,274,0,0,0,1,40,35,0,22,2,3,6
80186,1,13.21,2,15,1,2,0,2,2142,0,0,0,0,3,10,0,16,13,10,0
71565,1,59.55,14,20,0,2,1,2,1056,0,0,0,0,2,10,0,19,7,2,4
13781,1,28.36,14,16,0,2,0,1,1920,0,0,1,1,2,20,0,17,3,5,5
91227,1,55.06,4,13,1,1,0,1,1926,0,0,0,0,11,10,0,6,10,11,0
21660,1,7.97,16,19,0,1,0,1,36,0,0,0,0,22,0,0,15,19,1,6
55549,1,42.89,22,13,0,3,0,3,519,0,0,0,0,43,10,0,21,19,10,6
23539,1,25.85,14,15,0,2,0,3,833,0,0,0,0,7,0,0,16,8,10,2
61754,1,361.13,12,19,0,2,0,1,453,0,0,0,0,5,0,0,6,6,9,5
47602,1,22.81,10,16,0,0,0,0,727,0,0,0,2,19,10,1,9,26,5,0
89409,1,370.22,4,19,0,3,0,2,336,0,0,0,0,26,0,0,7,23,11,6
24539,1,43.46,19,16,0,5,0,5,976,0,0,0,0,29,35,0,19,8,5,3
25451,1,41.54,6,14,0,2,0,3,171,0,0,0,1,23,0,0,0,18,8,0
33811,1,14.36,0,15,1,0,0,3,657,0,0,0,0,31,10,0,12,20,12,5
79208,1,7.42,14,21,0,1,1,2,2163,0,0,0,0,30,10,0,0,12,5,0
12019,0,64.43,11,11,0,1,0,4,1057,0,0,0,0,29,15,1,3,25,4,4
21560,1,12.58,15,17,0,0,0,1,288,0,0,0,0,13,0,0,16,3,6,1
21480,1,865.76,10,19,0,1,0,1,1170,0,0,0,0,2,15,0,7,31,8,6
58154,1,40.1,15,10,1,0,0,4,1880,0,0,0,0,17,10,0,20,7,6,5
34964,1,529.3,8,21,0,1,0,3,913,0,0,0,0,1,15,0,3,12,1,6
93868,1,25.26,14,21,0,4,0,4,1598,0,0,0,0,16,15,0,4,1,11,5
79209,1,17.46,12,13,0,0,1,5,2238,0,0,0,1,30,30,1,22,14,5,2
45245,1,43.69,1,15,0,1,0,2,422,0,0,0,0,40,10,0,5,20,11,3
92535,0,85.54,1,23,0,1,0,9,1042,0,1,0,0,29,50,1,0,2,2,6
95638,1,40.16,14,21,0,9,0,4,907,0,0,0,0,34,15,0,5,23,10,3
30557,1,284.39,15,10,0,1,0,0,108,0,0,1,0,33,20,0,12,17,5,5
78297,1,31.9,7,17,0,1,0,0,895,0,0,0,0,38,10,0,15,19,6,3
14377,1,50.16,19,18,0,2,0,4,407,0,0,0,2,17,10,0,15,21,10,1
18677,1,40.06,15,20,0,2,0,1,527,0,0,0,0,22,0,0,16,21,8,3
11169,0,76.7,11,27,0,2,1,1,1916,0,0,0,0,11,25,0,7,25,3,1
13239,1,840.34,17,15,0,3,0,1,1877,0,0,0,0,37,25,0,18,6,9,5
46343,1,3.08,19,21,0,2,0,4,2083,0,0,0,0,37,10,0,10,10,2,0
48305,1,18.36,12,26,0,2,1,1,180,0,0,0,0,28,10,0,11,7,9,6
91893,1,34.91,4,17,0,5,0,1,1770,0,0,0,0,25,15,0,22,11,10,5
33819,1,87.31,16,18,0,0,0,2,1569,0,0,0,0,33,0,0,22,13,6,4
25090,0,49.31,7,14,0,4,0,5,1318,0,1,0,2,35,75,1,19,26,7,5
27852,1,57.26,17,22,0,3,0,2,1320,0,0,0,1,35,0,0,11,5,9,4
79800,1,66.83,15,19,0,2,0,0,2453,0,0,0,1,18,0,0,2,5,7,5
23583,1,363.2,13,16,1,1,1,5,2033,0,1,0,0,6,55,1,14,28,11,4
83919,1,55.21,9,14,0,1,0,2,327,0,0,0,0,37,10,0,5,22,7,1
22566,1,25.94,10,17,0,2,0,2,895,0,0,0,0,14,0,0,10,10,4,3
51375,1,29.71,7,21,0,2,0,1,1080,0,0,0,2,19,10,0,22,24,2,0
56710,1,27.13,6,28,0,1,1,2,504,0,0,0,1,19,10,0,6,8,10,2
28299,1,38.71,3,19,0,2,0,2,1171,0,0,0,0,9,0,0,3,15,7,1
35443,1,592.59,17,22,0,1,1,4,1746,0,0,0,0,12,25,0,5,5,11,2
99104,1,41.24,8,17,0,1,0,2,114,0,0,0,0,13,0,0,12,31,10,4
35236,1,87.52,11,25,0,2,1,2,1704,0,0,0,0,40,20,0,4,14,6,5
94978,1,2.74,4,27,0,3,0,2,2404,0,0,0,1,37,10,0,9,26,7,5
26821,1,11.54,7,19,0,1,1,0,1431,0,0,0,0,20,10,0,17,28,8,3
51130,1,1.9,19,13,0,6,1,2,1746,0,0,0,1,44,35,0,22,1,10,2
33133,1,15.87,1,17,0,1,0,2,178,0,0,0,0,26,0,0,15,8,8,4
98805,1,20.72,20,24,0,4,0,3,2277,0,0,0,0,11,15,0,1,20,9,5
24514,1,75.85,10,21,0,1,0,1,107,0,0,0,0,36,10,0,13,18,1,5
95183,0,10.42,12,14,1,1,1,1,1575,0,0,0,1,12,35,0,21,26,9,4
53489,1,54.49,10,19,0,0,0,0,1222,0,0,0,0,25,0,0,13,20,8,2
76233,1,478.27,17,13,0,0,0,2,952,0,0,0,0,30,0,0,21,23,9,1
58592,1,82.63,15,10,0,2,0,2,1565,0,0,0,0,22,0,0,22,31,8,6
89451,1,3.9,3,24,0,1,0,2,2424,0,0,0,0,10,0,0,16,6,2,3
73579,0,55.97,7,11,1,3,1,5,1333,0,0,0,0,25,55,0,13,30,11,6
70421,1,87.29,4,16,0,0,0,1,201,0,0,0,0,10,0,0,20,20,10,0
65403,0,52.45,10,18,0,1,0,2,1737,0,0,0,1,11,15,0,14,4,1,5
15691,1,768.16,11,20,0,0,1,4,647,0,0,0,0,11,25,0,3,16,5,4
31129,1,559.1,17,20,0,1,0,2,399,0,0,0,1,3,15,0,13,2,8,5
82740,1,11.1,16,18,0,0,0,0,912,0,0,0,0,3,0,0,20,20,10,0
96971,1,59.55,17,20,0,3,0,4,967,0,0,0,0,9,0,0,9,13,3,3
62750,1,77.68,18,21,0,1,0,7,1827,0,0,0,1,16,20,0,8,12,1,6
65421,1,23.66,7,12,0,5,0,2,1868,0,0,0,0,36,25,0,8,22,2,5
31477,1,124.5,11,20,0,4,0,1,599,0,0,0,1,22,15,0,1,19,12,4
45346,1,882.51,12,19,0,0,0,4,261,0,0,0,0,1,15,0,22,3,7,3
36624,1,29.45,14,10,0,2,0,0,43,0,0,0,0,3,0,0,3,3,12,2
18004,1,10.84,13,18,0,2,0,3,2233,0,0,0,0,41,10,0,11,8,2,5
97585,1,34.9,12,16,0,0,0,2,2286,1,0,0,0,21,25,0,13,23,12,1
82984,1,1037.44,11,16,0,4,0,0,2276,0,0,0,0,2,30,0,6,3,6,1
36538,1,27.49,8,15,0,0,0,2,2156,0,0,0,0,1,0,0,15,3,6,1
95540,1,15.32,11,18,0,3,0,2,2355,0,0,0,0,44,10,0,10,25,6,2
72193,1,35.88,15,12,0,2,0,3,1495,0,0,0,0,43,10,0,4,7,3,4
18179,1,161.36,2,21,1,4,0,2,436,0,0,0,0,25,25,0,8,1,8,4
87779,1,12.38,17,17,0,3,0,0,1389,0,0,0,2,28,10,0,10,21,4,0
89069,1,39.7,4,12,0,3,0,1,623,0,0,0,0,27,0,0,15,8,6,6
31979,1,51.89,16,23,0,2,0,1,420,0,0,0,0,36,10,0,23,30,11,6
56479,1,3.29,9,9,0,1,0,1,2032,0,0,0,1,44,10,0,1,3,3,0
65680,0,41.47,11,14,0,2,0,1,1287,0,0,0,1,12,15,0,10,13,4,6
70748,1,29.2,10,15,0,1,0,3,1780,0,0,0,0,12,0,0,16,23,12,1
11908,0,9.7,10,16,0,1,0,4,2068,0,0,0,0,10,15,0,2,10,3,0
91604,1,79.08,15,14,0,0,0,2,2141,0,1,0,0,14,15,0,6,17,3,0
29349,1,56.02,9,15,0,4,0,2,2480,0,0,0,0,29,15,1,3,26,12,4
14233,1,54.05,13,22,0,0,0,2,973,0,0,0,0,10,0,0,5,28,5,2
39969,1,1.87,14,18,0,2,0,1,1597,0,0,0,0,1,0,0,5,12,9,4
36642,1,30.04,13,20,0,3,0,4,1823,0,0,0,0,6,0,0,6,17,6,1
78942,1,20.15,11,17,1,1,1,4,283,0,0,0,1,44,30,0,2,30,7,2
93229,1,12.91,11,18,0,0,0,3,2312,0,0,0,0,18,0,0,18,18,7,4
71767,1,535.68,16,25,0,0,0,1,1749,1,0,0,0,9,40,0,9,31,5,5
86785,0,41.27,1,15,0,4,1,0,1438,0,0,0,0,38,50,0,4,9,11,6
36436,1,82.73,17,13,0,0,0,3,1644,0,0,0,1,38,10,0,16,1,12,0
65715,1,3.0,11,19,0,0,1,3,500,0,0,0,0,18,10,0,9,31,10,4
56321,0,45.28,9,19,0,4,0,0,1479,0,0,0,1,44,40,1,14,30,7,2
53241,1,71.71,11,13,0,2,0,1,323,0,0,0,0,29,0,0,21,14,11,4
39027,0,86.42,19,13,0,2,0,2,561,0,0,0,0,19,15,0,4,21,7,0
59946,1,106.23,10,12,0,1,0,0,267,0,0,0,0,3,0,0,8,26,8,1
53293,1,47.19,11,15,0,2,0,2,2159,0,0,0,0,15,0,0,16,15,3,5
97791,1,32.27,3,11,0,2,0,4,801,0,0,0,0,9,0,0,22,11,12,3
35303,1,5.56,15,19,0,2,0,0,543,0,0,0,0,38,10,0,7,4,8,0
12159,1,31.74,20,10,0,0,1,4,1454,0,1,0,0,20,25,0,13,30,7,2
52291,0,54.6,13,16,0,0,0,5,1412,0,0,0,2,7,45,1,17,22,1,2
38901,0,44.97,18,21,0,3,0,3,2345,0,0,0,2,16,25,0,15,8,9,0
56496,1,771.69,8,19,0,1,1,1,1068,0,0,0,0,42,35,0,16,19,7,5
48866,1,61.26,9,14,1,1,0,4,238,0,0,0,0,26,10,0,20,18,11,1
50083,1,80.5,23,17,0,2,0,1,2063,0,0,0,0,29,0,0,18,20,6,4
62195,1,44.93,12,20,0,0,0,2,237,0,0,0,1,1,0,0,22,23,3,6
65173,0,42.0,18,12,0,2,0,1,1752,1,0,0,0,38,50,0,7,14,11,4
74953,1,80.32,0,15,0,1,0,0,574,0,0,0,0,9,0,0,23,16,2,6
77943,1,32.65,18,20,0,0,0,5,1972,0,0,0,2,9,30,0,20,9,5,4
84652,1,60.03,15,20,0,1,0,5,2114,0,0,0,0,3,20,0,2,31,8,6
80916,0,78.45,11,15,0,7,0,1,2349,0,0,0,0,11,30,0,22,23,8,5
40392,1,52.57,12,21,0,1,0,3,1458,0,0,0,0,35,0,0,17,28,12,6
83390,0,73.84,15,23,0,0,0,3,1313,0,0,0,1,11,15,0,23,10,12,2
15904,1,8.77,9,19,0,2,0,5,1318,0,0,0,0,10,20,0,0,22,8,4
95314,1,49.38,0,13,1,0,1,2,2320,0,0,0,0,32,20,0,3,12,6,3
89882,1,75.46,20,29,0,3,0,1,2032,0,0,0,0,28,0,0,17,25,8,0
17266,1,33.9,10,22,0,0,0,1,1479,0,0,0,0,19,0,0,19,5,8,1
86458,1,30.88,7,12,0,4,0,1,862,0,0,0,1,1,15,0,5,10,11,0
10310,1,32.16,4,17,0,1,0,1,1794,0,1,0,0,43,25,0,2,12,4,5
73859,1,28.46,10,18,0,2,0,1,1056,0,0,0,1,38,10,0,2,26,4,5
98268,1,23.46,14,19,0,4,0,1,871,0,0,0,0,34,15,0,12,15,10,2
69612,1,149.51,12,12,0,1,0,2,314,0,0,0,1,10,0,0,2,20,9,5
87296,1,54.86,14,30,1,1,0,0,899,0,0,0,0,2,10,0,16,3,8,6
97260,1,64.34,15,18,0,2,0,0,2347,0,0,0,0,9,0,0,16,13,10,0
56464,1,78.14,9,19,0,1,1,1,1666,0,0,0,1,9,10,0,9,25,1,5
24003,1,24.6,16,11,0,1,0,3,839,0,0,0,0,10,0,0,6,13,6,4
29632,1,77.96,10,21,0,0,0,1,2108,0,0,0,0,44,10,0,5,8,2,5
30890,1,61.12,13,20,0,2,0,1,1591,0,0,0,1,15,0,0,23,25,3,1
11302,1,56.24,10,14,0,1,0,0,901,0,0,0,0,7,0,0,18,28,11,4
16510,1,762.47,13,13,0,2,0,0,1198,0,0,0,1,11,15,0,11,18,12,3
39242,1,68.64,9,13,1,1,1,4,907,0,0,0,0,22,20,0,6,8,1,2
77338,1,34.96,14,23,0,4,1,3,330,0,0,0,0,25,25,0,19,28,1,1
38466,1,16.74,19,24,0,3,0,3,989,0,0,0,0,33,0,0,20,10,8,6
42639,0,35.42,11,22,0,0,0,3,1445,0,0,0,0,22,15,0,3,21,4,0
44301,1,81.33,14,18,0,2,0,2,1974,0,0,0,0,8,0,0,16,15,9,0
31078,1,514.05,20,19,0,2,0,3,1390,0,0,0,0,36,25,1,12,14,8,3
25762,0,32.81,14,15,0,0,0,4,215,0,0,0,0,30,15,0,7,4,10,5
72276,1,15.27,17,18,1,1,0,5,1924,0,0,0,0,37,40,1,20,5,8,1
67857,1,66.84,16,15,0,1,0,6,163,0,0,0,1,21,20,0,3,9,5,4
21770,0,392.2,18,21,0,2,0,1,37,0,0,1,0,28,35,0,18,18,12,3
93752,1,23.02,12,14,0,1,0,2,2331,0,0,0,0,15,0,0,18,15,5,3
31033,1,18.83,16,18,0,2,0,6,1205,0,0,0,1,42,30,0,14,29,10,2
23204,0,62.12,23,22,0,3,0,2,2491,0,0,0,1,17,15,0,18,6,7,6
23428,1,20.83,17,24,0,2,1,8,515,0,0,0,1,24,30,1,18,21,8,3
10717,0,92.94,8,24,0,3,0,4,714,0,0,1,0,29,35,0,3,10,7,3
71859,1,5.57,12,21,0,0,1,2,908,0,0,0,1,38,20,0,17,12,2,2
44937,1,52.73,0,19,0,4,0,5,2243,0,1,0,0,29,50,0,22,19,3,2
57057,1,61.09,12,13,0,1,1,3,679,0,0,0,0,18,10,0,15,25,7,4
29578,1,247.29,11,20,0,1,0,3,217,0,1,0,1,25,15,0,16,7,9,6
69186,1,9.92,20,18,0,0,0,3,97,0,0,0,0,9,0,0,0,20,9,5
87776,1,4.24,12,25,0,1,0,4,2190,0,0,0,0,25,0,0,14,15,11,5
14170,0,29.52,13,31,1,0,0,5,1546,0,0,0,0,43,55,0,22,7,9,6
11439,1,28.72,5,14,0,2,0,2,1378,0,0,0,0,5,0,0,13,15,1,2
97099,1,12.13,0,20,0,5,0,0,2390,0,0,1,0,15,35,0,7,4,9,3
68018,1,62.6,12,15,0,2,1,4,730,0,0,0,1,4,10,0,4,2,10,3
97191,1,20.45,12,18,0,1,0,0,126,0,0,0,0,12,0,0,16,8,9,0
92583,1,64.19,19,21,0,1,0,6,1982,0,0,0,0,40,30,0,10,1,11,5
26686,1,62.99,14,21,0,6,1,2,836,0,0,0,0,20,25,0,18,27,9,5
26066,0,70.93,12,10,0,3,0,4,2490,0,0,0,1,33,15,0,20,28,6,5
88512,1,14.47,18,17,0,1,0,1,141,0,0,0,2,25,10,0,13,14,7,0
85304,1,53.18,6,14,0,1,0,1,2193,0,0,1,0,15,20,0,5,31,10,4
62427,1,80.59,1,17,0,1,1,1,2252,0,1,0,0,20,25,0,12,22,2,5
88710,0,20.69,10,17,1,2,0,2,1886,0,0,0,0,27,25,0,23,1,2,5
54001,1,21.86,6,15,0,1,0,2,637,0,0,0,1,5,0,0,3,21,10,1
92866,1,64.54,10,17,0,4,0,2,314,0,0,0,0,36,25,0,4,22,4,1
95359,1,64.88,0,22,0,0,0,3,319,0,0,0,0,13,0,0,11,12,4,5
72140,1,27.41,0,20,0,1,1,2,187,0,0,0,1,41,20,0,22,19,7,5
91337,1,37.67,18,14,1,2,0,1,1772,0,0,0,0,10,10,0,23,8,2,5
86162,1,936.34,11,18,0,1,0,3,2139,0,0,0,0,13,15,0,14,19,8,1
35805,1,13.74,17,11,0,1,0,1,1649,0,0,0,1,20,0,0,17,3,12,2
97717,1,17.9,17,19,0,2,0,6,2052,0,0,0,0,21,20,0,1,20,1,0
18127,0,24.49,9,19,0,1,0,1,172,0,1,0,0,40,40,0,3,13,12,5
36752,1,555.16,4,15,0,1,0,1,634,0,0,1,0,35,35,0,10,9,10,3
89849,1,41.08,6,12,1,4,0,3,1517,0,0,0,0,21,25,0,17,22,8,4
24270,1,36.9,16,17,0,6,0,1,1379,0,1,0,0,20,30,0,8,13,2,3
58876,1,62.2,13,20,1,3,0,3,945,0,0,0,1,20,10,0,11,19,2,2
75874,0,55.18,15,13,0,1,0,1,1576,0,0,0,0,31,15,0,22,6,1,0
71209,1,50.21,11,10,0,0,0,8,503,0,0,0,0,22,20,0,13,30,4,2
37367,1,7.89,12,14,0,1,0,1,345,0,0,0,0,2,0,0,5,13,5,1
48825,1,63.07,13,13,1,1,0,1,1013,0,0,1,0,43,40,0,22,10,10,4
83947,1,35.27,18,16,0,0,0,4,2289,0,0,1,0,26,20,0,6,6,4,6
63349,0,69.28,3,21,1,5,0,2,162,0,0,0,0,14,40,0,23,20,7,6
86352,1,17.04,6,18,0,2,0,2,562,0,0,0,0,40,10,0,3,12,11,2
92469,0,54.28,18,17,0,1,0,5,2395,0,0,0,0,7,35,0,8,8,10,2
49528,1,19.9,10,16,0,2,0,1,1830,0,1,0,0,33,15,0,4,25,4,4
40616,1,35.63,10,17,0,1,0,3,1807,0,1,0,0,10,15,0,20,13,1,0
82145,0,18.52,20,12,0,2,1,0,2479,0,0,0,1,42,35,0,12,12,3,2
77397,1,1.81,5,11,1,0,0,0,2428,0,0,0,0,8,10,1,11,4,9,3
93919,1,12.27,19,22,0,2,0,2,564,0,0,0,0,8,0,0,0,20,10,0
47581,1,20.04,17,15,0,1,0,1,2178,0,0,0,0,8,0,0,6,12,7,5
58999,1,68.25,11,15,0,3,0,4,1145,0,1,0,0,22,15,0,11,27,1,0
98298,1,65.03,8,18,0,2,0,2,2404,0,0,0,1,3,0,0,18,20,9,5
95106,1,95.53,11,11,0,0,0,2,1033,0,1,1,0,17,35,0,19,27,6,4
37621,0,24.41,3,12,0,7,1,1,1624,0,0,0,0,28,40,0,17,2,12,1
18724,1,54.57,17,21,0,1,0,2,1072,0,0,0,0,7,0,0,14,4,10,5
44441,1,90.71,18,12,0,3,0,2,664,0,0,0,0,33,0,0,11,22,7,1
12033,1,29.72,9,16,0,1,0,1,442,0,0,0,0,6,0,0,10,19,1,6
88218,0,58.26,13,22,0,2,0,1,2026,0,0,0,0,40,25,0,18,2,2,6
20397,1,57.86,7,19,0,1,0,2,1530,0,0,0,0,41,10,0,3,19,1,6
30353,1,33.97,13,18,0,0,0,6,2452,0,0,0,0,29,20,0,10,25,7,4
61516,1,37.66,22,17,1,0,0,2,1087,0,0,0,1,12,10,0,15,7,9,6
15694,1,20.6,6,16,0,1,0,2,1992,0,0,0,1,6,0,0,0,10,3,0
81067,1,2.14,23,15,0,1,1,1,2112,0,0,0,0,10,10,0,18,8,3,5
64867,1,24.05,3,19,1,2,0,1,884,0,0,0,0,19,10,0,14,23,2,6
50077,1,22.05,10,15,0,1,0,2,1473,0,0,0,0,36,10,0,7,9,1,3
18050,1,6.82,9,16,0,1,0,1,2193,0,0,0,0,20,0,0,21,7,11,4
75216,0,6.83,2,13,0,0,0,4,1490,0,0,0,0,27,15,0,18,9,9,1
92437,1,44.92,7,22,0,1,0,1,2353,0,0,0,3,1,10,0,13,29,6,6
24658,1,33.2,10,22,0,1,0,2,260,0,1,0,0,31,15,0,4,31,8,6
84505,1,27.59,4,16,1,0,0,0,1399,0,0,0,1,30,10,0,3,11,8,0
74290,1,3.05,15,20,0,6,0,1,119,0,1,0,0,16,30,0,14,20,8,2
79581,0,18.61,9,13,0,1,0,3,132,0,0,0,0,34,15,1,20,30,3,6
61294,0,94.81,9,20,0,0,0,0,1091,0,0,0,0,30,15,0,10,25,4,4
99990,1,45.15,17,13,0,2,0,1,865,0,0,0,0,2,0,0,6,7,12,6
55371,0,26.29,15,17,0,1,0,1,1668,0,0,0,0,17,15,0,16,28,4,0
11418,1,67.99,21,16,0,2,0,1,555,0,0,0,2,5,10,0,3,2,1,3
92617,0,70.48,4,18,0,2,0,0,679,0,0,0,0,19,15,0,16,24,1,4
56497,1,73.52,10,20,0,3,0,3,446,0,0,0,0,30,0,0,17,1,3,5
45842,1,22.69,12,17,0,0,0,2,514,0,0,0,0,8,0,0,7,2,6,0
45540,1,26.29,17,18,1,2,1,1,2220,0,0,0,0,42,30,1,3,4,12,3
78463,1,3.58,16,26,0,8,1,4,1117,0,1,0,0,36,50,0,6,13,11,3
11751,0,8.04,12,19,0,1,0,3,2446,0,0,0,1,10,15,0,19,29,3,5
32886,0,643.25,12,11,0,2,1,5,2053,0,1,0,0,39,85,0,3,28,8,3
28360,0,4.14,4,22,0,0,0,2,694,0,1,0,0,29,30,1,7,29,3,5
19751,1,50.19,15,19,0,0,0,3,1510,0,0,0,0,11,0,0,11,28,2,4
53553,1,12.4,14,27,0,0,0,2,2354,0,0,0,0,24,0,0,16,12,2,2
47573,0,32.09,19,17,0,1,0,1,2336,0,0,0,0,9,15,0,0,14,12,6
35871,1,10.88,9,19,0,1,0,0,1635,0,0,0,0,35,0,0,9,14,10,1
33940,1,4.86,11,15,0,4,0,2,2487,0,0,0,0,11,15,0,16,27,12,5
53390,0,68.45,4,16,0,0,0,3,1811,0,0,0,0,42,25,0,9,10,10,4
78070,1,12.02,14,20,0,1,0,4,2394,0,0,0,1,28,0,0,20,10,11,0
19852,1,32.63,17,17,0,1,0,6,1523,0,0,0,1,1,20,0,4,5,3,2
67455,0,34.37,13,15,0,3,0,13,208,0,0,0,0,3,35,0,19,16,10,3
38982,1,54.46,15,23,0,2,0,1,2397,0,0,0,0,19,0,0,16,3,4,3
97861,0,58.26,18,20,0,2,0,2,1275,0,0,0,1,39,25,0,3,8,9,0
11511,1,95.9,13,19,0,0,0,3,2110,0,0,0,0,26,0,0,21,1,7,1
79615,1,24.3,9,20,0,3,0,1,1716,0,0,0,0,26,0,0,22,2,5,4
21986,1,30.99,4,19,0,0,0,5,367,0,0,0,0,27,20,0,12,18,4,4
80222,1,28.49,12,18,0,1,0,9,818,0,0,0,1,13,20,0,19,22,11,5
32499,1,16.25,12,20,0,5,0,1,1492,0,0,0,0,6,15,0,22,5,11,2
74919,1,2.9,17,12,0,2,0,2,1710,0,0,0,0,13,0,0,22,25,11,1
69798,1,11.7,23,16,1,2,0,1,1945,0,0,0,1,36,20,0,9,28,7,0
57678,1,48.7,10,12,0,4,0,1,1824,0,0,0,0,13,15,0,13,15,5,3
96360,1,102.62,12,17,1,0,1,0,1190,0,0,0,0,15,20,0,3,25,1,5
90624,1,48.32,10,22,0,5,0,3,51,0,0,0,0,16,15,0,10,21,8,3
33984,0,2.94,12,19,0,6,0,3,1377,0,0,0,1,40,40,0,1,10,12,2
12698,1,31.1,23,17,0,0,0,0,1737,0,0,0,0,3,0,0,3,7,7,0
87899,1,576.23,8,19,0,2,0,1,710,0,0,0,0,39,25,0,16,8,5,3
88293,1,122.8,19,20,0,2,0,0,294,0,0,0,0,21,0,0,6,11,2,1
17269,1,23.88,20,16,0,1,0,1,1902,0,0,0,0,34,0,0,9,30,8,5
52618,1,46.32,10,10,0,0,0,0,1459,0,0,0,0,40,10,0,20,21,11,4
81999,0,112.32,12,15,0,3,0,3,2130,0,0,0,0,37,25,0,0,14,2,4
33185,1,96.21,14,15,0,2,0,0,1168,0,0,0,0,7,0,0,3,24,8,6
78197,1,37.77,20,18,0,3,0,2,1839,0,0,0,1,37,10,0,10,14,12,6
49960,1,33.04,15,25,0,3,0,4,1749,0,0,0,1,5,0,0,4,22,7,1
35314,1,56.63,21,19,0,3,0,2,1884,0,0,0,0,3,0,0,14,20,5,1
47196,1,37.14,20,15,0,0,0,2,2003,0,1,0,1,30,15,0,22,4,6,2
10751,1,4.77,3,25,0,0,0,4,2417,0,0,0,1,35,0,0,7,20,10,0
18039,1,40.07,8,25,0,3,0,1,1216,0,0,0,0,22,0,0,17,7,4,0
10692,0,48.08,7,20,0,5,1,0,1812,0,0,0,0,39,50,0,17,14,3,4
44039,1,53.88,8,20,0,2,0,2,2155,0,0,0,1,1,0,0,11,26,12,4
41204,1,11.76,12,20,0,4,0,1,756,0,0,0,0,40,25,0,12,11,7,4
68737,1,18.39,18,21,0,1,0,2,568,0,0,0,0,23,0,0,18,27,6,4
23140,1,14.29,9,19,0,2,0,1,2325,0,0,0,0,7,0,0,22,23,2,6
56715,1,78.76,14,16,0,3,1,1,130,0,0,0,0,44,20,0,18,14,4,0
16301,0,53.66,19,23,0,2,1,3,1587,0,0,0,0,26,25,0,5,19,11,2
79262,1,59.3,6,19,0,1,1,2,2276,0,0,0,0,26,10,0,3,19,10,6
17568,0,74.95,14,12,0,2,0,2,2283,0,0,0,0,2,15,0,11,22,1,2
16666,0,17.85,1,21,0,5,1,5,715,0,0,0,0,41,70,0,4,11,2,1
77704,1,79.7,23,29,0,2,0,8,1723,0,0,0,1,21,20,0,16,14,2,4
78682,1,44.57,19,16,0,0,0,2,2303,0,0,0,0,19,0,0,8,15,1,2
14400,1,49.23,14,15,0,1,0,4,2483,0,0,0,0,20,0,0,22,30,7,2
49291,1,41.27,19,16,0,2,0,3,1956,0,0,0,0,12,0,0,16,28,9,6
88026,1,33.8,11,14,0,5,0,0,2274,0,1,0,0,24,30,0,14,31,7,3
62054,1,28.54,9,18,0,1,1,2,777,0,0,0,0,33,10,0,7,22,4,1
88235,1,5.45,8,20,0,1,1,3,2470,0,0,0,0,23,10,0,11,23,1,3
93612,1,50.26,19,16,0,1,0,1,1173,0,0,0,1,1,0,0,17,6,5,1
97628,0,57.35,9,15,0,0,0,2,983,0,0,1,0,7,35,0,0,29,7,1
90479,1,31.45,12,15,0,4,0,3,2150,0,0,0,0,8,15,0,12,30,10,3
27488,0,11.15,8,18,1,0,0,3,932,0,0,0,0,27,25,0,15,2,10,3
95016,1,9.79,19,19,0,0,1,5,1501,0,0,0,1,16,30,0,4,2,10,3
99527,1,59.25,21,24,0,1,0,2,453,0,0,0,0,28,0,0,19,29,4,1
25914,1,41.03,8,19,0,1,1,11,2214,0,0,1,0,43,60,0,16,13,4,6
69011,1,650.08,14,22,0,0,0,1,224,0,0,0,0,32,15,0,3,31,7,3
24924,1,45.21,17,21,1,1,0,1,974,0,0,0,0,27,10,0,17,2,9,1
43576,1,5.5,14,14,0,1,1,1,744,0,0,1,0,24,30,0,18,9,8,5
10474,1,15.82,19,16,1,1,0,2,1156,0,0,0,0,24,10,0,2,19,9,4
83450,1,31.64,14,23,0,3,0,3,692,0,0,0,0,13,0,0,21,5,9,4
48918,1,1223.08,5,18,0,0,0,1,2220,0,0,0,1,44,25,0,10,20,6,4
50056,1,6.32,22,23,0,1,0,3,346,0,0,0,0,28,0,0,16,15,8,4
70888,1,852.86,9,15,0,0,0,10,476,0,0,0,0,15,35,0,12,4,8,0
20862,1,21.19,13,17,0,0,0,1,1135,0,0,0,0,6,0,0,23,9,5,4
55094,1,30.81,10,20,0,0,0,1,175,0,0,0,1,2,0,0,18,14,2,4
34144,1,39.53,14,13,0,1,1,1,49,0,0,0,0,15,10,0,1,28,4,0
90486,1,15.38,13,20,0,2,0,3,1739,0,0,0,0,18,0,0,13,15,9,0
64622,0,28.32,13,24,0,3,0,1,1543,0,0,0,0,28,15,0,7,5,11,2
57598,1,64.29,9,17,0,0,0,1,1574,0,0,0,0,23,0,0,13,15,6,6
92127,1,63.56,2,17,1,2,1,3,1757,1,1,0,1,30,60,0,13,7,6,5
60117,1,88.01,17,14,0,2,0,4,258,0,0,0,0,36,10,0,14,21,11,4
35066,1,48.17,10,23,0,3,1,5,1794,0,0,0,0,31,30,0,19,24,10,4
17782,1,20.64,9,11,0,3,0,1,569,0,0,0,0,41,10,0,6,13,12,5
86515,1,3.33,13,15,0,1,0,2,2239,0,0,0,1,18,0,0,10,19,5,0
77745,1,22.46,13,20,0,0,0,2,66,0,0,0,0,2,0,0,4,30,4,2
10364,1,62.33,8,14,0,1,0,1,2289,0,0,0,1,41,10,0,15,2,6,0
97448,1,22.36,12,20,0,2,0,2,793,0,0,0,0,12,0,0,1,23,12,1
39648,1,0.04,8,21,0,1,0,3,2262,0,0,0,1,22,0,0,13,18,12,3
30419,0,23.39,13,30,0,3,0,0,1066,0,0,0,0,5,15,0,9,30,4,2
12603,1,18.03,17,23,0,0,1,1,252,0,0,0,0,33,10,0,20,24,2,0
30186,0,52.57,13,13,0,0,0,2,781,0,0,0,0,17,15,0,5,25,7,4
14395,1,29.65,17,16,0,1,1,3,603,0,0,0,1,5,10,0,17,30,8,5
97475,1,79.88,18,21,0,2,1,5,287,0,0,0,1,7,30,0,22,7,6,5
37676,1,81.8,6,17,0,1,0,2,206,0,0,0,0,34,0,0,20,12,11,2
55386,0,69.33,7,19,0,4,0,1,1874,0,0,0,1,35,30,1,0,26,9,4
59624,1,8.64,7,18,0,1,0,1,1648,0,0,0,0,43,10,0,9,22,2,5
62398,1,20.44,9,16,0,1,0,1,607,0,0,0,0,31,0,0,16,7,12,6
16661,1,22.31,10,19,0,1,1,2,64,0,0,0,0,3,10,0,0,7,4,0
37528,1,82.46,13,15,0,1,0,3,224,0,0,0,1,43,10,0,18,11,1,5
64788,0,29.25,22,27,0,0,0,3,1278,0,0,0,1,44,25,0,1,15,7,1
27255,1,47.32,19,15,1,1,0,2,1750,0,0,0,0,38,20,0,8,29,10,2
72974,0,35.94,14,20,1,2,1,3,1397,0,0,0,0,33,35,1,5,31,1,4
10843,1,69.12,15,15,0,2,0,3,886,0,0,0,0,20,0,0,21,14,11,4
63816,1,14.73,11,17,0,0,0,3,2132,0,0,0,0,7,0,0,11,17,3,0
45545,0,58.91,17,14,0,2,1,2,2068,0,0,0,0,10,25,0,19,16,9,1
14879,1,74.39,5,11,0,1,0,1,2090,1,0,0,0,25,25,0,16,27,6,4
24556,1,113.91,6,14,0,2,0,0,516,0,0,0,0,15,0,0,21,18,10,5
36199,1,902.17,3,26,0,0,0,1,1579,0,0,0,0,18,15,0,15,2,3,6
13147,0,2.44,6,15,0,4,0,1,1670,0,0,1,1,41,60,0,12,15,3,5
73005,0,27.68,19,15,0,3,1,0,705,0,0,0,2,39,45,0,0,20,1,0
93534,1,37.64,10,22,0,3,0,0,1983,0,0,0,1,17,0,0,8,10,3,0
65096,1,72.75,16,18,0,0,0,1,1389,0,0,0,0,8,0,0,12,23,4,2
82042,1,28.42,9,12,0,1,1,0,2229,0,0,0,0,19,10,0,10,24,12,2
49138,1,84.81,10,13,0,1,1,2,962,0,0,0,0,10,10,0,12,23,2,6
73083,0,26.89,22,28,0,1,1,1,2005,0,0,0,0,4,25,0,18,12,2,2
22779,1,20.71,8,13,1,2,0,2,550,0,0,0,0,14,10,0,21,27,5,1
29549,1,1202.64,14,26,0,2,0,3,1355,0,1,0,1,21,30,1,13,23,1,3
87905,0,10.97,12,17,0,0,1,3,36,0,0,0,1,38,35,1,19,28,2,4
29953,0,46.05,10,15,0,0,0,1,563,1,0,0,1,37,50,1,15,17,10,4
30969,1,49.61,1,14,0,1,0,2,1746,0,0,0,0,11,0,0,23,13,2,3
26906,1,63.81,18,20,0,2,0,0,1715,0,0,0,0,38,10,0,2,27,4,6
26812,0,62.78,22,20,0,1,0,1,2464,0,0,0,0,6,15,0,17,27,6,4
86814,1,61.85,12,17,0,0,0,1,2049,0,0,0,0,38,10,0,21,23,3,6
97440,1,31.9,15,22,0,3,0,2,967,0,0,0,0,20,0,0,12,12,6,3
15669,1,52.89,21,16,0,2,0,1,1963,0,0,0,0,24,0,0,3,24,9,2
22656,0,27.75,15,23,0,1,0,1,757,0,0,0,0,35,15,0,5,3,10,4
70814,1,34.06,11,19,0,6,1,3,1470,0,0,0,0,7,25,0,11,26,9,4
91007,0,77.97,12,14,0,5,0,3,237,0,0,0,0,30,30,0,20,13,4,6
56356,1,15.48,14,13,0,0,0,5,2415,0,0,0,0,42,30,0,9,7,5,2
24705,1,37.12,9,18,0,2,1,3,2122,0,0,1,0,25,30,0,23,23,7,2
71293,0,70.96,9,19,0,1,0,0,1171,0,0,0,0,14,15,0,7,29,5,3
44371,1,39.22,7,20,0,1,0,1,81,0,0,0,0,27,0,0,23,4,10,5
59943,1,407.35,11,20,0,1,1,1,1341,0,0,0,0,4,10,0,12,11,7,4
57717,1,5.45,8,12,0,3,0,1,512,0,0,0,0,16,0,0,12,28,11,4
79918,0,26.86,19,12,0,2,0,3,1678,0,0,0,0,10,15,0,15,23,2,6
52722,1,50.87,11,21,0,1,0,0,953,0,0,0,1,12,0,0,17,23,2,6
59506,1,6.92,11,16,0,3,0,1,1535,0,0,0,0,31,0,0,20,9,4,2
49220,0,25.4,12,28,0,1,0,2,1214,0,0,1,0,26,35,0,23,13,7,6
51120,0,6.42,16,18,0,2,0,0,67,0,0,0,0,9,15,0,17,14,7,0
30508,1,22.71,12,25,1,4,1,5,1231,0,0,0,0,27,55,0,13,26,5,0
18747,1,47.69,11,21,0,1,0,0,142,0,0,0,0,11,0,0,16,2,4,2
66067,1,29.21,9,21,0,0,0,1,887,0,0,0,0,25,0,0,19,11,10,5
44584,1,42.04,7,15,0,3,0,4,1340,0,0,0,0,1,0,0,5,6,9,5
87932,1,47.95,11,23,0,4,1,2,916,0,0,0,0,18,25,0,12,5,2,2
34911,1,500.64,8,15,0,1,0,1,1947,0,0,0,1,7,15,0,13,1,8,4
97584,1,108.88,21,22,1,1,1,9,622,0,1,0,1,14,55,0,8,13,2,3
91279,0,35.67,1,15,0,3,0,2,1866,0,0,0,0,11,15,0,17,3,2,0
60451,1,51.65,11,15,1,2,0,5,33,0,0,0,0,37,40,0,15,24,12,2
93289,1,10.54,9,20,0,1,1,2,788,0,0,0,0,11,10,0,19,11,10,5
47134,1,295.64,17,19,0,0,1,0,1262,0,0,1,1,15,30,0,14,16,11,6
48553,1,98.06,19,20,0,5,1,2,2409,0,0,0,1,11,25,0,8,12,7,5
58618,1,24.66,17,11,0,0,0,3,132,0,0,0,1,9,0,0,10,15,1,2
82171,1,59.27,16,16,0,0,0,1,2056,0,1,0,0,33,15,0,2,11,11,1
60629,1,49.5,15,23,0,2,1,0,2453,0,0,0,1,44,20,0,7,11,8,0
68732,1,26.62,12,16,0,4,1,1,1962,0,0,0,0,28,25,0,17,12,11,2
29211,0,12.1,14,18,1,0,1,2,878,0,0,0,0,40,45,0,13,24,6,1
83786,1,19.69,9,26,0,2,0,2,619,0,0,0,0,35,0,0,2,1,12,0
62692,1,43.36,11,23,0,0,0,0,204,0,0,0,0,31,0,0,2,29,11,5
21260,1,7.16,4,20,0,2,0,3,991,0,0,0,1,9,0,0,21,22,3,5
49695,1,10.92,9,13,0,0,0,0,1024,0,0,0,0,14,0,0,17,12,4,5
15238,1,20.0,2,15,0,1,1,1,818,0,0,0,1,9,10,0,10,30,1,3
91322,1,47.44,16,23,0,0,0,0,2408,1,0,0,1,27,25,0,15,13,2,3
92741,1,33.27,9,8,0,0,0,3,2065,0,0,0,0,6,0,0,23,15,5,3
91955,1,24.04,12,18,0,0,1,3,769,0,0,0,0,33,10,0,3,22,11,5
91652,0,672.58,4,18,0,4,0,4,512,0,0,0,1,35,45,1,17,12,5,0
16416,0,52.89,12,20,0,3,0,2,997,0,0,0,1,15,15,0,20,10,5,5
11067,1,56.74,9,19,0,6,0,2,140,0,0,0,0,6,15,0,10,10,10,4
23606,1,60.58,13,18,0,1,0,1,2267,0,1,0,0,30,15,0,3,28,10,1
16532,0,11.88,13,17,0,2,0,3,2424,0,0,0,0,26,15,0,19,26,5,0
48463,1,28.09,13,22,0,1,0,1,2441,0,1,0,0,31,15,0,8,9,8,5
36482,1,23.41,14,14,0,1,0,2,1129,0,1,0,0,20,15,0,3,8,11,5
95531,0,50.19,5,17,0,2,0,0,1476,0,1,0,0,44,40,0,11,22,1,2
90480,1,36.31,15,17,1,3,0,3,528,0,0,0,1,13,10,0,15,10,11,0
79408,1,29.54,6,17,0,0,0,3,2066,0,0,0,1,25,0,0,3,29,7,1
58799,0,49.1,11,26,0,1,0,2,1314,0,0,0,0,6,15,0,1,15,1,2
63047,1,52.02,2,23,0,0,0,2,1964,0,0,1,0,21,20,0,5,13,7,6
32458,1,85.98,8,19,0,1,0,5,902,0,0,0,0,42,30,0,22,7,3,4
60805,1,46.42,12,29,0,1,0,3,1411,0,0,0,0,24,0,0,0,6,4,6
42006,1,19.37,19,9,0,1,0,3,890,0,0,0,0,22,0,0,19,15,1,2
83805,1,40.5,13,12,0,2,0,1,1352,0,0,0,0,44,10,0,22,4,8,0
55663,1,83.41,5,25,0,0,0,1,2461,1,0,0,0,15,25,0,20,23,4,2
92453,1,57.42,6,16,0,1,0,0,1280,0,0,0,0,38,10,0,3,13,2,3
22081,1,69.71,8,14,0,1,0,2,44,0,0,0,0,44,10,0,3,4,11,1
55048,1,9.56,8,14,0,1,0,3,322,0,1,0,2,31,25,0,14,29,12,0
64285,1,88.51,13,20,0,2,0,2,746,0,0,0,0,18,0,0,1,6,8,2
69186,1,9.32,12,13,1,0,0,3,926,0,0,0,0,3,10,0,16,6,12,5
44543,0,50.14,5,14,0,3,0,2,856,0,1,0,0,19,30,0,19,24,9,2
15701,1,65.89,8,24,0,0,0,0,2126,0,1,0,0,23,15,1,18,10,3,0
32824,0,95.94,10,20,0,2,0,4,1371,0,0,0,1,33,15,0,8,8,6,6
57321,0,37.76,1,23,0,3,0,4,2399,0,0,0,2,3,25,0,11,11,11,1
89176,0,38.91,17,16,0,3,1,4,1809,0,0,0,0,1,25,0,15,26,2,2
77135,1,2.03,9,20,0,2,0,1,884,0,0,0,0,31,0,0,0,10,8,6
35881,0,22.24,11,22,1,3,0,2,1172,0,0,0,0,29,25,0,8,8,6,6
15775,1,33.68,9,16,0,0,0,3,1420,0,0,0,0,14,0,0,21,1,3,5
98566,1,14.65,0,26,0,0,0,5,379,0,0,0,0,36,30,1,11,22,5,3
91997,1,50.1,18,17,0,2,0,5,362,0,0,1,0,4,40,0,20,22,5,3
72967,1,15.33,10,23,0,2,0,3,678,0,0,0,0,29,0,0,16,28,8,3
72875,0,17.73,14,14,0,0,0,3,1889,0,0,0,1,23,15,0,15,21,9,6
95001,1,26.93,19,17,0,2,0,0,1084,0,0,0,0,26,0,0,19,7,2,4
11263,1,1.9,14,23,0,2,1,4,2151,0,0,0,0,37,20,0,15,2,6,0
90538,1,62.54,14,20,0,2,0,3,789,0,0,0,0,24,0,0,23,5,6,3
95112,1,12.96,8,15,0,3,0,0,1348,0,0,0,0,27,0,0,16,21,3,4
19490,1,15.19,14,9,0,0,0,2,1941,0,0,0,0,9,0,0,7,9,5,4
34100,0,8.41,15,23,0,3,0,1,1150,0,0,0,0,12,15,0,15,3,12,2
11327,1,2.1,11,21,0,2,0,3,2333,0,0,0,0,35,0,0,3,25,1,5
79240,1,19.81,8,21,0,1,0,2,1305,0,0,0,0,6,0,0,15,25,7,4
88062,0,12.54,9,19,0,2,1,2,1367,0,0,0,0,39,35,0,23,24,10,4
64478,1,8.94,18,15,0,1,0,2,2320,0,0,0,2,42,20,0,6,26,4,5
75514,1,3.59,16,23,0,2,0,4,1650,0,0,0,0,27,0,0,1,2,2,6
69852,0,27.93,20,14,0,0,0,3,617,0,0,0,2,37,35,0,19,26,8,1
73266,1,19.81,10,11,0,0,0,1,862,0,0,0,0,12,0,0,1,29,7,1
66462,1,12.99,17,9,0,2,0,1,2402,0,0,0,0,11,0,0,17,28,12,6
25974,1,66.54,12,17,0,0,0,2,1317,0,1,0,0,40,25,0,8,25,2,1
28603,1,32.36,15,24,0,2,0,4,1021,0,0,1,1,40,30,0,1,25,1,5
54106,1,9.55,14,30,0,1,0,0,1374,0,0,0,0,9,0,0,22,16,10,3
54510,0,9.84,4,20,0,4,0,1,1855,0,0,0,1,4,30,0,19,27,8,2
59083,1,10.93,15,24,0,3,0,0,1930,0,0,0,0,44,10,0,22,6,6,4
53633,1,2.34,14,22,0,0,0,5,153,0,0,0,0,36,30,0,11,26,10,6
99245,1,996.19,10,22,0,3,1,3,2276,0,0,0,1,11,25,0,7,7,12,6
76809,1,42.31,17,21,0,1,0,3,196,0,0,0,0,39,10,0,8,7,4,0
37856,1,5.24,3,12,0,1,0,9,1531,0,0,0,1,42,30,0,21,12,5,0
49913,1,11.82,13,30,0,0,0,1,1596,0,1,0,0,16,15,0,11,18,11,1
61819,0,12.9,15,18,0,1,0,1,1676,0,0,0,1,7,15,0,19,24,11,0
94326,0,51.47,4,21,0,0,0,2,1089,0,0,0,0,8,15,0,17,20,1,0
64756,0,65.13,9,14,0,3,1,2,2438,0,0,0,0,35,25,0,21,25,8,0
17877,1,41.77,10,21,0,1,0,3,1627,0,0,0,2,27,10,0,23,15,2,5
61139,1,66.4,2,12,0,2,0,0,2006,0,0,0,0,24,0,0,15,21,1,1
87856,1,24.77,9,19,0,7,0,2,1806,0,0,0,0,1,15,0,12,5,2,2
65009,1,7.55,6,11,0,2,0,0,102,0,1,0,0,5,15,0,11,20,7,6
62507,1,50.55,10,15,0,0,0,1,1103,0,0,0,0,3,0,0,3,19,8,1
28448,1,75.71,11,22,0,2,0,3,1906,0,0,0,0,41,10,0,3,30,9,1
17165,0,41.59,0,18,0,2,1,2,2395,0,0,0,0,12,25,0,22,24,3,0
78142,1,1052.85,4,17,0,2,0,3,752,0,1,0,0,9,30,0,14,30,4,2
92989,1,26.15,9,19,0,1,1,4,693,0,0,0,0,7,10,0,6,11,10,5
79652,1,92.86,13,19,0,1,0,0,1333,0,0,1,0,38,30,1,0,13,1,0
49568,1,182.09,19,16,0,6,1,0,65,0,0,0,0,41,35,0,21,14,8,3
87961,0,4.59,9,11,0,3,0,3,1834,0,0,0,0,23,15,0,5,9,5,4
92221,1,1109.64,14,24,0,4,0,0,1013,0,0,0,0,21,30,0,19,22,8,4
27793,1,69.38,10,9,0,1,0,2,695,0,0,0,0,34,0,0,11,26,11,2
11338,1,15.19,20,18,0,1,0,2,1694,0,0,0,0,6,0,0,13,14,3,4
97677,1,38.74,19,14,0,1,0,0,581,0,0,0,0,2,0,0,9,19,5,0
31762,1,87.65,9,15,0,4,1,5,1420,0,0,0,0,15,45,0,18,30,12,1
29772,1,697.16,10,17,0,1,1,3,632,0,0,0,1,6,25,1,8,13,7,6
24504,1,66.39,15,30,0,0,1,6,1628,0,0,0,0,36,40,1,3,16,1,3
53034,0,0.7,3,28,0,4,0,1,1711,0,0,1,0,32,50,1,10,31,12,2
90386,1,73.75,5,18,0,0,0,4,2080,0,0,0,0,32,0,0,6,10,11,0
22362,0,62.97,14,14,0,2,0,2,288,0,0,0,0,20,15,0,2,25,9,3
96315,1,18.98,4,19,0,2,0,3,1976,0,0,0,0,20,0,0,15,11,9,3
55986,1,37.93,14,17,1,3,0,1,936,0,0,0,1,12,10,0,3,10,7,3
91645,1,978.84,8,11,0,1,0,0,871,0,0,0,1,23,15,0,16,4,2,1
98290,1,2.27,9,18,0,3,0,2,2014,0,0,0,0,34,0,0,9,20,1,0
68664,1,21.89,1,15,1,2,1,1,1823,0,0,0,0,38,30,0,7,20,8,2
95686,1,35.43,9,18,0,2,0,1,402,0,0,0,0,38,10,0,3,4,6,2
38233,1,72.01,1,13,0,6,0,2,1179,0,0,0,0,6,15,0,12,17,3,0
43724,1,924.88,9,25,0,1,0,4,1591,0,0,0,0,29,15,0,0,2,3,6
50617,1,10.65,8,15,0,3,1,1,587,0,0,0,0,28,10,0,14,23,2,6
96713,1,60.13,15,17,1,0,0,6,450,0,0,0,0,6,30,0,20,11,8,0
91657,1,37.2,7,14,0,3,0,0,2329,0,1,0,0,37,25,0,10,5,9,4
68029,1,6.51,12,17,1,0,0,2,2213,0,0,0,0,33,10,0,20,28,12,6
79504,0,442.31,19,16,0,1,1,2,76,0,0,0,1,15,25,0,4,3,7,3
38365,1,27.76,13,18,0,0,0,6,315,0,0,0,1,41,30,0,14,20,11,3
60534,1,78.91,19,26,0,0,1,3,1572,0,0,0,0,12,10,0,18,14,4,0
67903,0,43.78,16,25,0,0,0,1,285,0,0,0,1,3,15,1,11,19,4,5
27577,1,50.17,15,12,0,7,0,1,2294,0,0,0,0,14,15,0,17,20,8,2
42998,1,17.79,19,21,0,2,0,1,250,0,0,0,0,13,0,0,22,12,7,5
27436,1,13.23,19,15,0,1,0,3,2175,0,0,0,0,5,0,0,7,7,9,6
33719,1,29.06,13,25,0,4,0,0,1416,0,0,0,1,29,15,0,21,16,10,3
46060,0,17.17,9,13,0,1,0,3,1498,0,0,0,0,17,15,0,15,17,7,3
85745,1,82.76,16,23,1,1,0,2,671,0,0,0,1,41,20,0,14,9,9,1
72962,1,63.69,11,21,1,4,0,4,285,0,0,0,0,13,25,0,14,29,10,2
62511,1,13.8,9,10,0,1,0,2,1974,0,0,0,1,23,0,0,8,24,8,6
81950,1,32.36,15,17,1,0,1,4,1130,0,0,0,1,1,20,0,8,16,9,1
62779,0,17.74,13,19,0,3,1,3,600,0,0,0,0,30,25,0,4,9,1,3
85158,1,23.39,11,25,0,3,0,1,897,0,0,1,1,43,30,0,4,5,10,6
95279,1,18.65,13,18,0,2,0,1,2102,0,0,1,1,44,30,0,18,1,5,3
89045,0,63.71,9,16,0,0,0,2,1260,0,0,0,0,33,15,0,22,5,1,6
58782,1,39.69,23,26,0,4,0,1,65,0,0,0,0,33,15,0,4,18,2,1
54802,1,6.58,7,22,0,1,1,1,61,0,1,0,1,9,25,0,19,3,5,5
26334,1,9.47,19,26,0,1,0,2,776,0,0,0,0,32,0,0,19,21,8,3
97236,1,15.71,15,17,0,1,1,2,193,0,0,0,0,4,10,0,15,8,1,2
40613,1,66.01,12,14,0,2,0,0,1386,0,0,0,1,33,0,0,2,9,5,4
88646,1,25.15,19,10,0,5,0,2,1223,0,0,0,0,29,15,0,2,14,6,5
16772,1,19.51,17,19,0,1,0,1,2266,0,0,0,0,35,0,0,21,16,5,4
44566,0,66.4,9,19,0,1,0,1,934,0,0,1,1,33,35,0,18,23,12,1
31436,1,776.02,14,15,0,1,0,2,2069,0,0,0,0,13,15,0,1,28,12,6
73363,0,83.31,8,17,0,2,0,1,640,0,0,0,1,26,15,0,5,3,9,2
99733,1,53.75,6,19,0,2,0,1,2125,0,0,0,0,22,0,0,12,20,2,3
36834,1,313.35,23,20,0,0,0,1,229,0,0,0,0,3,0,0,14,20,11,3
24729,1,39.53,16,10,0,0,0,2,1880,0,0,0,0,4,0,0,3,27,9,5
48345,1,5.96,16,16,0,0,0,1,1934,0,0,0,0,14,0,0,6,15,9,0
56747,1,76.56,10,19,0,0,0,6,1918,0,0,0,0,38,30,0,1,1,6,6
24220,1,26.05,6,18,0,1,0,3,184,0,0,0,0,20,0,0,18,26,2,2
93857,1,93.94,11,28,0,0,0,3,1721,1,0,0,0,17,25,0,4,1,10,2
96841,1,83.16,1,14,0,1,1,0,1372,0,0,0,0,44,20,0,12,12,2,2
87153,0,104.6,14,24,0,0,0,3,2470,0,0,0,1,43,25,0,6,15,3,5
79715,1,94.01,15,16,0,3,0,1,1881,0,0,0,1,20,0,0,2,27,1,0
89748,0,782.01,7,16,0,0,0,1,152,0,0,0,1,14,30,1,19,23,9,1
19766,1,1.58,11,22,0,1,1,5,1924,0,0,1,0,3,50,0,23,22,9,0
29381,1,80.22,14,21,0,1,1,1,308,0,0,0,0,18,10,0,8,27,7,6
66082,1,16.4,10,15,0,0,0,2,1688,0,0,0,0,1,0,0,21,2,4,2
64446,1,57.78,0,13,0,3,1,2,1669,0,0,0,0,42,20,0,19,2,11,6
95203,1,27.51,16,14,1,1,0,2,613,0,0,0,0,13,10,0,6,12,2,2
38282,1,43.78,14,16,0,1,0,2,1866,0,1,0,0,7,15,0,6,19,8,1
15339,1,40.53,13,13,0,0,0,1,2158,0,0,0,0,11,0,0,21,27,1,0
81785,1,9.19,15,15,0,1,1,5,1935,0,1,0,1,28,45,0,12,30,10,3
72425,1,23.58,12,18,0,1,1,2,1301,0,0,0,1,24,10,0,8,20,7,6
59798,1,27.63,10,15,0,1,0,3,1092,0,0,0,1,21,0,0,13,11,4,4
88545,0,63.75,1,22,0,0,1,4,448,0,0,0,0,1,25,0,5,1,5,3
22383,1,29.3,6,12,0,5,0,4,428,0,0,0,0,19,15,0,12,20,6,4
74181,1,19.12,13,18,1,0,0,4,2291,1,1,0,0,32,50,0,7,3,11,0
36818,1,41.6,11,21,0,0,1,2,994,0,0,0,0,16,10,0,16,29,8,4
90877,1,52.73,0,25,0,0,0,1,1640,0,0,0,0,4,0,0,5,2,7,2
59862,1,79.46,15,17,1,0,0,4,839,0,0,0,1,26,10,0,3,7,11,4
83245,1,511.63,14,14,0,1,0,3,2129,0,0,0,0,39,25,1,9,7,2,4
61255,1,71.86,10,21,0,4,0,2,604,0,0,0,0,26,15,0,18,6,1,0
22941,1,75.78,15,15,0,1,0,1,2148,0,0,0,0,29,0,0,3,13,7,6
85252,0,34.54,4,19,0,2,0,4,363,0,0,0,1,44,25,0,6,16,12,1
19743,1,35.66,18,25,1,2,0,3,1232,0,0,0,0,31,10,0,8,25,9,3
88422,0,52.1,1,14,0,1,0,2,2457,0,0,0,1,18,15,0,6,9,3,6
87132,1,1067.85,10,21,0,2,1,1,742,0,0,0,0,42,35,0,20,23,10,3
19991,1,33.15,4,21,0,2,0,2,189,0,0,0,0,5,0,0,7,17,5,5
30360,1,65.48,13,18,0,4,0,6,524,0,0,0,0,28,35,0,7,21,3,4
67831,1,68.99,17,21,0,1,0,6,890,0,0,0,0,7,20,0,17,12,7,5
15185,1,29.5,17,15,0,0,0,1,1162,0,0,0,0,23,0,0,14,23,11,6
39553,1,337.23,11,18,0,1,0,9,212,0,0,0,0,12,20,0,23,10,9,2
20180,0,29.85,0,12,0,2,1,1,1711,0,0,0,0,10,25,1,6,3,5,5
22620,0,14.5,1,19,0,1,0,4,957,0,0,0,0,28,15,0,16,1,4,1
81089,1,20.04,15,21,0,2,0,3,582,0,1,0,0,13,15,0,11,25,5,6
58033,1,67.24,11,22,0,0,1,2,1316,0,0,0,0,30,10,0,11,29,5,3
55564,1,25.39,16,8,0,0,0,1,586,0,0,1,1,33,20,1,15,18,11,1
78944,1,48.0,11,22,0,3,0,4,573,0,0,0,0,35,0,0,23,12,3,2
24405,1,36.82,12,16,0,2,1,3,2181,0,0,0,1,36,20,0,8,29,6,6
74501,1,2.34,17,21,0,1,0,1,1426,0,0,0,0,30,0,0,6,9,10,3
87700,1,1.18,7,21,0,2,0,3,1775,0,0,0,0,1,0,0,20,17,4,3
82534,1,77.74,22,19,1,4,0,3,2414,0,0,0,0,28,25,0,10,1,8,4
15923,1,99.88,7,25,0,0,0,4,1827,0,0,0,0,9,0,0,7,21,4,0
66654,1,37.04,6,16,0,2,0,2,269,0,0,0,1,27,0,0,3,1,10,2
22158,1,41.27,5,18,0,0,0,1,812,0,0,0,2,1,10,0,17,15,1,2
66615,1,36.42,12,16,0,3,0,3,130,0,0,0,1,6,0,0,13,21,3,4
42669,1,13.91,13,17,0,2,1,1,2096,0,0,0,2,36,30,1,9,18,1,5
53094,1,35.82,19,20,0,1,0,0,295,0,0,1,0,39,30,0,18,8,2,5
38470,1,21.66,20,13,0,3,0,1,817,0,0,0,0,37,10,0,9,1,9,0
78614,1,33.58,23,24,0,1,0,2,1043,0,0,0,0,31,0,0,23,24,7,3
87357,1,1.23,10,20,0,3,1,2,829,0,0,0,1,33,10,0,19,7,4,0
33100,0,39.06,6,21,0,1,0,3,657,0,0,0,0,31,15,0,16,21,7,0
24446,1,24.23,8,19,0,9,0,1,1234,0,0,0,0,40,25,1,19,1,4,1
83897,0,39.05,8,25,0,1,0,2,661,0,0,0,0,7,15,0,3,23,4,2
52929,1,502.31,17,18,0,1,0,1,2310,0,0,0,0,3,15,0,15,5,10,6
25705,1,78.25,19,18,0,1,0,9,2292,0,0,0,2,36,40,0,20,8,2,5
47573,0,11.72,7,25,0,1,0,1,1849,0,1,0,0,38,40,0,10,12,10,6
84800,1,36.84,12,21,0,2,0,2,1751,0,0,0,1,14,0,0,5,23,7,2
66805,0,56.38,10,21,0,1,1,2,78,0,0,1,0,26,45,0,2,23,2,6
70767,1,3.88,10,23,0,3,1,4,809,0,0,0,0,34,10,0,7,18,10,5
93304,1,845.43,23,22,0,2,0,3,2029,0,0,0,0,15,15,0,7,13,7,6
34133,1,4.03,8,12,0,1,0,0,545,0,0,0,0,26,0,0,14,30,12,1
20516,1,53.3,21,21,0,0,1,1,1424,0,0,0,1,9,10,0,13,16,3,6
25232,1,50.52,14,16,0,1,0,2,1164,0,0,0,0,22,0,0,13,10,7,3
58508,1,45.26,13,15,0,2,0,1,2081,0,0,0,1,9,0,0,20,8,4,1
85245,1,41.75,12,22,0,3,0,2,1092,0,0,0,0,11,0,0,11,9,7,2
87087,0,88.12,6,18,0,2,0,1,2340,0,0,0,0,33,15,0,17,12,2,2
81299,0,1.13,21,16,0,1,0,2,1346,0,0,0,0,1,15,0,1,31,1,4
80164,1,22.77,13,17,0,3,0,4,2168,0,0,0,0,43,10,0,20,12,5,0
57875,1,72.5,11,23,0,1,0,1,200,0,0,1,0,14,20,0,6,21,5,2
11062,1,57.73,17,18,0,1,0,3,1571,0,0,0,0,6,0,0,0,22,6,6
55651,1,39.75,13,17,0,0,1,8,2246,0,1,0,0,19,45,0,18,8,6,6
53275,1,38.06,9,18,1,3,1,0,1982,0,1,0,0,26,35,1,14,29,7,1
23068,0,5.9,16,12,0,5,0,2,750,0,0,0,0,35,30,0,2,11,7,4
19774,1,8.09,18,22,0,1,0,1,2066,0,0,0,0,4,0,0,17,6,2,3
86625,1,82.46,11,21,0,6,0,3,2317,0,0,0,1,16,15,0,12,6,12,5
96603,1,64.22,9,25,1,2,0,0,1494,0,1,0,0,40,35,0,14,17,10,4
90434,1,1.36,16,13,0,1,0,5,1929,0,0,0,0,20,20,0,18,30,5,4
14317,1,6.48,11,14,1,2,0,4,2204,0,0,0,0,21,10,0,9,22,9,0
44976,0,16.88,1,17,0,7,0,2,1134,0,0,0,0,8,30,0,8,26,2,2
11584,1,75.09,18,22,0,2,0,0,2271,0,0,0,1,5,0,0,21,9,6,0
35919,1,42.02,21,18,1,4,0,3,1028,0,0,0,0,10,25,0,19,19,5,0
63406,1,40.46,13,13,0,1,0,2,1521,0,0,0,0,29,0,0,10,1,3,5
57794,1,63.39,14,14,0,0,0,3,1463,0,1,0,0,20,15,0,20,21,11,4
55182,0,22.98,16,15,0,1,0,0,2374,0,0,0,1,6,15,0,1,7,8,3
75181,0,26.54,10,15,0,2,0,3,620,0,1,0,0,36,40,0,15,6,7,6
22597,1,4.95,6,16,1,1,1,1,537,0,0,0,0,15,20,0,12,25,7,4
88573,1,17.42,20,12,0,3,0,3,2344,0,1,0,0,32,15,0,11,27,2,3
83310,1,23.61,9,21,0,5,0,0,1918,0,0,0,0,44,25,0,3,12,6,3
76419,1,27.75,11,18,0,0,0,1,706,0,0,0,0,29,0,0,17,3,2,0
30709,0,73.17,4,23,0,0,0,4,812,0,0,1,1,27,35,0,4,2,8,5
45044,1,21.83,18,18,0,3,0,9,1961,0,0,0,0,5,20,0,15,24,12,2
38373,1,18.37,15,19,0,2,0,2,124,0,0,0,0,35,0,0,22,28,10,1
90957,1,8.0,11,13,0,2,0,0,1474,0,0,0,0,7,0,0,15,4,1,5
80860,1,63.19,12,13,0,1,0,1,1212,0,0,0,0,3,0,0,5,8,8,4
68801,1,58.01,13,17,0,0,0,1,1508,0,0,0,2,41,20,0,21,15,12,0
10685,1,1052.83,9,27,0,5,0,3,1653,0,0,0,1,37,40,0,23,23,12,1
31391,0,8.99,10,22,1,7,0,3,1901,0,0,0,0,42,50,0,8,4,1,5
52105,0,30.84,15,21,0,0,0,3,733,0,0,0,0,22,15,0,10,9,6,0
21602,1,62.34,20,16,0,2,0,2,229,0,1,0,0,39,25,0,8,15,2,5
84205,1,65.27,19,16,0,0,0,0,1616,0,1,0,0,39,25,0,23,19,1,6
80873,0,34.01,4,16,0,3,0,10,2381,0,0,0,0,4,35,0,0,5,1,6
38363,0,19.8,10,21,0,1,0,3,303,0,0,0,1,17,15,0,20,30,9,1
82138,0,28.48,7,23,0,3,0,0,780,0,0,0,0,28,15,1,17,29,10,2
55085,0,11.1,10,15,0,1,0,1,1076,0,0,0,0,27,15,0,18,22,3,5
90617,0,19.67,14,24,1,2,0,0,1661,0,0,0,3,34,35,0,18,25,5,6
37092,1,2.39,7,16,0,0,0,2,246,0,0,0,0,25,0,0,6,30,1,3
85672,1,39.22,7,18,0,2,0,4,264,0,0,0,0,40,10,0,14,19,1,6
49468,1,11.94,17,26,0,1,0,4,1648,0,0,0,0,1,0,0,5,12,10,6
45152,0,4.72,0,20,0,2,1,2,2243,0,0,0,0,5,25,0,19,21,9,6
69780,1,86.69,10,27,0,1,0,4,498,0,0,0,0,31,0,0,14,16,9,1
86228,1,42.16,14,17,0,0,0,4,1500,0,0,0,0,9,0,0,2,8,1,2
61389,0,24.82,6,17,1,1,0,4,2257,0,0,0,0,23,25,0,19,2,9,1
89607,0,69.54,15,16,0,1,0,3,1338,0,0,0,0,28,15,0,5,28,10,1
29315,1,39.44,13,15,0,1,0,5,1736,0,0,0,0,9,20,0,6,2,11,6
97567,0,65.05,17,19,0,0,0,3,1159,0,0,0,0,18,15,0,22,27,10,0
14277,0,70.33,2,18,0,2,1,0,607,0,0,0,0,27,25,0,4,19,8,1
12870,1,39.44,19,25,0,2,0,2,1292,0,0,0,0,12,0,0,8,4,10,5
50788,0,34.74,7,14,0,0,0,3,773,0,0,0,0,25,15,0,18,18,5,6
44013,1,69.39,18,26,0,0,0,0,1763,0,1,0,2,2,25,0,0,12,4,5
92897,1,22.62,19,14,0,2,1,1,1140,0,0,0,2,40,30,0,5,15,3,5
97926,1,58.42,17,19,1,0,1,3,229,0,0,0,1,17,20,0,2,3,8,6
81862,1,17.44,19,17,0,1,0,2,2327,0,0,0,0,44,10,0,19,15,5,3
21038,0,26.58,18,24,0,0,0,1,326,0,0,0,0,5,15,0,18,16,1,3
73256,1,49.81,5,12,0,2,1,2,543,0,0,0,0,15,10,0,5,27,6,4
18482,0,10.56,10,8,0,3,0,0,784,0,0,0,0,20,15,0,19,13,3,3
23224,1,1200.1,11,16,0,0,0,1,2020,0,0,0,1,26,15,0,6,29,1,2
93938,1,16.85,7,17,0,3,0,3,2202,0,0,0,0,40,10,0,22,20,11,3
28856,1,19.8,13,15,0,1,0,1,427,0,0,0,0,25,0,0,15,1,8,4
97862,1,39.32,23,18,1,0,0,1,1452,0,0,0,0,32,10,0,13,31,8,6
98420,1,51.34,20,21,0,2,0,5,914,0,0,0,0,30,20,0,14,23,11,6
78052,1,57.65,6,17,0,4,0,1,1561,0,0,0,1,23,15,0,1,1,3,5
81587,0,10.89,23,27,0,0,0,2,632,0,0,0,0,25,15,0,16,16,5,4
52193,1,107.01,19,26,0,7,0,3,97,0,1,0,0,44,40,0,12,3,5,5
29037,1,11.34,11,21,0,2,0,3,2413,0,0,0,0,39,10,0,1,2,3,6
51946,0,25.93,11,16,0,2,0,2,1547,0,0,0,0,10,15,0,23,24,11,0
36464,1,67.26,4,22,0,3,0,0,1895,0,1,0,1,27,15,0,19,4,3,1
92730,1,1.45,10,17,0,2,0,0,947,0,0,0,0,29,0,0,0,20,12,5
40503,1,17.96,13,17,1,3,1,0,2365,0,0,0,0,36,30,0,18,14,5,2
47600,0,902.73,14,12,0,5,0,0,735,0,0,1,0,40,75,1,10,12,8,1
11881,1,84.61,9,30,1,0,0,3,788,0,0,0,1,25,10,0,19,28,1,1
75802,1,19.76,1,14,0,1,1,4,846,0,0,0,0,5,10,0,17,12,3,2
43059,0,34.07,20,7,0,2,0,2,1156,0,0,1,0,20,35,0,22,11,12,3
32007,0,20.98,20,23,0,0,0,2,1484,0,0,0,0,26,15,0,9,29,12,0
43991,1,42.09,12,21,0,2,1,2,1744,0,0,0,1,32,10,0,21,9,5,4
20278,1,0.14,18,18,1,1,0,2,2117,0,1,0,0,28,25,1,22,5,12,4
69001,1,0.54,14,20,0,0,0,4,2412,0,0,0,0,36,10,0,7,29,1,2
50341,0,53.86,10,19,1,1,0,1,2109,0,0,0,1,43,35,0,19,18,3,1
44887,1,2.69,12,23,0,2,0,3,1769,0,1,0,0,5,15,0,7,20,8,2
51432,1,21.91,15,14,1,0,0,2,1092,0,0,0,1,19,10,0,17,14,6,5
88945,0,40.15,21,19,0,0,0,4,1801,0,0,0,0,35,15,0,22,21,5,2
84316,1,23.97,13,13,0,5,0,6,50,0,0,0,0,42,45,0,15,12,9,4
79258,0,48.76,16,12,1,1,0,2,1613,0,0,0,0,13,25,0,8,14,6,5
70612,0,12.27,10,19,1,0,0,7,443,0,1,0,0,13,60,0,9,30,5,4
94285,1,39.68,7,28,0,3,0,8,366,0,0,0,0,36,30,0,21,28,1,1
78779,1,62.69,20,9,0,2,0,1,1062,0,0,0,0,4,0,0,23,3,7,3
38975,1,25.48,18,25,0,9,0,1,1857,0,0,0,0,13,15,0,16,17,11,0
68951,1,93.53,10,16,0,0,0,1,1024,0,0,0,0,32,0,0,18,25,7,4
56128,1,39.43,8,19,1,0,0,3,410,0,0,0,2,9,20,0,10,3,1,4
41962,1,574.78,19,22,0,0,0,2,2006,0,1,0,0,1,30,0,8,23,9,1
29316,0,53.29,5,17,0,0,1,3,2375,0,0,0,0,30,25,0,23,3,8,6
42679,0,64.73,11,13,1,2,0,2,1759,0,0,1,1,20,45,0,21,16,12,1
51237,1,38.35,16,17,0,2,0,0,564,0,0,0,0,38,10,0,20,7,6,5
54324,1,47.89,12,22,0,0,0,2,2293,0,1,0,0,35,15,0,15,5,6,3
82454,0,72.61,1,16,0,1,0,2,2476,0,0,0,0,4,15,0,23,13,12,5
32294,1,32.81,9,14,0,2,0,3,513,0,0,0,0,8,0,0,4,5,8,1
80306,1,16.85,14,21,0,2,1,1,149,0,0,0,0,38,20,0,3,15,11,5
55689,1,7.92,12,16,0,1,0,1,774,0,0,0,1,23,0,0,15,2,1,3
97731,1,22.67,6,16,0,0,0,1,612,0,0,0,0,36,10,0,20,29,6,6
26251,1,48.97,20,22,0,0,0,1,895,0,0,0,1,40,10,1,5,20,4,6
23520,0,22.67,2,13,0,0,0,3,493,0,0,0,2,21,25,0,18,6,10,0
92125,1,40.65,10,22,0,2,0,2,1042,0,0,0,0,4,0,0,16,27,6,4
33352,1,49.72,18,19,0,1,0,0,1430,0,0,0,0,42,10,0,21,22,2,5
23170,1,12.34,10,16,0,0,0,4,275,0,0,0,0,5,0,0,13,17,3,0
44719,1,51.76,11,18,0,7,0,0,1770,0,0,0,1,1,15,0,18,10,7,3
31115,1,50.95,4,16,0,0,0,1,838,0,0,0,0,5,0,0,23,15,10,2
19021,0,26.76,6,13,0,1,1,2,1329,0,0,0,0,42,35,0,7,8,7,1
47005,1,69.9,15,23,0,1,1,3,391,0,0,0,1,11,10,0,4,1,11,5
29476,1,28.63,16,25,0,2,0,1,1262,0,1,0,1,11,15,0,6,4,11,1
57319,1,885.09,15,18,1,1,0,0,2090,0,0,0,0,35,25,0,1,4,1,5
80658,0,81.84,10,18,0,0,1,0,195,0,0,0,0,40,35,0,1,22,1,2
56857,1,65.59,17,15,0,1,0,1,1576,0,0,0,1,38,10,0,15,9,4,2
57060,1,10.15,1,19,0,3,0,2,1416,0,0,0,0,28,0,0,1,1,11,5
21778,1,114.91,12,18,0,2,0,3,326,0,1,0,1,30,15,0,5,14,5,2
88933,1,66.12,9,22,0,1,0,2,2432,0,0,0,0,43,10,0,7,2,2,6
80040,0,40.32,12,11,0,0,0,4,1044,0,0,0,0,41,25,0,2,30,11,6
76185,0,48.38,13,17,0,3,0,1,2253,0,0,0,0,12,15,0,3,10,12,2
80265,1,83.01,11,21,0,5,0,8,240,0,0,0,0,23,35,0,2,6,12,5
42367,1,6.92,16,17,0,1,0,4,2405,0,0,0,1,42,10,0,3,1,8,4
55909,1,56.44,15,16,0,3,0,2,1236,0,0,0,0,13,0,0,12,11,12,3
36511,1,39.71,15,16,0,2,0,4,371,0,0,0,1,4,0,0,17,22,5,3
75368,1,49.69,13,16,0,1,0,4,1755,0,0,0,0,7,0,0,7,3,10,4
79970,0,3.39,8,9,0,3,0,1,786,1,0,0,0,26,40,0,6,8,8,4
57082,1,67.79,17,18,0,1,0,2,691,0,1,0,0,34,15,0,14,27,6,4
54635,1,77.43,9,19,0,1,0,1,1944,1,0,0,1,31,25,0,13,5,4,5
95697,1,4.97,12,15,0,3,0,2,291,0,0,0,1,35,0,0,12,21,6,5
53155,1,17.88,10,30,0,1,1,3,2066,0,0,0,0,34,10,0,12,2,9,1
21818,1,23.65,2,23,0,0,0,1,674,0,0,0,1,27,0,0,1,7,12,6
15825,1,19.73,12,18,1,1,1,3,987,0,0,0,1,20,20,0,10,4,4,4
60255,1,50.22,13,21,0,6,1,1,1991,0,0,0,1,7,25,1,22,8,1,2
63606,1,8.13,15,21,0,1,0,2,191,0,0,0,0,35,0,0,21,2,7,2
39133,1,123.95,0,23,0,0,0,2,394,0,0,0,0,36,10,0,0,25,10,5
39994,1,3.56,10,13,0,1,0,4,2073,0,0,0,0,27,0,0,17,4,9,3
48181,0,42.52,15,24,0,0,0,1,2190,0,0,0,0,39,25,0,21,30,7,2
46650,0,20.08,9,16,0,2,0,2,2168,0,0,1,0,40,45,0,16,20,10,0
72794,1,66.55,15,22,0,0,0,3,1206,0,0,0,0,40,10,0,20,10,10,4
14795,1,63.54,10,21,0,1,0,5,531,0,0,0,0,39,30,0,13,19,6,3
62362,1,42.24,12,17,0,0,0,1,1754,0,0,0,0,31,0,0,22,19,2,2
58051,1,69.41,9,23,0,1,0,9,562,0,0,0,2,32,30,0,0,22,10,2
15000,1,10.29,10,26,0,4,0,3,1397,0,0,0,0,3,15,0,17,22,1,2
44986,1,23.07,6,17,0,5,0,0,127,0,0,0,1,44,25,0,22,30,10,3
81276,1,65.73,19,16,0,3,0,1,2460,0,0,0,0,15,0,0,0,1,9,0
71455,0,33.89,20,17,0,1,1,0,696,0,0,0,0,28,25,0,23,22,8,4
17948,1,55.46,9,24,1,1,0,0,2389,0,0,0,1,5,10,0,19,5,8,1
96590,0,48.97,5,16,1,3,0,0,1166,0,0,0,0,15,25,0,14,21,2,4
70662,1,8.27,18,16,0,1,0,2,634,0,0,0,0,3,0,0,19,1,1,2
90124,1,25.42,15,20,0,1,0,3,981,0,0,0,1,6,0,0,23,16,12,1
52534,1,1215.29,18,15,0,0,1,1,1334,0,0,0,1,10,25,0,1,26,12,4
46844,1,44.39,11,18,1,1,0,4,684,0,0,0,0,21,10,0,22,10,6,1
85211,0,59.9,4,19,0,5,0,4,1720,0,0,0,0,11,30,0,1,23,4,2
38612,0,0.37,4,17,0,1,0,4,419,0,0,0,0,32,15,0,18,19,10,6
71688,0,785.17,15,20,0,2,0,8,1760,0,0,0,0,9,50,0,2,3,9,2
51941,1,80.7,11,16,0,2,1,8,288,0,0,0,0,31,30,0,3,4,3,1
89232,1,34.33,15,20,0,2,0,0,120,0,0,0,0,10,0,0,2,11,5,6
34652,1,860.25,7,17,0,4,0,4,2424,0,0,0,0,7,30,0,8,7,8,3
95198,1,71.63,7,12,0,2,0,0,683,0,1,0,0,14,15,0,20,9,4,2
29432,1,58.0,10,18,0,1,0,3,290,0,0,0,0,26,0,0,8,19,8,1
67888,0,46.02,11,19,0,0,0,1,1041,0,0,1,0,3,35,0,15,15,10,2
93031,1,49.43,16,15,0,1,0,3,64,0,0,0,1,31,0,0,7,25,8,0
96768,0,20.71,8,26,0,5,0,1,529,0,0,0,0,42,40,0,14,9,11,6
24367,1,10.74,10,22,0,1,0,1,2426,0,0,0,0,5,0,0,16,30,1,3
95609,1,34.04,19,17,0,1,0,4,2393,0,0,0,1,9,0,0,9,22,7,1
88785,1,1091.43,11,17,0,1,0,1,1151,0,0,0,1,22,15,1,3,19,5,0
19445,1,77.03,13,20,0,0,1,1,1745,0,0,0,0,37,20,0,12,24,12,2
28802,1,2.19,14,19,0,1,0,3,300,0,0,0,0,23,0,0,22,8,4,1
15682,1,32.87,8,16,0,0,0,1,1736,0,1,0,1,44,25,0,19,26,7,5
20228,0,21.45,1,24,0,0,0,3,847,0,0,0,1,11,15,0,3,19,9,4
77665,1,41.21,13,14,0,2,0,0,1288,0,0,0,0,8,0,0,1,31,1,4
32535,1,5.7,18,16,0,2,0,0,1689,0,0,0,0,39,10,0,9,6,12,5
61659,0,34.15,7,22,0,1,0,1,448,0,0,0,0,21,15,0,10,5,4,5
35477,1,28.95,15,9,0,0,0,0,1358,0,0,0,0,3,0,0,13,8,5,3
86875,0,27.95,19,17,0,0,0,2,158,0,0,0,0,13,15,0,5,13,8,2
25578,1,0.2,10,13,0,0,0,3,570,0,0,1,0,5,20,0,6,14,8,3
17081,1,59.72,9,20,0,0,0,2,382,0,0,0,0,21,0,0,16,15,3,5
20947,0,16.97,3,19,0,1,0,2,1629,0,0,0,0,4,15,0,16,4,8,0
14252,1,46.19,15,17,0,1,0,1,275,0,0,0,0,22,0,0,23,5,8,1
39073,1,8.76,8,18,0,0,0,2,631,0,0,0,0,5,0,0,14,22,8,4
93162,0,18.57,20,14,0,1,1,10,1195,1,0,1,0,34,90,0,15,25,2,1
10653,1,24.44,1,21,0,4,0,2,265,0,0,0,0,38,25,0,23,16,1,3
51954,1,27.03,12,27,0,1,0,2,553,0,0,0,0,32,0,0,8,2,9,1
66563,1,60.2,2,13,0,2,0,9,459,0,0,0,0,37,30,0,23,8,11,5
36607,1,19.17,0,24,0,3,0,3,2038,0,0,0,0,33,0,0,9,31,10,4
22346,0,12.65,11,14,0,0,0,1,266,0,0,1,1,1,35,0,1,29,5,3
27258,1,4.68,18,29,0,3,0,4,2216,0,0,0,0,5,0,0,17,17,11,0
92991,0,13.34,12,19,0,0,0,1,922,0,0,0,0,6,15,0,18,22,5,3
74205,0,63.68,8,19,0,1,0,6,1779,0,0,1,0,29,55,0,5,11,11,1
60429,1,38.47,8,24,1,1,0,1,438,0,0,0,0,28,10,0,14,3,10,4
29065,1,28.9,14,29,1,1,0,0,445,0,0,0,0,2,10,0,1,16,1,3
73253,1,19.45,11,34,0,0,0,3,408,0,0,0,0,3,0,0,15,10,1,4
79318,0,79.21,9,19,0,0,0,3,832,0,0,0,1,17,15,0,22,1,5,3
48546,1,68.22,0,16,0,1,0,3,1899,0,0,0,0,2,0,0,3,9,4,2
12076,1,59.23,17,13,1,6,0,3,151,0,0,0,0,25,25,0,6,31,3,0
91957,1,29.97,2,20,0,1,0,0,1453,0,0,0,1,17,0,0,4,26,11,2
23308,1,24.74,14,17,1,2,0,5,261,0,0,0,0,30,30,0,14,10,3,0
73848,1,80.34,18,13,0,7,0,1,704,0,0,0,0,37,25,0,15,24,7,3
65394,1,1.56,19,15,0,1,0,1,1063,0,0,1,0,9,20,0,22,19,1,6
84037,1,41.41,7,22,0,3,0,1,1500,0,1,0,1,35,15,0,2,5,3,2
82163,1,41.81,10,16,1,1,0,0,1164,0,0,0,0,37,20,0,9,9,11,6
60775,0,82.02,2,21,0,8,1,3,281,0,0,0,0,11,40,0,13,27,9,5
32269,1,58.88,10,14,0,2,0,0,2480,0,0,0,0,43,10,0,14,18,4,4
77778,1,21.72,18,23,0,0,0,1,1236,0,0,0,1,27,0,0,15,4,8,0
66111,1,12.67,15,20,0,1,1,4,1241,0,0,0,0,4,10,0,18,30,8,5
30983,1,28.93,11,15,0,0,0,2,1755,0,0,0,1,38,10,0,21,8,4,1
65504,0,4.99,10,16,0,2,0,1,1825,0,1,0,1,42,40,0,22,5,7,5
58729,1,22.5,17,20,0,1,0,4,1135,0,0,0,1,30,0,0,18,14,11,4
58727,1,77.5,20,9,1,1,0,0,1648,0,0,0,0,17,10,0,13,26,3,2
92744,1,2.58,3,17,0,3,0,1,1334,0,1,0,0,5,15,0,18,25,2,1
64660,1,30.89,23,22,0,1,1,1,1205,0,0,0,0,26,10,0,22,22,11,5
35248,1,67.24,9,10,0,1,0,1,1564,0,0,0,0,18,0,0,14,19,2,2
90107,0,58.94,8,25,0,0,0,1,764,0,0,0,0,23,15,0,4,23,7,2
84308,1,47.01,11,21,0,4,0,2,1331,0,0,0,0,29,15,0,7,23,9,1
68301,1,43.09,6,24,0,6,0,0,171,0,0,1,0,33,35,0,20,21,9,6
80880,1,17.46,9,18,0,2,1,3,1720,0,0,0,1,6,10,0,15,24,10,4
85070,1,37.43,18,11,0,1,0,4,1898,0,0,0,1,43,10,0,1,7,4,0
28108,1,7.1,6,14,0,2,0,8,872,0,0,0,0,21,20,0,20,24,9,2
60786,0,27.98,13,6,1,2,1,1,2170,0,0,1,0,21,55,0,6,27,10,0
85969,1,15.33,13,21,0,1,0,1,2128,0,0,0,0,34,0,0,1,25,9,3
91566,1,22.65,16,18,0,0,0,2,2328,0,0,0,0,23,0,0,12,26,1,6
44659,1,64.05,12,13,0,1,0,2,706,0,0,0,1,34,0,0,3,7,1,1
90458,1,5.18,9,23,0,0,0,3,304,0,0,0,0,35,0,0,19,27,10,0
62257,1,10.1,14,18,0,0,0,3,482,0,0,0,0,38,10,0,10,11,12,3
28102,1,0.27,6,14,1,1,1,1,2044,0,0,0,0,38,30,0,1,1,1,2
25612,0,52.69,12,22,0,0,1,3,90,0,0,0,0,34,25,1,2,9,12,1
79910,1,59.12,4,15,0,0,0,1,836,0,0,0,1,35,0,0,14,14,9,6
52161,1,5.82,13,14,0,2,0,2,1151,0,0,0,0,26,0,0,8,18,7,4
81499,1,180.26,10,20,0,0,0,4,1724,0,0,0,0,2,0,0,15,18,2,1
15561,1,50.37,13,18,0,2,0,3,1871,0,1,0,0,38,25,0,15,6,1,0
32621,1,12.26,10,21,0,0,0,0,274,0,0,0,0,6,0,0,18,11,6,2
35141,0,84.7,9,17,1,1,0,7,260,0,0,0,0,15,45,0,16,9,3,6
87718,1,91.86,19,14,0,1,0,0,1706,0,0,0,1,13,0,0,12,8,2,5
97602,1,64.18,6,23,0,4,0,0,2322,0,0,0,0,8,15,0,0,21,4,0
70793,1,15.64,13,19,0,1,0,0,1365,0,0,0,0,39,10,0,15,21,5,2
83601,0,82.42,1,14,0,1,0,4,1677,0,0,0,0,11,15,0,18,17,7,3
82807,0,9.77,5,14,0,1,0,2,535,0,0,0,0,27,15,0,0,1,6,6
32537,1,83.33,2,16,0,1,0,3,2087,0,0,0,1,21,0,0,14,23,5,4
52345,0,14.14,4,10,0,1,1,9,1760,0,1,1,0,38,90,0,16,24,4,3
42814,0,40.5,0,19,0,0,0,9,2484,0,0,0,0,5,35,0,14,18,10,5
90585,1,25.07,12,16,0,1,0,4,1288,0,0,0,0,1,0,0,18,12,8,1
71171,1,27.09,8,31,0,2,0,2,2324,0,1,0,1,20,15,0,11,9,10,3
62793,1,46.78,11,16,0,1,1,4,2361,0,0,1,0,26,30,0,13,2,6,0
27265,1,6.8,14,22,0,1,0,2,302,0,0,0,1,35,0,0,23,22,7,1
80394,1,27.41,16,17,0,1,0,5,192,0,0,0,1,33,20,0,17,19,10,6
49443,1,22.72,13,17,0,3,0,3,823,0,0,0,0,14,0,0,4,29,7,1
95931,0,1026.4,11,17,0,6,0,2,574,0,0,0,0,2,45,0,0,18,11,1
41084,1,73.32,15,18,0,2,0,3,135,0,0,0,1,28,0,0,13,12,6,3
90077,0,25.77,15,22,0,2,0,2,1515,0,0,0,2,32,25,0,9,31,10,4
21172,1,40.13,12,21,0,4,0,3,1628,0,0,0,0,15,15,0,16,12,12,4
52028,0,21.14,4,15,0,4,0,1,1346,0,0,0,0,13,30,0,11,10,11,0
58068,1,15.39,12,22,1,2,0,1,2217,0,0,0,0,36,20,0,21,17,4,3
66255,0,1097.31,13,16,0,1,0,1,1287,0,0,0,0,25,30,0,21,30,3,6
54852,0,34.62,10,19,0,2,0,0,1833,0,0,0,0,2,15,0,10,2,6,0
10257,1,26.37,14,17,0,0,1,3,1971,0,0,0,1,41,20,0,15,20,9,5
36834,1,2.58,14,20,1,2,0,3,973,0,0,0,0,41,20,0,0,17,4,3
51715,1,7.21,2,13,0,1,0,3,206,0,0,0,2,40,20,0,7,23,11,6
58295,1,35.58,10,14,0,0,0,0,1624,0,0,0,0,2,0,0,10,9,6,0
39579,0,32.13,9,13,0,2,1,1,2382,0,0,0,1,44,35,0,3,25,10,5
33729,1,73.84,14,22,0,2,0,5,1909,0,1,0,1,41,45,0,13,21,12,6
14493,0,21.46,8,19,0,9,0,2,1542,0,0,0,0,25,30,1,21,13,8,2
14924,1,65.67,8,15,0,1,0,1,1996,0,0,0,0,4,0,0,22,20,11,3
21885,0,12.87,0,21,0,7,0,1,1990,0,0,0,0,40,40,1,14,9,3,6
93687,1,26.09,0,11,0,2,0,4,1313,0,0,0,0,10,0,0,18,9,6,0
79393,1,68.69,14,20,0,1,0,1,1891,0,0,0,0,31,0,0,22,23,2,6
34613,1,1.75,16,15,0,1,0,2,1143,0,0,0,0,31,0,0,12,29,7,1
64745,0,93.52,21,22,0,6,1,2,240,0,0,0,1,10,40,0,1,19,2,2
89949,0,21.65,14,18,0,3,0,2,1725,0,0,0,1,8,15,0,17,13,3,3
19356,1,43.84,9,15,0,1,1,0,973,0,0,0,0,14,10,0,21,17,3,0
22406,1,44.96,10,19,0,3,0,0,1587,0,0,0,3,44,20,0,5,16,6,0
10421,1,60.71,20,19,0,0,0,4,2143,0,0,0,1,14,0,0,4,30,1,3
97978,1,49.04,14,17,0,3,1,3,534,0,0,0,0,4,10,0,17,1,1,2
40524,0,42.71,13,19,0,1,0,2,1264,0,0,0,0,20,15,0,21,28,10,1
84906,0,15.61,3,18,0,2,0,3,2212,0,0,0,1,38,25,0,15,11,11,1
54360,1,7.06,1,13,0,3,0,2,1564,0,0,0,0,5,0,0,2,9,7,2
90917,1,59.18,6,24,0,0,0,2,281,0,0,0,0,16,0,0,16,14,7,0
34355,0,29.65,14,17,0,0,0,5,1716,0,0,1,0,30,55,0,1,15,9,0
52186,1,83.29,22,22,0,1,0,2,2382,0,0,0,1,18,0,0,0,3,6,1
96961,1,8.95,7,12,0,5,0,0,669,0,0,0,1,23,15,0,3,4,8,0
86328,1,11.14,21,14,0,0,0,8,146,0,0,0,0,28,20,0,19,7,11,4
82596,1,6.74,14,11,0,0,0,2,1153,0,0,0,1,20,0,0,2,17,1,4
82812,1,8.75,9,17,0,0,1,2,1318,0,0,0,0,8,10,0,9,16,11,6
25164,1,64.36,19,21,0,1,0,1,1231,0,0,0,0,27,0,0,22,3,11,0
10918,1,89.53,15,15,0,1,0,2,1353,0,0,0,0,31,0,0,14,6,12,5
92987,1,91.0,16,20,0,1,0,1,733,0,0,0,0,7,0,0,6,30,12,1
36739,1,66.88,19,13,0,0,0,5,1646,0,0,0,0,5,20,0,18,9,5,4
14505,0,512.41,9,21,0,2,0,3,1926,0,0,0,0,2,30,0,23,1,6,6
11813,1,29.81,14,21,0,2,0,1,1080,0,0,0,2,35,10,0,7,27,2,3
41475,1,11.55,11,22,1,2,0,5,1633,0,0,0,0,26,30,0,8,25,9,3
63535,1,866.36,1,21,0,0,0,0,570,0,0,0,0,26,15,0,9,4,10,5
25976,0,53.06,16,21,0,1,0,9,2085,0,0,0,0,12,35,1,19,16,1,3
61458,1,33.83,16,28,0,2,0,5,386,0,0,0,0,14,20,1,19,8,8,4
28559,1,7.14,10,23,0,1,1,1,2011,0,0,0,0,31,10,0,11,11,9,3
25311,1,26.32,9,16,1,0,0,2,1430,0,0,0,1,26,10,0,3,2,3,6
41898,1,77.09,18,17,0,0,1,6,2386,0,0,0,0,14,30,0,14,15,3,5
81203,1,42.21,11,19,0,1,1,2,745,0,0,0,0,38,20,0,11,28,5,2
95736,1,8.54,7,17,0,2,0,1,345,0,0,0,0,36,10,0,9,11,6,2
79275,0,43.86,9,20,0,0,0,1,114,0,0,0,0,6,15,0,11,25,2,1
25396,1,54.69,20,20,0,1,0,4,895,1,0,0,0,23,25,0,7,3,11,0
34129,1,40.33,10,20,0,1,0,3,2411,0,0,0,0,33,0,0,2,1,6,6
82635,1,48.52,10,19,0,1,0,2,2090,0,0,0,0,33,0,0,17,31,5,5
85013,0,65.18,4,14,1,5,0,0,679,0,0,0,1,20,40,0,15,31,5,5
33258,1,787.64,2,19,0,2,0,1,1050,0,1,0,1,12,30,0,6,2,4,2
38632,1,7.24,7,17,0,1,0,3,1897,0,0,0,0,6,0,0,21,9,3,6
54150,1,68.88,11,21,0,2,0,1,2187,0,0,0,0,37,10,0,14,10,5,5
76986,1,53.82,11,19,0,4,0,1,320,0,0,0,0,7,15,0,0,6,12,5
24928,0,351.91,17,15,0,7,0,4,648,0,0,0,1,34,30,0,17,9,12,1
32502,1,57.23,16,24,0,5,1,1,2293,0,0,0,0,4,25,0,19,4,11,1
73499,0,16.16,19,13,0,1,0,2,498,0,0,0,0,39,25,1,15,22,4,1
40669,1,64.47,9,13,0,1,0,1,702,0,0,0,1,36,10,0,2,29,3,5
48108,1,28.56,12,15,0,2,1,3,1191,0,0,0,0,17,10,0,23,5,3,2
79413,1,76.07,11,15,0,2,0,1,1267,0,0,0,0,39,10,0,7,9,5,4
78957,1,2.17,6,21,0,1,0,1,657,0,0,0,1,11,0,0,3,17,2,0
71281,0,30.64,0,11,0,2,0,1,1588,0,0,0,1,3,15,0,8,10,1,4
84578,1,43.1,9,22,0,5,0,2,503,0,0,0,0,30,15,0,7,5,1,6
76579,0,512.23,3,16,0,0,0,8,528,0,0,0,0,43,60,0,19,18,6,2
82227,1,12.95,15,13,0,1,1,1,2463,0,0,0,1,15,10,0,4,16,7,2
13014,1,72.65,7,21,0,2,0,0,1872,0,0,1,1,35,20,0,4,5,12,4
52292,1,17.36,9,19,0,0,0,2,2445,0,0,0,0,26,0,0,23,4,10,5
91862,1,59.08,7,14,0,1,0,1,92,0,0,0,0,6,0,0,18,12,2,2
75725,0,27.1,13,22,0,1,0,2,1126,0,0,0,0,7,15,0,18,5,4,5
93263,1,4.77,11,18,0,0,0,1,907,0,0,0,0,9,0,0,22,17,7,3
85924,1,33.64,11,22,0,6,0,4,1763,0,0,0,0,11,15,0,17,23,1,3
31826,0,18.64,0,18,0,0,0,1,2301,0,0,0,0,19,15,0,0,29,5,3
50734,0,6.48,15,17,1,2,0,2,2497,0,0,0,0,17,25,0,14,28,4,0
31623,1,24.23,14,17,0,4,1,4,143,0,0,0,1,44,35,0,1,25,10,5
90801,1,63.87,6,15,0,0,0,2,288,0,1,0,0,16,15,0,2,10,3,0
29262,1,53.43,5,13,0,2,0,1,1365,0,0,0,1,18,0,0,13,22,9,0
50718,1,12.88,16,27,0,5,0,1,1144,0,0,0,0,13,15,0,17,18,5,6
41917,1,30.31,1,24,0,0,0,3,2218,0,0,0,1,38,10,0,4,3,4,3
33319,1,58.93,7,14,0,3,0,2,1383,0,0,0,2,39,20,0,10,10,1,4
10166,1,37.98,8,12,0,0,1,3,559,0,0,0,0,36,20,0,17,2,2,6
33074,1,730.94,16,17,1,1,0,1,1264,0,0,0,0,34,25,0,6,26,3,2
12550,0,49.42,10,14,1,2,0,3,2158,0,0,0,0,42,35,1,10,14,10,1
23411,0,20.88,15,20,0,1,0,0,1056,0,0,0,0,17,15,0,2,31,12,2
78176,0,30.33,9,14,0,2,0,4,1882,0,0,0,0,32,15,0,10,4,2,1
19455,1,0.55,1,13,0,4,0,8,30,0,0,0,0,19,35,0,0,1,5,3
28466,1,23.64,11,14,0,3,0,4,1110,0,0,0,0,9,0,0,17,17,9,2
47292,1,0.04,8,16,0,2,1,1,1756,0,0,0,0,2,10,0,4,22,5,3
84941,1,48.25,13,17,0,0,0,1,1767,1,0,0,0,39,35,0,2,16,9,1
75803,0,36.75,10,16,0,1,0,2,1172,0,0,0,0,12,15,0,14,6,7,6
33670,1,0.01,8,17,0,0,0,1,1111,0,0,0,1,7,0,0,15,9,4,2
61315,1,28.41,14,21,0,1,0,3,326,0,0,0,2,30,10,0,6,7,8,3
99337,1,28.31,2,26,0,0,0,2,1550,0,0,1,1,30,20,0,21,18,1,5
42250,1,15.45,17,20,0,1,0,1,1114,0,0,0,0,41,10,0,8,28,8,3
49105,1,51.28,7,17,0,2,0,4,1071,0,0,0,0,31,0,0,19,5,1,6
17990,1,26.76,10,12,0,0,0,2,2170,0,0,0,0,31,0,0,16,31,1,4
37860,1,1097.13,12,17,0,0,0,2,2291,0,0,0,0,41,25,0,1,27,9,5
72222,1,88.18,13,21,0,2,0,3,1333,0,1,0,0,42,25,0,5,27,12,5
68394,0,68.95,9,16,0,0,1,2,2016,0,1,0,0,41,50,0,23,12,12,4
79844,0,77.44,8,18,0,2,1,5,1716,0,0,0,0,37,55,0,15,4,6,2
28544,1,42.52,15,22,0,3,1,3,203,0,0,0,0,32,10,0,5,20,1,0
99983,0,2.85,13,14,0,2,0,4,2114,0,0,0,0,30,15,0,0,21,7,0
34668,1,9.4,11,18,0,2,0,3,1612,0,0,0,0,29,0,0,7,17,9,2
96964,1,63.22,7,23,0,2,0,0,2270,0,0,0,1,37,10,0,16,15,8,4
48068,1,88.1,12,20,0,0,0,2,1626,0,0,0,1,32,0,0,14,27,7,6
40643,1,69.0,23,16,0,6,1,3,1036,0,0,0,0,35,25,1,3,20,7,6
46813,0,46.69,14,21,0,1,1,4,1056,0,1,0,2,13,50,0,11,28,4,0
84262,1,11.62,12,16,0,1,0,1,1259,0,0,0,0,27,0,0,21,20,12,5
14695,1,63.39,6,13,0,2,0,2,2213,0,0,0,1,8,0,0,19,30,11,6
99393,1,47.45,14,13,0,2,0,1,1609,0,0,0,0,14,0,0,8,27,8,2
89174,0,22.37,12,18,1,1,0,5,2332,0,0,0,1,23,45,0,3,20,4,6
98493,1,71.15,7,21,1,1,0,2,1597,0,0,0,0,26,10,0,3,12,1,6
29888,1,40.07,23,14,0,2,0,2,1834,0,0,0,1,10,0,0,12,27,5,1
62623,1,8.58,22,22,0,0,0,0,2188,0,0,0,1,30,0,0,10,9,9,1
40444,1,20.41,12,20,0,2,0,2,1326,0,0,0,0,20,0,0,17,7,12,6
80343,1,65.27,16,22,0,1,1,1,2494,0,0,1,1,8,30,0,3,5,4,5
75059,1,74.32,18,16,0,1,0,4,1000,0,0,1,0,30,20,0,16,27,10,0
93716,1,33.5,15,14,0,2,1,1,788,0,1,0,0,37,35,1,2,17,7,3
76289,1,12.54,19,16,1,1,1,2,2004,0,0,0,0,17,20,0,21,28,7,0
32009,0,26.88,10,17,0,2,0,3,2345,0,0,0,0,8,15,0,7,2,9,1
90758,1,1.4,13,10,0,1,0,8,300,0,0,1,0,26,40,0,5,6,4,6
39799,1,15.24,18,25,0,0,1,3,1856,0,0,0,0,40,20,0,14,3,11,0
22112,0,6.31,8,21,0,1,0,2,931,0,1,0,0,27,30,1,6,23,8,5
88586,1,42.02,7,17,0,0,0,0,2251,0,1,0,0,9,15,0,22,20,1,0
79248,1,45.32,17,18,1,2,0,6,1364,0,0,0,0,37,40,0,0,30,9,1
13279,1,23.92,10,19,0,1,0,1,1522,0,0,0,2,1,10,0,0,7,10,1
35187,0,26.38,16,18,0,1,0,3,1477,0,0,0,1,23,15,0,8,3,9,2
56810,1,33.73,12,12,1,3,0,1,2239,0,0,0,0,28,10,0,21,29,3,5
28123,0,612.93,13,19,0,1,0,1,1621,0,0,0,0,27,30,0,5,5,6,3
85479,1,56.11,12,23,0,1,1,1,1451,0,0,0,0,20,10,0,9,7,10,1
12625,1,10.09,19,24,0,1,0,1,2084,0,0,0,0,8,0,0,20,26,9,4
82381,1,601.34,9,22,0,3,0,1,1374,0,0,0,0,43,25,0,9,25,1,5
71209,1,31.67,5,21,0,0,0,0,2403,0,0,0,0,15,0,0,7,5,2,2
37649,1,38.77,9,17,0,1,0,4,683,0,1,0,0,15,15,0,11,22,5,3
67721,1,55.44,9,8,0,2,1,5,1307,0,0,0,0,38,40,0,6,18,2,1
34625,1,61.51,13,13,0,3,0,3,1516,0,0,0,0,39,10,0,16,7,5,2
90468,1,64.0,4,12,0,1,1,0,207,0,0,1,0,4,30,0,20,13,6,4
43685,1,105.88,11,13,0,6,1,3,1294,0,0,0,1,40,35,0,1,21,6,5
10864,1,17.96,6,7,0,0,0,4,1193,0,0,0,0,42,10,0,4,13,7,6
24341,1,33.43,12,16,0,2,0,3,636,0,0,0,0,11,0,0,13,17,11,0
57036,1,37.21,7,15,1,5,0,4,2435,0,0,0,0,41,35,0,2,1,9,0
34585,1,85.91,11,20,0,1,1,0,1220,0,0,0,0,16,10,0,21,22,9,0
72560,1,9.71,11,13,1,0,0,5,2119,0,0,0,1,31,30,0,13,9,10,3
77343,0,615.91,21,22,0,0,0,3,776,0,0,0,0,29,30,0,1,17,2,0
82902,1,7.09,11,25,0,1,0,2,1433,0,0,0,0,5,0,0,6,15,3,5
25798,0,43.71,20,12,0,3,0,0,108,0,0,0,1,31,15,1,0,6,2,3
79142,1,34.01,12,16,0,3,0,1,2272,0,0,0,0,15,0,0,7,25,9,3
61996,1,82.12,20,18,0,2,0,1,782,0,0,0,0,28,0,0,5,30,10,3
53035,1,29.45,12,16,0,3,0,3,1647,0,0,0,0,33,0,0,23,24,3,0
50193,0,79.84,1,22,0,1,0,6,1378,0,1,0,0,1,50,0,19,28,7,0
46336,1,3.37,10,24,0,1,0,1,174,0,0,0,0,30,0,0,21,11,7,4
58286,1,10.9,0,19,0,0,0,6,2262,0,0,1,0,15,40,0,7,27,6,4
40991,1,48.92,12,20,0,1,0,2,1903,0,0,0,0,17,0,0,20,29,4,1
21481,1,40.57,3,19,0,1,0,0,1886,0,0,0,0,8,0,0,12,27,10,0
41226,1,3.49,10,23,0,0,0,2,139,0,0,0,1,17,0,0,13,2,8,5
42585,1,20.62,2,11,0,2,0,2,472,0,0,0,0,14,0,0,19,1,1,2
33452,0,61.9,8,20,0,0,0,3,1100,0,0,0,0,1,15,0,8,3,8,6
16466,1,59.83,8,17,0,1,0,3,75,0,0,0,0,23,0,0,15,17,7,3
26365,0,77.51,23,19,0,2,0,1,2471,0,0,0,0,36,25,0,12,21,4,0
67231,0,28.91,19,18,0,1,0,2,1818,0,0,0,0,22,15,0,22,1,4,1
21919,1,73.53,6,15,0,1,0,0,1660,0,0,0,0,10,0,0,2,7,7,0
82554,0,65.74,8,23,0,2,0,0,1039,0,0,1,1,25,35,0,10,8,10,2
73368,0,77.88,23,19,0,0,0,0,842,0,0,0,1,42,25,0,4,10,12,2
88078,0,18.45,20,15,1,2,0,1,977,0,0,0,0,35,25,0,18,26,12,4
95402,1,5.7,11,18,0,1,0,2,171,0,0,0,1,30,0,0,11,2,11,6
20574,1,20.35,20,24,0,1,0,2,1947,0,0,0,0,36,10,0,11,17,7,3
20839,1,7.17,23,16,0,2,0,6,226,0,0,0,1,21,20,0,5,1,7,1
53404,0,61.68,14,20,1,1,0,2,64,0,0,0,0,29,25,0,23,6,8,2
39143,1,36.03,14,16,0,0,0,3,498,0,1,0,1,43,25,0,17,3,6,1
25814,1,25.85,10,16,0,1,0,0,348,0,0,1,0,43,30,0,20,26,6,3
29328,1,36.13,9,20,0,2,1,8,2211,0,0,0,0,4,30,0,0,14,9,6
92675,0,61.3,4,21,0,2,0,2,2420,0,0,0,0,29,15,0,1,17,9,2
33483,1,11.51,11,22,0,6,0,1,293,0,0,0,0,4,15,0,22,20,12,5
91451,0,675.58,9,26,0,1,0,2,546,0,0,0,0,36,40,0,21,29,9,0
66522,0,13.3,17,21,0,1,0,4,1814,0,0,0,1,25,15,0,8,26,4,5
66305,0,11.31,12,21,0,0,0,1,2356,0,0,0,0,2,15,0,13,16,8,5
78295,1,5.0,16,22,1,0,0,4,899,0,1,0,0,20,25,0,12,26,6,3
94265,1,21.79,17,13,0,1,0,1,1067,0,0,0,0,37,10,0,3,22,11,5
98802,0,62.16,12,13,0,1,0,1,594,0,0,0,0,6,15,0,10,28,5,2
63273,1,39.7,15,28,0,0,1,6,507,0,0,0,1,32,30,0,15,1,4,1
75086,0,1101.37,2,29,0,1,0,3,1522,0,1,0,0,28,45,0,8,11,6,2
43056,1,1189.23,8,18,0,1,0,5,1394,0,0,0,0,41,45,0,2,2,2,6
12958,1,23.74,18,17,0,2,0,6,196,0,0,0,0,25,20,0,11,12,12,4
42768,1,36.27,7,20,0,0,0,4,1151,0,0,0,0,39,10,0,0,2,9,1
77079,1,27.61,16,19,0,0,0,1,1654,0,1,0,0,18,15,0,18,7,9,6
93420,0,19.2,22,13,0,5,1,2,1477,0,0,0,0,33,40,0,6,29,4,1
37135,0,29.56,12,22,0,2,0,3,1917,0,0,0,1,5,15,0,3,30,12,1
90435,1,21.87,10,17,0,4,0,2,321,0,0,0,1,19,15,0,4,7,12,6
92304,1,1.59,12,18,0,0,0,1,56,0,0,0,0,11,0,0,4,1,6,6
84723,1,4.5,19,12,0,3,1,2,640,0,0,0,0,38,20,0,20,31,12,2
40190,1,47.84,17,21,0,2,0,1,2214,0,0,0,0,33,0,0,0,24,3,0
62833,1,5.64,0,24,0,1,1,2,767,0,0,0,0,42,20,0,16,29,9,0
12762,0,32.91,13,12,0,0,1,3,481,0,0,0,1,32,25,0,21,2,6,0
53453,1,72.35,7,17,0,0,0,5,1331,0,0,0,1,16,20,0,10,6,5,1
22661,1,5.46,19,24,0,1,0,2,257,0,1,0,1,32,15,0,7,16,8,5
51522,1,0.22,11,19,0,1,1,1,1218,0,0,0,0,8,10,0,12,11,11,1
20973,1,31.6,10,17,0,0,1,2,218,0,0,0,0,11,10,0,5,9,6,0
48304,1,191.98,3,26,0,1,0,2,1109,0,1,0,2,26,25,0,21,22,3,5
41747,0,60.61,11,17,1,0,0,4,774,1,0,0,0,29,50,0,11,17,8,6
66978,1,58.38,9,13,0,0,0,3,1976,0,0,0,0,30,0,0,21,22,9,0
46388,1,38.26,10,20,0,1,0,3,1836,1,0,0,0,15,25,1,22,30,8,5
38356,1,34.86,20,19,0,4,0,1,1430,0,0,0,0,16,15,0,12,18,6,2
78932,1,55.49,9,21,0,1,0,1,2132,0,1,0,0,27,15,0,0,22,4,1
66336,1,46.88,7,22,0,3,0,5,2220,0,0,0,0,40,30,0,1,29,5,3
65003,1,85.24,6,20,0,3,0,3,398,0,0,0,1,37,10,0,4,8,5,3
60743,1,25.08,9,18,0,1,0,10,2212,0,0,0,2,43,40,0,15,5,8,1
89175,1,57.37,14,13,0,1,0,1,1827,0,0,0,1,3,0,0,20,18,2,1
31308,1,25.6,14,22,0,0,0,7,534,0,0,0,2,36,40,0,14,16,8,5
37227,1,101.31,18,24,0,3,0,3,549,0,0,0,0,44,10,0,8,10,7,3
31087,1,94.82,12,20,0,0,0,2,2489,0,0,1,0,28,20,0,7,12,3,2
24370,0,65.68,18,13,0,1,0,1,267,0,0,0,0,5,15,0,0,7,8,3
75491,0,44.78,14,27,0,0,0,3,1200,0,0,0,1,26,15,0,22,17,7,3
22452,1,14.21,1,18,0,1,0,0,1622,0,0,0,0,16,0,0,7,21,12,6
19470,0,26.86,19,18,0,6,0,1,1672,0,0,0,0,42,40,0,5,5,4,5
16587,0,46.2,7,17,1,4,1,4,1475,0,0,0,0,34,50,0,15,14,8,3
61999,1,37.81,12,12,0,2,0,3,1322,0,0,0,0,32,0,0,18,14,7,0
30850,1,38.7,16,18,0,4,1,1,2004,0,0,0,0,2,25,0,7,17,5,5
43115,1,7.63,11,17,0,1,0,0,164,0,0,0,0,11,0,0,5,19,4,5
28676,1,54.26,19,11,0,1,0,0,399,0,0,0,0,27,0,0,8,1,2,5
37673,1,73.68,12,20,0,2,0,1,1991,0,0,0,1,18,0,0,14,24,3,0
33979,1,570.4,16,20,0,0,1,1,1239,0,0,1,0,22,45,0,21,14,5,2
33353,0,32.02,10,21,0,1,0,3,1188,0,0,0,0,6,15,0,14,26,12,4
83942,0,61.86,17,26,1,1,0,0,1484,0,0,0,0,32,25,0,0,12,3,2
80497,1,61.74,19,17,0,0,0,1,435,0,0,0,1,15,0,0,8,29,7,1
29681,1,24.04,8,18,0,2,0,3,1796,0,1,0,0,11,15,0,15,16,11,6
32529,1,4.46,11,20,0,3,0,4,2147,0,0,0,1,31,0,0,5,25,9,3
20721,0,57.31,14,15,0,0,0,4,2445,0,0,0,1,21,15,0,13,13,2,3
89502,1,15.11,18,11,0,1,0,0,1387,0,0,1,0,10,20,0,20,23,5,4
80822,0,42.38,18,18,0,2,0,4,1913,0,0,0,0,32,15,0,19,19,11,2
63192,1,72.57,6,16,0,2,0,2,2015,0,0,0,0,26,0,0,15,10,4,3
57773,1,84.66,12,15,1,1,0,2,1965,0,0,0,0,11,10,0,0,11,12,3
36881,1,87.31,7,23,0,2,0,3,345,0,0,0,1,41,10,0,14,30,4,2
76865,1,57.7,11,25,0,5,0,3,117,0,0,0,1,37,25,1,20,7,12,6
25747,1,33.27,15,13,0,2,0,1,1176,0,0,0,0,40,10,0,22,17,11,0
17379,0,82.62,23,18,0,2,0,6,2452,0,0,0,0,40,45,0,18,3,5,5
69045,1,30.46,16,17,0,4,1,0,2010,0,1,0,0,38,50,1,0,9,6,0
44964,0,48.51,3,17,1,1,0,9,254,0,0,0,1,27,45,0,17,7,7,0
60640,1,40.92,0,11,0,2,0,1,2247,0,0,0,1,15,0,0,15,25,1,5
65986,1,69.5,21,28,0,5,1,3,2217,0,0,0,0,23,25,0,19,26,9,4
50135,1,1.73,16,21,0,2,1,1,1813,0,0,0,0,13,10,0,21,1,4,1
24436,1,8.3,19,16,0,1,0,1,811,0,0,0,0,16,0,0,17,30,11,6
21008,1,987.03,13,23,0,2,1,1,270,0,0,0,0,2,25,0,3,11,7,4
46082,1,24.68,11,10,1,1,0,2,874,0,0,0,0,35,10,0,21,4,5,6
70372,1,8.78,5,19,0,1,0,4,792,1,0,0,0,40,35,0,23,19,2,2
69673,0,1133.44,8,14,1,1,0,2,2117,0,0,0,0,31,40,0,12,28,1,1
74206,1,83.85,6,15,0,3,1,0,117,0,0,0,0,32,10,0,5,18,6,2
71407,0,80.13,19,10,0,6,0,4,678,0,0,0,0,9,30,0,16,3,1,4
39848,1,52.94,5,13,0,1,0,1,1325,0,1,0,0,26,15,0,0,3,4,3
84572,1,32.4,5,18,0,0,0,1,666,0,0,0,0,12,0,0,3,1,9,0
38530,1,78.99,6,14,0,0,0,1,1861,0,0,1,0,39,30,0,9,17,12,2
98917,1,43.98,16,17,0,1,0,6,1974,0,0,0,0,15,20,0,5,2,1,3
54449,1,55.59,18,27,0,2,1,1,2324,0,0,0,0,4,10,0,8,18,1,5
15103,1,73.16,6,22,0,1,0,2,1943,0,0,0,2,42,20,0,18,19,7,5
90407,0,62.64,9,12,0,0,1,0,508,0,0,0,0,40,35,0,10,10,8,6
17878,0,83.01,19,12,0,1,0,2,128,1,0,0,1,42,50,0,7,1,1,2
48555,1,32.93,23,18,0,0,0,2,1320,0,0,0,0,22,0,0,16,27,9,5
13734,0,37.55,23,17,0,0,0,2,2415,0,0,0,0,4,15,0,6,10,4,3
34659,1,14.41,8,7,0,0,1,1,711,0,1,0,0,5,25,0,5,14,1,1
60806,1,4.9,10,14,1,0,0,1,1167,0,0,0,0,43,20,0,20,12,7,5
60298,0,1.19,18,20,0,4,0,7,1458,0,0,0,1,27,50,0,6,7,6,5
21298,1,36.28,12,16,1,1,0,2,2338,0,0,0,0,3,10,0,14,7,11,4
42225,0,40.55,9,15,0,3,0,1,33,0,0,0,0,41,25,0,18,27,10,0
97996,1,34.87,6,24,0,1,1,1,200,0,0,0,0,17,10,0,22,27,6,4
67222,1,47.49,8,20,0,1,1,2,2092,0,0,0,0,40,20,0,6,4,11,1
12710,1,41.93,2,20,1,2,0,1,489,0,1,0,0,38,35,0,20,16,7,2
88159,1,44.7,8,18,0,1,0,1,2392,0,1,0,0,29,15,0,17,31,8,6
91233,1,48.56,14,26,1,2,0,4,2357,0,0,0,1,21,10,0,7,26,8,1
87008,1,131.46,16,9,0,0,0,1,2065,0,0,0,1,13,0,0,19,3,10,4
16839,0,12.99,16,22,0,0,0,2,2232,0,0,0,1,14,15,0,20,9,9,1
75715,1,252.15,8,13,0,0,0,1,1925,0,0,0,1,43,10,0,17,31,3,0
58523,1,81.76,4,13,0,0,0,2,869,0,0,0,0,37,10,0,10,5,4,5
56791,0,18.77,13,22,0,1,0,3,251,0,0,0,0,28,15,1,5,3,6,1
36397,1,63.78,16,18,0,0,0,5,493,0,0,0,0,30,20,0,19,18,2,1
96074,1,23.43,15,17,0,1,0,7,2227,0,0,0,0,14,20,0,16,9,7,2
78772,1,1071.31,15,18,0,1,1,0,946,0,0,0,1,12,25,0,7,25,12,3
58469,0,60.27,10,21,0,2,0,3,299,0,0,0,0,25,15,0,2,16,9,1
67941,1,48.79,6,14,0,1,0,3,1448,0,0,0,0,27,0,0,5,6,6,4
91140,1,22.93,2,19,1,2,0,5,112,0,0,1,2,30,60,0,10,13,7,6
26734,1,106.51,10,15,0,0,0,0,780,0,0,0,0,18,0,0,8,23,7,2
70489,1,47.42,19,21,1,0,0,3,1894,0,0,0,0,24,10,0,8,27,8,2
10914,0,9.53,14,18,0,1,0,2,2265,0,0,0,0,4,15,0,6,24,9,2
88709,1,73.94,11,17,0,1,0,1,367,0,0,0,0,38,10,0,11,5,12,4
11814,1,0.1,11,18,0,0,1,3,1761,0,1,0,0,38,35,0,11,13,7,6
24483,1,36.86,0,16,0,0,0,1,1464,0,0,0,0,26,0,0,8,9,10,3
75287,0,39.38,18,13,0,1,0,3,765,0,0,0,1,19,15,0,8,26,2,2
61078,1,24.31,14,20,0,1,0,0,1840,0,0,0,0,6,0,0,23,28,4,0
53399,0,52.33,12,13,0,0,0,2,35,0,0,0,1,22,15,0,12,12,6,3
85315,1,24.12,5,11,0,1,1,0,2001,0,0,0,0,38,20,0,17,18,11,1
40209,1,74.63,10,16,0,1,1,2,529,0,0,0,0,44,20,0,14,5,5,0
42255,1,38.74,12,22,0,1,1,2,1492,0,0,0,0,1,10,0,13,13,7,6
50808,1,19.4,4,16,0,2,0,0,2461,0,0,0,1,40,10,0,21,22,9,0
85531,1,30.42,13,16,0,2,0,2,1588,0,1,0,2,43,35,0,21,5,6,3
63769,1,60.88,0,19,0,1,0,3,2379,0,0,0,0,41,10,0,0,27,10,0
50716,1,53.33,14,19,0,6,0,2,1182,0,1,0,1,30,30,0,18,20,9,5
62005,1,73.37,14,12,0,4,1,4,721,0,1,0,2,5,50,0,16,9,6,0
54007,1,20.45,7,22,0,2,0,2,1748,0,0,0,0,35,0,0,7,30,1,3
39174,1,10.1,15,16,0,0,0,8,1899,0,0,0,0,18,20,0,7,21,5,2
17076,1,56.41,12,18,0,2,0,5,1164,0,0,0,1,5,20,0,9,14,4,0
55723,1,11.05,11,19,0,1,0,4,113,0,0,0,0,15,0,0,15,15,8,4
68369,1,71.33,2,10,0,1,0,2,2454,0,0,0,0,16,0,0,11,17,9,2
14941,1,56.4,15,22,0,0,0,2,733,0,0,0,0,35,0,0,6,9,4,2
30267,1,12.3,1,15,0,1,0,2,114,0,1,0,0,5,15,0,11,9,8,5
22914,1,22.33,16,20,1,3,0,10,1278,0,0,0,0,16,30,0,10,24,1,4
89418,1,46.3,9,16,0,0,0,2,1237,0,0,0,0,10,0,0,1,8,2,5
19229,1,42.03,15,15,0,1,0,1,1154,0,0,0,1,19,0,0,14,27,7,6
79128,1,46.93,12,16,0,0,0,2,1594,0,0,0,0,8,0,0,21,20,6,4
89185,1,89.33,11,19,0,1,0,1,2087,0,0,0,0,5,0,0,20,31,5,5
60726,0,1084.8,10,15,0,2,0,1,559,0,0,0,0,37,40,0,7,17,12,2
42719,1,150.16,12,18,0,1,0,1,282,0,0,0,1,37,10,0,14,27,7,6
25057,1,43.81,12,18,1,5,1,2,1849,0,1,0,1,3,50,0,21,15,11,5
54258,0,610.42,20,20,0,0,0,6,324,0,0,0,1,10,50,0,7,24,2,0
51154,1,1.04,18,19,0,2,0,1,578,0,0,0,0,26,0,0,0,14,4,0
33664,0,21.75,3,16,0,1,0,1,152,0,0,0,1,16,15,0,18,6,3,3
14608,1,26.22,10,10,0,2,1,1,980,0,0,0,0,16,10,0,6,7,8,3
28513,1,32.64,15,20,0,1,0,4,1148,0,1,0,0,13,15,0,4,30,9,1
12529,0,70.52,4,15,0,2,0,1,1090,0,1,0,1,10,30,1,5,26,12,4
74835,0,64.45,6,13,0,3,0,1,609,0,0,0,0,42,25,0,4,5,4,5
57626,1,36.07,20,18,0,2,0,2,883,0,0,0,2,30,10,0,10,1,1,2
40768,1,1189.86,10,20,0,1,0,2,1706,0,0,0,0,15,15,0,12,26,1,6
37227,0,58.76,16,13,0,3,0,4,770,0,0,0,0,12,15,0,15,15,7,1
66820,1,65.69,5,14,0,0,0,3,131,0,0,0,0,39,10,0,1,14,3,4
93303,0,8.68,11,18,1,2,0,0,2018,0,0,0,0,9,25,0,1,21,9,6
81656,0,75.21,12,12,0,0,0,4,1623,0,0,0,1,14,15,0,15,27,10,0
39686,0,17.26,23,14,0,2,0,4,2092,0,0,0,0,37,25,0,12,11,2,1
35854,1,61.66,13,22,0,2,1,2,786,0,0,0,0,20,10,0,3,1,8,4
75095,0,10.27,5,26,0,0,0,3,202,0,0,0,0,9,15,0,7,16,11,6
52966,1,44.57,8,19,0,1,0,2,215,0,0,0,0,41,10,0,1,24,5,5
97562,1,31.8,16,17,0,3,1,0,328,0,0,0,0,40,20,0,11,23,8,5
88101,0,21.37,13,26,1,0,1,1,1308,0,0,0,0,27,35,0,15,15,4,1
90227,1,34.85,9,19,1,2,0,4,762,0,0,0,1,3,10,0,5,17,11,0
94784,1,8.94,8,9,0,3,1,4,619,0,0,0,0,11,10,0,20,10,8,6
92513,1,0.39,18,13,1,3,0,1,1683,0,0,0,1,19,10,0,13,10,6,1
16972,1,24.0,21,20,0,5,0,3,1295,0,0,0,1,39,25,1,21,21,11,4
52316,1,615.71,18,19,0,0,0,5,1662,0,0,0,0,19,35,0,20,23,3,6
99733,1,15.75,11,11,0,1,1,6,109,0,1,0,0,38,55,0,6,15,1,2
67476,1,74.57,3,26,0,3,0,5,1904,0,0,0,0,6,20,0,14,6,8,2
23746,1,68.71,9,21,1,0,0,1,1468,0,0,0,0,40,20,0,9,2,5,4
58748,1,0.13,7,25,0,4,0,6,38,0,0,0,0,31,35,0,12,4,2,1
57578,1,60.37,18,9,0,5,0,0,2018,0,0,0,0,10,15,1,9,25,11,1
19178,1,8.99,14,12,0,5,0,1,775,0,0,0,0,28,15,0,19,11,3,1
91557,1,35.6,17,22,0,0,1,2,2103,0,0,1,0,44,40,0,20,10,12,2
53648,1,62.51,14,14,0,2,0,2,2350,0,0,0,0,21,0,0,2,4,1,5
84330,1,21.25,23,18,0,2,1,4,2049,0,1,0,0,41,35,0,21,12,11,2
57061,1,50.84,14,14,0,0,0,2,1338,0,0,0,1,27,0,0,10,11,4,4
42179,1,47.32,6,20,0,2,0,2,1699,0,0,1,0,19,20,0,10,14,3,4
72494,1,97.63,12,19,1,1,0,1,1397,0,0,1,1,16,30,1,8,20,9,5
72241,1,75.23,16,12,0,4,0,6,80,0,0,0,0,7,35,0,4,10,10,4
85574,0,59.98,10,12,1,1,1,2,1684,1,1,0,0,38,85,1,9,25,12,3
51210,1,13.44,14,18,0,1,1,4,656,0,0,0,1,24,10,0,18,5,12,4
10166,1,9.51,10,15,0,2,0,3,1970,0,0,0,0,3,0,0,3,22,12,0
32876,1,1074.01,12,14,0,2,1,2,916,0,0,0,0,16,25,0,3,7,4,0
94711,1,10.99,11,26,0,1,0,1,1053,0,0,0,0,12,0,0,1,1,3,5
94049,1,40.78,3,15,0,1,0,3,1445,0,0,0,2,20,10,0,21,12,6,3
51155,0,5.44,8,20,0,1,1,2,847,0,0,0,1,27,25,0,7,24,5,5
50246,0,26.6,13,20,0,0,0,2,2397,0,0,0,0,20,15,0,13,27,2,3
17888,1,5.92,9,14,0,0,1,1,2361,0,0,0,0,42,20,0,23,8,5,3
49034,1,13.55,12,13,0,2,1,2,1787,0,1,0,0,4,25,1,3,3,9,2
66701,1,12.89,14,17,0,1,0,1,761,0,0,0,0,35,0,0,10,11,2,1
31041,1,30.66,14,26,0,1,0,1,584,0,0,0,0,38,10,0,7,3,2,0
28451,1,28.33,10,12,0,0,0,1,1462,0,0,0,0,7,0,0,8,9,1,3
71249,1,24.82,13,17,0,0,0,1,1847,0,0,0,0,32,0,0,5,26,10,6
76752,1,26.82,6,19,1,0,0,3,396,0,0,0,0,15,10,0,20,19,4,5
10752,1,14.81,10,19,0,0,1,2,2105,0,0,0,0,29,10,0,2,10,1,4
67138,0,3.14,14,17,0,1,0,3,2453,0,0,0,0,32,15,0,20,2,4,2
61391,1,65.13,17,21,0,2,1,7,268,0,0,0,0,42,40,0,1,30,6,0
38042,1,51.28,9,19,0,1,0,4,287,0,0,0,0,35,0,0,14,19,1,6
27575,1,24.91,13,18,0,1,1,4,1019,0,0,0,0,32,10,0,20,31,7,3
24752,0,53.54,16,19,0,4,1,1,1721,0,0,0,0,35,40,0,1,2,2,6
30427,1,20.35,11,18,0,2,1,0,1919,0,0,0,1,12,10,0,23,15,7,1
10255,1,2.52,11,14,0,2,0,2,1537,0,0,0,0,28,0,0,4,21,6,5
48046,1,58.45,11,19,0,1,0,5,1940,0,0,0,1,22,20,1,2,26,7,5
49498,0,78.87,9,21,0,0,0,0,2291,0,0,0,0,17,15,0,1,18,10,5
16226,1,10.45,21,18,0,2,0,3,161,0,0,0,0,32,0,0,0,19,6,3
53623,1,2.8,11,22,0,4,0,4,2339,0,0,0,0,7,15,0,6,17,9,2
81381,1,102.25,8,13,0,2,1,3,2123,0,0,0,1,6,10,0,16,15,3,5
96583,1,52.05,16,19,0,1,1,2,729,0,0,0,0,39,20,0,15,19,10,6
98226,1,344.87,19,20,0,2,0,2,1108,0,0,0,0,21,0,0,2,22,9,0
12156,1,13.04,19,23,0,1,0,0,2204,0,0,0,0,10,0,0,1,31,10,4
94367,0,21.64,11,23,1,3,0,1,1163,0,0,0,0,8,25,0,13,18,10,5
98929,0,28.78,23,18,0,0,1,3,2381,0,0,0,0,25,25,0,18,17,8,6
80670,0,36.71,17,14,0,2,0,2,120,0,0,0,0,2,15,0,0,21,9,6
77408,1,45.6,4,17,0,2,0,1,343,0,0,0,0,24,0,0,10,10,4,3
34537,1,18.69,7,27,0,2,0,1,2315,0,0,0,0,28,0,0,22,12,12,4
47759,1,50.16,11,14,0,0,0,3,1032,0,0,0,0,37,10,0,0,16,4,2
87591,1,89.25,7,18,0,2,0,2,2251,0,0,0,0,3,0,0,0,22,11,5
84070,1,62.64,17,16,0,6,1,2,1779,0,0,0,0,13,25,1,15,4,7,4
52398,0,33.88,7,19,0,4,0,9,1218,0,0,0,0,7,50,1,18,15,10,2
72063,0,82.76,0,12,0,2,0,2,457,0,0,0,2,25,25,0,10,10,6,1
23931,0,148.76,10,13,0,2,0,0,340,0,0,0,0,23,15,0,4,20,8,2
28646,1,77.55,20,22,0,1,1,2,1514,0,0,0,0,36,20,0,22,27,3,3
28953,1,408.79,21,17,0,4,0,3,956,0,0,0,0,37,25,0,11,2,11,6
92603,1,3.92,10,16,0,2,0,2,2060,0,0,0,0,37,10,0,7,22,5,3
68496,1,13.37,16,13,0,1,0,1,2253,0,0,0,0,3,0,0,17,23,10,3
97849,1,87.2,9,25,0,1,0,8,932,0,0,0,0,7,20,0,15,22,11,5
36127,0,45.13,1,17,0,0,0,1,1830,0,1,0,1,31,30,0,17,16,11,6
44604,1,25.68,20,21,0,0,0,2,2107,0,0,0,1,27,0,0,2,24,12,2
17601,0,20.84,16,24,0,4,0,4,2234,0,0,0,1,11,30,0,22,31,3,0
94344,1,21.84,9,14,0,2,0,1,1038,0,0,0,0,31,0,0,21,11,11,1
94579,0,63.27,1,22,0,0,0,2,360,0,0,0,0,26,15,0,5,1,10,2
63632,1,5.22,8,23,0,1,0,4,916,0,0,0,0,29,0,0,4,21,5,2
61069,1,21.51,14,14,0,1,0,4,1657,0,0,0,0,10,0,0,2,7,2,4
49112,0,38.58,8,12,0,3,0,1,420,0,1,0,0,30,30,1,6,12,4,5
30752,1,26.4,17,23,0,2,0,3,1598,0,0,0,0,24,0,0,1,24,9,2
43592,1,51.13,13,21,0,1,0,0,1439,0,0,0,0,24,0,0,3,26,12,4
58805,1,31.07,18,25,0,1,0,0,970,0,0,0,0,21,0,0,17,4,6,2
40039,1,56.23,0,21,0,0,0,2,2020,0,0,0,0,20,0,0,20,5,2,2
68391,1,31.25,14,19,0,1,0,1,1745,0,0,0,0,40,10,0,17,5,2,2
76268,1,63.78,9,19,0,3,0,9,1086,0,0,0,1,3,20,0,8,13,9,5
45447,0,37.22,7,16,0,5,0,0,625,0,0,0,0,10,30,0,19,1,7,1
65222,0,30.68,16,15,1,0,0,0,913,0,0,0,1,34,25,0,19,20,10,0
73819,0,2.09,13,11,0,4,1,3,496,0,0,0,0,8,40,0,11,25,11,1
40251,1,62.56,14,25,0,2,0,1,98,0,0,1,1,44,30,0,10,2,9,1
41525,0,29.58,17,13,0,0,0,1,507,0,0,0,0,24,15,0,6,21,10,1
31706,1,55.56,17,21,0,1,0,0,650,0,0,0,1,18,0,0,1,29,12,0
95158,1,68.69,10,17,0,0,0,1,2321,0,0,0,0,4,0,0,12,11,5,6
53004,1,43.42,2,21,0,1,0,1,2473,0,0,0,0,9,0,0,7,6,3,3
72307,1,52.8,16,25,0,2,0,2,1689,0,0,0,1,23,0,0,19,2,7,2
54084,1,44.89,10,20,1,1,0,8,2246,0,0,0,1,43,40,1,20,26,12,4
75660,1,33.43,12,13,0,0,0,1,144,0,0,0,1,19,0,0,20,21,11,4
18469,1,69.44,19,17,0,3,1,7,2058,0,0,0,0,17,30,0,6,26,8,1
46075,1,39.74,17,15,0,1,0,2,68,0,0,0,0,23,0,0,6,15,9,0
78790,1,30.43,11,23,0,0,1,5,1446,0,0,0,1,29,30,0,10,9,1,3
12159,1,7.48,7,17,0,1,0,2,1707,0,0,0,0,19,0,0,12,23,11,6
30872,1,56.98,6,18,0,1,0,0,587,0,1,0,0,28,15,0,21,12,10,6
12158,0,6.12,15,21,0,0,0,1,904,1,0,0,0,8,40,0,2,12,10,6
17093,1,39.9,4,23,1,4,0,4,665,0,0,0,0,19,25,1,2,27,8,2
11258,1,60.64,16,15,0,2,0,4,839,0,1,0,0,15,15,0,22,3,3,0
84881,1,79.17,10,23,0,5,0,3,2451,0,0,0,0,16,15,0,10,9,12,1
52930,1,34.75,11,32,0,0,1,1,1341,0,0,0,0,23,10,0,10,18,3,1
87894,1,38.59,12,19,0,1,0,1,137,0,0,0,0,29,0,0,22,12,1,6
75787,1,49.86,11,18,0,0,0,6,1237,0,0,0,0,24,20,0,0,7,5,2
59236,1,51.18,13,16,0,1,0,1,757,0,0,0,1,2,0,0,13,27,2,3
69408,1,27.02,8,17,0,1,0,0,896,0,0,0,0,6,0,0,12,8,5,3
82578,0,77.37,8,14,0,0,1,3,2047,0,0,1,0,40,55,0,2,15,5,3
27274,1,33.03,14,18,0,2,0,3,1143,0,0,0,0,30,0,0,2,8,3,5
68138,0,17.83,11,21,0,2,0,1,558,0,0,0,0,18,15,0,5,21,7,0
98692,1,940.34,16,16,0,1,0,2,131,0,0,0,0,12,15,0,2,3,12,2
43057,0,661.32,14,21,1,1,0,0,1777,0,0,0,0,5,40,1,3,27,7,6
78041,1,2.71,8,21,0,3,0,3,2236,0,0,0,0,44,10,0,10,2,2,6
43105,0,3.25,3,17,0,2,0,2,663,0,0,0,0,8,15,0,0,19,2,2
52918,1,9.59,23,18,0,7,0,4,2124,0,0,0,0,3,15,0,9,15,12,0
47847,1,17.53,3,22,1,2,0,2,467,0,1,0,0,38,35,0,23,11,3,1
34845,1,70.68,5,20,0,1,0,3,146,0,0,0,0,36,10,0,15,7,11,4
65885,1,6.9,12,14,0,1,0,6,735,0,0,0,0,10,20,0,15,8,5,3
83333,1,83.44,15,15,0,3,0,2,2356,0,0,0,0,42,10,0,8,28,3,4
16886,0,19.02,19,13,0,2,0,3,2346,0,0,0,0,6,15,0,10,26,11,2
39312,1,13.4,7,15,1,3,0,3,183,0,0,0,0,42,20,0,13,21,2,4
82936,1,49.4,3,15,0,1,1,0,1688,0,0,0,0,18,10,0,8,21,4,0
46101,1,107.93,12,15,0,1,0,2,1247,0,0,0,0,40,10,1,5,28,8,3
80811,1,42.2,22,14,0,2,0,3,528,0,0,0,0,27,0,0,5,22,9,0
96494,1,21.39,10,16,0,0,0,0,2228,0,0,0,0,22,0,0,6,31,3,0
73621,1,12.64,10,13,0,1,0,5,2220,0,0,0,0,24,20,0,20,3,12,2
18626,1,43.56,16,14,0,0,0,4,2086,0,0,0,0,18,0,0,22,3,9,2
59926,0,29.4,11,14,0,5,1,2,39,0,0,1,1,15,60,0,20,19,7,5
28618,0,25.44,10,15,0,0,0,1,1606,0,0,0,1,23,15,0,12,10,2,0
99962,1,39.48,18,26,0,1,0,2,257,0,0,0,1,13,0,0,23,29,4,1
38673,1,31.74,15,18,0,0,0,0,1714,0,0,0,0,11,0,0,7,1,5,3
54794,1,55.21,3,21,0,3,0,3,2215,0,0,0,0,8,0,0,2,19,11,2
95752,1,82.48,9,21,0,2,1,0,362,0,0,0,0,17,10,0,14,14,1,1
83114,1,16.47,12,14,0,4,0,1,464,0,1,0,0,28,30,0,18,13,8,2
85502,1,156.41,13,18,0,7,1,3,451,0,0,0,0,37,35,1,16,21,9,6
90544,1,41.38,10,27,0,0,0,2,2138,0,0,0,0,38,10,0,22,7,9,6
60939,1,28.11,13,18,0,1,0,4,88,0,0,0,0,35,0,0,8,3,5,5
35882,1,16.61,17,20,0,1,0,2,1286,0,0,0,0,22,0,0,12,25,2,1
43742,1,20.51,15,23,0,0,0,1,2488,0,0,0,0,26,0,0,22,21,5,2
25439,0,42.83,12,17,0,6,0,0,243,0,0,0,1,19,30,0,20,22,9,0
44021,0,64.23,10,17,0,1,0,1,890,0,0,0,0,35,15,0,3,13,4,6
61822,0,33.2,17,21,1,2,0,4,2092,0,0,0,1,24,25,0,8,31,3,0
38880,1,934.28,19,31,1,6,0,4,1219,0,0,0,0,15,40,1,18,7,6,5
35433,1,2.74,5,17,1,3,0,8,264,0,0,0,0,36,40,0,14,6,2,3
97116,1,39.13,14,17,0,2,0,5,1205,0,0,0,1,11,20,0,10,17,2,0
16029,1,13.32,12,12,0,1,0,3,884,0,0,1,0,16,20,0,23,13,10,0
82439,1,83.39,13,22,0,4,0,2,1481,0,0,0,0,38,25,0,10,1,2,5
90308,1,10.12,14,16,0,2,0,2,647,0,0,0,0,15,0,0,16,27,7,6
13116,1,11.97,10,17,0,1,0,1,1019,0,0,0,0,7,0,0,11,27,4,6
86589,1,54.94,23,17,0,4,0,1,204,0,0,0,0,14,15,0,8,27,10,0
35145,0,20.14,2,19,0,1,0,2,889,0,0,0,0,19,15,0,4,14,3,4
73713,1,3.43,13,18,0,2,0,1,1688,0,0,0,0,19,0,0,18,22,6,6
73825,1,51.14,11,21,1,3,0,1,840,0,0,0,0,27,10,0,8,7,8,3
86986,1,61.12,9,23,0,2,0,1,1328,0,0,0,1,13,0,0,11,8,6,6
14561,0,33.3,7,15,0,1,0,3,1177,0,0,0,0,43,25,0,7,6,12,5
30620,1,27.14,4,13,0,2,0,5,2450,0,0,0,0,10,20,0,21,3,11,0
18946,1,82.04,15,18,0,3,0,1,1337,0,0,0,0,35,0,0,11,27,11,3
60697,1,1041.48,3,19,0,1,0,0,281,0,0,0,0,15,15,0,16,8,1,2
10620,1,27.69,10,15,0,0,0,3,287,0,0,0,0,4,0,0,0,13,10,0
72184,0,8.76,16,22,0,1,0,4,577,0,1,0,1,14,30,0,10,2,6,0
82955,1,48.18,4,20,0,0,0,3,1818,0,0,0,0,35,0,0,0,20,2,3
86495,1,671.82,13,17,0,3,1,2,631,0,0,0,0,30,25,1,2,19,11,2
94082,1,63.45,7,17,0,2,1,3,1077,0,0,0,0,38,20,0,18,25,1,5
22243,1,30.92,16,19,0,0,1,3,1798,0,0,0,1,14,10,0,1,13,10,0
43163,1,5.17,11,18,0,2,1,2,1337,0,0,0,0,43,20,0,21,13,11,3
24495,1,33.65,15,17,0,2,0,7,985,0,0,0,1,44,30,1,10,9,5,4
93453,1,58.66,18,18,0,0,0,5,550,0,0,0,0,35,20,0,2,12,5,0
37267,0,42.97,14,23,0,3,0,2,961,0,0,0,1,15,15,0,7,9,1,3
54092,1,25.79,12,18,0,4,0,4,1725,0,0,0,0,14,15,1,5,5,8,1
47928,1,26.83,11,12,0,3,1,0,399,0,0,0,0,17,10,0,3,30,8,5
49273,0,4.53,15,17,0,1,0,1,1176,0,0,0,0,13,15,0,13,17,4,3
48608,1,31.6,7,19,0,0,0,1,2208,0,0,0,0,35,0,0,10,24,12,2
59491,0,4.78,15,20,0,3,0,2,1009,0,0,0,0,32,15,0,13,15,12,0
20687,0,4.85,12,23,1,4,0,0,1745,0,0,0,0,11,40,0,7,19,9,4
38781,1,68.43,9,23,1,3,0,2,2091,0,0,0,0,8,10,0,21,30,12,1
77123,1,27.12,3,13,0,0,0,5,880,0,0,0,1,5,20,0,4,23,7,2
81930,1,65.54,19,27,0,1,0,1,1170,0,0,0,0,32,0,0,1,16,1,3
74277,1,21.35,6,12,0,4,1,11,483,0,0,0,0,40,55,0,4,27,9,5
23133,1,14.59,9,15,0,2,0,4,666,0,0,0,0,15,0,0,12,10,7,3
51124,1,70.07,16,15,0,3,0,2,664,0,0,0,1,18,0,0,11,3,7,3
72923,0,8.33,6,14,1,0,0,3,1331,0,0,0,0,4,25,0,9,13,8,2
39967,1,92.67,16,21,0,0,0,3,672,0,0,1,0,30,20,1,19,6,9,5
34439,0,48.92,4,20,1,1,1,1,560,0,0,0,0,5,35,0,18,9,9,1
47112,1,40.36,19,21,0,0,1,2,666,0,0,0,1,44,20,0,20,14,1,1
75925,0,22.67,15,17,0,0,1,4,2148,0,0,0,2,3,35,0,22,24,8,6
21485,1,28.53,7,23,0,1,0,12,762,0,0,0,0,9,20,0,12,20,7,6
59643,1,20.57,13,14,0,1,0,2,2146,0,0,0,0,4,0,0,13,7,4,0
36399,0,48.07,1,21,0,0,0,2,1349,0,1,0,1,7,30,0,19,27,9,5
32427,1,107.49,15,14,0,1,0,4,1708,0,0,0,0,32,0,0,15,23,8,5
65493,0,91.37,2,18,0,1,0,3,566,0,0,0,0,19,15,0,12,5,8,1
35895,1,44.23,17,10,0,5,0,1,1254,0,0,1,0,39,45,1,10,12,4,5
56206,0,71.12,10,22,0,4,0,2,158,0,0,0,0,12,30,0,18,18,9,3
67929,1,3.72,6,17,0,4,0,2,1228,0,0,0,1,17,15,0,3,3,1,4
17873,1,59.54,12,17,0,0,0,2,398,0,0,0,1,26,0,0,2,26,2,2
13203,1,52.12,7,21,0,1,0,1,769,0,0,0,0,12,0,0,15,2,10,3
73409,1,10.73,4,14,0,0,0,1,713,0,1,0,1,6,15,0,15,11,5,6
71460,0,44.94,17,21,0,1,0,3,1427,0,1,0,0,23,30,0,14,29,1,2
22822,1,26.18,0,24,0,1,0,1,225,0,0,0,0,39,10,0,6,10,11,0
18455,0,41.73,0,15,0,1,0,1,368,0,0,0,1,31,15,0,5,30,3,6
95045,1,71.08,8,13,0,1,1,2,1145,0,0,0,1,15,10,0,17,3,9,2
72546,0,9.52,7,16,0,1,0,2,1441,0,0,0,1,29,15,1,6,26,1,6
18464,1,45.87,11,20,0,3,1,1,574,0,0,0,0,22,10,0,18,17,11,0
57148,0,44.11,20,23,0,0,0,0,1654,0,0,0,0,4,15,0,2,29,6,6
31826,1,817.25,11,13,0,1,1,2,42,0,0,1,0,34,45,0,3,2,8,5
97082,0,18.12,12,16,0,0,0,5,2194,0,0,0,0,19,35,0,7,19,1,6
25821,1,34.48,15,25,0,1,0,1,1433,0,0,0,1,18,0,0,6,26,2,2
72621,0,19.65,18,17,0,3,0,3,861,0,0,0,0,5,15,0,14,24,11,0
72788,0,75.31,11,13,1,1,0,2,1472,0,0,0,1,12,25,0,2,2,11,6
25203,1,18.51,6,10,1,1,0,0,97,0,1,0,0,33,25,0,23,4,6,2
15418,1,422.87,9,22,0,1,0,4,2407,0,0,0,0,9,0,0,5,1,4,1
37630,1,23.49,13,15,0,0,0,4,1302,0,0,0,1,17,0,0,10,30,8,5
24703,1,71.5,9,13,0,2,0,0,1872,0,0,0,0,3,0,0,15,20,1,0
40173,1,26.6,7,11,0,1,0,3,66,0,0,0,0,41,10,0,18,11,4,4
23345,1,46.03,14,13,0,2,0,1,394,0,0,0,0,29,0,0,1,6,10,0
15924,1,56.89,13,19,1,1,1,3,2120,0,0,0,0,32,20,0,9,10,8,6
88208,1,6.65,7,17,0,5,1,4,1886,0,0,0,0,24,25,0,10,21,2,4
26999,1,43.79,16,22,0,0,0,0,303,0,0,0,0,36,10,0,5,3,11,0
27906,1,91.22,13,27,0,0,0,2,349,1,0,0,0,32,25,0,7,24,2,0
53125,1,64.0,11,20,0,6,1,3,2232,0,0,0,0,40,35,0,20,7,3,4
38541,1,23.96,14,15,1,0,0,0,239,0,0,0,0,39,20,0,20,6,11,3
72833,1,38.92,8,17,0,2,0,3,1621,0,0,0,1,27,0,0,22,26,1,6
25927,1,29.92,10,17,0,0,1,1,1907,0,0,0,0,16,10,0,13,3,9,2
56980,1,40.62,6,18,0,2,0,0,1483,0,0,0,1,8,0,0,19,23,12,1
67679,1,64.01,14,18,0,0,0,3,1903,0,0,0,0,30,0,0,6,12,6,3
42325,1,50.81,3,16,0,0,0,0,705,0,0,0,0,11,0,0,16,24,6,1
33687,1,44.2,13,23,0,1,0,1,1525,0,0,0,0,3,0,0,4,5,7,5
81725,1,12.06,14,23,0,3,0,2,2316,0,0,0,0,42,10,0,0,23,4,2
51414,1,25.63,18,12,0,1,0,4,568,0,1,0,0,23,15,0,10,3,11,0
48524,1,86.87,13,21,1,1,0,2,94,0,0,0,0,42,20,0,20,2,9,1
72486,0,38.69,8,16,0,2,0,1,189,0,0,0,0,35,15,0,4,3,7,3
52861,0,38.43,13,27,1,4,0,4,2110,0,0,0,0,19,40,0,23,14,8,3
83521,0,6.85,10,11,0,1,0,0,753,1,0,0,1,21,40,0,15,1,6,6
45539,1,9.95,10,24,0,0,0,4,621,0,0,0,1,29,0,0,3,13,3,3
21882,0,22.02,0,16,0,1,0,2,2147,0,0,0,0,30,15,0,21,31,10,4
53048,1,15.02,13,17,0,5,0,3,175,0,0,0,0,29,15,0,5,11,9,3
79769,1,56.13,14,19,0,3,1,3,1193,0,0,0,1,10,10,0,1,18,1,5
76502,1,58.19,7,18,0,1,0,3,2277,0,0,0,0,9,0,0,7,28,12,6
74560,1,21.77,18,23,0,1,0,3,2155,0,0,0,0,40,10,0,19,14,6,5
80704,1,12.72,11,18,0,6,1,0,1921,0,0,0,0,38,35,0,3,2,10,3
89450,1,17.7,7,19,0,5,0,1,2340,0,0,0,0,2,15,0,5,23,10,3
55653,1,83.58,14,22,0,2,0,3,1856,0,1,0,0,35,15,0,23,17,6,1
44783,1,50.19,15,15,1,3,1,4,1240,0,0,0,0,35,20,0,22,12,6,3
26659,1,32.02,16,19,0,2,0,3,864,0,0,0,0,14,0,0,9,31,1,4
92922,0,58.01,15,21,0,2,0,2,341,0,0,1,0,38,45,0,6,24,8,6
86556,0,15.79,8,18,0,1,1,1,434,0,0,0,1,17,25,0,16,13,4,6
70263,1,37.22,5,13,0,1,1,3,756,0,1,0,0,10,25,0,2,14,12,6
54814,1,73.61,10,12,0,1,0,1,2350,0,0,1,1,28,20,0,9,26,10,6
80794,1,13.41,13,11,0,2,1,1,855,0,1,0,0,4,25,0,13,4,2,1
32164,1,50.53,23,23,0,4,0,0,834,0,1,0,0,23,30,0,1,17,8,6
12552,1,438.09,17,15,0,0,0,4,363,0,0,0,0,34,0,0,8,27,3,3
88453,1,34.18,13,21,0,0,0,2,1875,0,0,0,1,21,0,0,5,1,9,0
24338,1,0.04,12,15,0,3,0,2,193,0,0,0,0,39,10,1,0,18,4,4
17872,0,811.93,12,18,0,7,1,2,948,0,0,0,2,13,65,0,3,6,10,0
72838,1,27.9,18,7,0,1,0,3,2267,0,0,0,0,38,10,0,8,20,3,3
85494,1,7.0,6,25,0,0,0,2,1504,0,0,0,0,27,0,0,21,5,4,5
61790,0,50.0,15,23,0,2,0,4,1230,0,0,0,0,38,25,0,13,22,2,5
69084,1,16.65,6,10,1,1,1,1,1409,0,0,0,1,38,30,0,15,21,3,4
12568,0,43.54,12,15,1,1,0,0,1462,0,0,0,0,37,35,0,0,31,3,0
77382,1,71.98,15,16,1,3,1,2,1777,0,0,0,0,36,30,1,3,14,2,4
16268,1,58.14,18,21,0,1,0,1,778,0,0,0,1,14,0,0,7,3,7,3
11766,1,84.14,14,13,1,0,0,0,804,0,0,0,0,31,10,0,8,8,12,0
24333,1,43.59,8,24,0,0,0,3,1522,0,1,0,1,26,15,0,10,8,12,0
76894,0,69.28,11,24,0,0,0,7,2300,0,0,0,1,23,35,0,7,28,7,0
91938,1,8.18,21,22,1,1,0,1,1771,0,0,0,2,21,20,0,12,2,7,2
29364,0,58.98,10,13,0,0,1,4,1169,0,0,0,0,17,25,0,0,17,8,6
83294,1,25.93,16,18,0,0,1,3,729,0,0,0,0,4,10,0,21,15,12,0
54966,1,26.65,18,17,0,0,0,1,309,0,0,0,1,12,0,0,15,16,3,6
45435,1,72.67,6,10,0,1,0,2,340,0,1,0,0,18,15,0,17,9,11,6
61796,1,49.1,10,16,0,0,0,0,1647,0,0,0,0,34,0,0,10,22,2,5
48646,1,23.87,14,25,0,0,0,1,862,0,0,0,1,33,0,0,15,14,10,1
78033,1,59.99,18,15,0,1,1,3,799,0,0,0,0,26,10,0,21,7,3,4
84870,1,34.4,12,16,1,2,0,2,952,0,0,0,0,39,20,1,18,30,8,5
97612,1,59.99,16,24,0,1,1,4,1315,0,0,0,0,26,10,0,19,13,10,0
71182,1,22.03,11,19,0,2,0,0,2242,0,0,0,0,26,0,0,21,4,10,5
95959,1,53.05,11,26,0,3,0,2,1728,0,0,0,0,44,10,0,2,29,7,1
23034,1,63.32,7,20,0,2,0,2,1218,0,0,0,0,38,10,0,2,14,9,6
23952,0,20.36,6,24,0,0,1,3,480,0,0,0,0,12,25,0,16,21,10,1
34998,1,1.53,13,20,0,2,0,1,2171,0,0,0,1,24,0,0,4,10,10,4
95724,0,12.2,20,22,1,1,0,1,1142,0,0,0,0,22,25,0,18,23,7,2
68477,1,42.1,13,15,0,1,1,1,1612,0,0,0,0,3,10,0,11,28,8,3
56212,1,71.34,1,17,0,2,0,0,919,0,0,0,0,3,0,0,13,16,11,6
48977,0,75.2,12,22,1,1,0,9,2387,0,0,0,0,36,55,0,15,23,10,3
37891,1,34.73,6,22,0,0,1,2,517,0,0,0,0,15,10,0,8,23,8,5
28411,0,114.19,6,15,0,1,0,4,2059,0,0,0,1,8,15,0,10,14,11,4
88185,0,19.88,1,20,0,0,0,3,1216,0,0,0,0,27,15,0,12,8,5,3
60570,1,41.12,12,20,0,5,0,2,1271,0,0,0,2,22,25,0,8,30,11,6
82282,1,77.1,1,19,0,4,0,3,954,0,0,0,0,18,15,0,18,25,8,0
24165,1,43.18,19,15,0,3,0,0,819,0,0,0,0,2,0,0,22,3,5,5
85107,0,6.1,6,16,1,1,0,1,855,0,0,0,0,43,35,0,12,15,1,2
74701,1,83.16,13,14,0,2,0,2,490,0,0,0,0,26,0,0,12,27,7,6
25982,1,25.63,6,16,0,1,0,3,899,0,0,0,0,40,10,0,13,24,11,0
18471,0,91.92,20,18,1,0,0,3,1385,0,0,0,0,26,25,0,4,31,10,4
19285,1,26.67,20,20,0,1,0,1,904,0,0,0,0,32,0,0,15,15,10,2
85866,0,30.63,11,21,1,0,0,2,1786,0,0,0,0,27,25,0,15,27,10,0
66790,1,20.19,10,17,0,6,1,3,96,0,1,0,1,26,40,0,7,22,3,5
53027,1,26.9,9,14,0,1,0,3,841,0,0,0,0,43,10,0,4,25,12,3
31040,1,46.77,23,12,0,3,1,1,1853,1,0,0,0,30,35,0,6,19,11,2
84796,1,17.77,13,22,0,2,0,5,1684,0,0,0,0,24,20,0,15,5,8,1
18329,1,86.62,7,25,0,0,1,3,2325,0,0,0,0,13,10,0,15,9,12,1
64789,1,52.79,16,17,0,1,0,3,982,0,0,0,1,2,0,0,0,18,5,6
27908,1,3.98,17,14,0,1,0,9,1104,0,0,0,0,20,20,0,1,26,8,1
24956,0,13.01,1,13,0,0,1,1,1332,0,1,0,0,43,50,0,10,5,7,5
14799,0,5.09,19,17,1,3,0,9,204,0,0,0,1,34,45,1,5,23,2,6
80230,1,46.37,13,11,1,0,0,6,165,0,0,0,1,26,30,1,17,16,6,0
52444,1,27.9,10,18,0,0,0,3,1518,0,0,0,0,27,0,0,14,11,2,1
40317,1,57.79,20,18,0,1,0,0,694,1,0,0,0,33,25,0,18,5,1,6
21889,0,9.28,8,17,0,3,0,2,1342,0,0,0,1,17,15,0,17,2,5,4
18391,1,59.36,12,14,0,0,0,7,2295,0,0,0,2,32,30,0,13,5,3,2
86003,1,31.94,11,23,0,2,0,2,449,0,0,0,0,15,0,0,0,20,5,1
54151,1,33.25,13,20,0,2,0,5,1192,0,1,0,0,34,35,0,1,28,1,1
66870,0,52.32,5,12,0,0,1,3,1034,0,0,0,1,20,25,0,2,18,6,2
73627,0,27.77,1,21,0,2,0,0,2472,0,0,0,1,29,15,0,5,30,11,6
79833,1,57.42,13,33,0,3,0,4,1596,0,0,0,0,20,0,0,3,15,5,3
91581,1,10.67,12,9,0,2,0,1,1381,0,0,0,0,32,0,0,21,26,11,2
89059,0,41.34,3,26,0,2,0,3,2075,0,0,0,0,43,25,1,3,19,4,5
71824,1,586.41,11,17,0,0,0,0,743,0,0,0,1,38,25,0,7,5,4,5
93557,0,36.68,11,14,0,0,0,0,2191,0,0,0,0,36,25,0,6,19,3,2
49958,1,37.41,17,24,0,1,0,1,910,0,0,0,1,40,10,0,4,30,10,3
69201,1,40.92,17,18,1,4,1,1,2166,0,0,0,0,9,35,0,12,26,4,5
45022,0,16.33,15,20,0,1,1,3,2232,0,0,0,0,36,35,0,6,10,8,6
70443,1,176.03,13,22,0,0,0,2,944,0,0,0,0,32,0,0,0,29,5,3
33601,1,73.46,7,25,0,3,0,3,1128,0,0,0,0,4,0,0,23,5,4,5
50623,1,14.8,20,18,0,3,0,3,134,0,0,0,0,21,0,0,3,18,9,3
58507,1,104.05,3,9,0,4,0,2,924,0,0,0,0,15,15,0,16,8,12,0
30823,1,53.27,9,19,0,0,1,0,1205,0,0,0,1,11,10,0,8,11,11,1
65300,1,23.42,19,17,0,0,0,0,115,0,0,1,0,6,20,0,7,31,1,4
13306,1,54.24,10,6,0,1,0,2,1215,0,0,0,0,16,0,0,10,30,6,0
51352,1,48.84,11,22,0,4,0,2,1837,0,0,0,0,22,15,0,9,1,4,1
88388,1,52.24,3,17,0,0,0,1,1534,0,0,0,1,43,10,0,4,31,10,4
50898,0,92.37,12,19,0,7,0,0,1575,0,0,0,0,23,30,0,4,1,8,4
37008,1,51.58,18,19,0,0,0,0,1624,0,0,0,0,19,0,0,13,1,10,2
24012,1,22.61,5,20,0,2,0,0,1070,0,0,0,0,38,10,0,17,26,10,6
66067,1,33.33,14,13,1,3,1,1,1800,0,0,0,0,2,20,0,17,4,7,4
60541,1,97.07,5,18,0,2,0,1,1404,0,0,0,0,30,0,0,20,9,11,6
86796,0,59.11,14,19,0,1,0,4,275,0,0,0,0,11,15,0,14,17,11,0
11465,1,367.44,1,21,0,0,0,1,1967,0,0,0,1,23,0,0,13,24,8,6
66498,1,23.34,15,21,0,2,0,2,612,0,0,0,0,38,10,0,21,31,8,6
61251,1,62.39,22,23,0,0,1,0,1539,0,0,0,1,16,10,0,9,9,8,5
81803,1,10.23,15,28,0,1,0,3,1952,0,0,0,0,31,0,0,13,23,11,6
10969,1,364.13,12,23,0,1,0,3,2060,0,0,0,2,31,10,0,14,27,4,6
13868,0,62.22,12,15,0,4,0,1,60,0,0,0,0,23,30,0,22,4,5,6
17187,1,28.2,9,12,1,1,0,0,1621,0,0,0,1,39,20,0,20,9,1,3
26181,1,95.05,17,24,0,6,1,2,1491,0,0,0,1,20,25,0,2,10,3,0
46181,0,31.91,18,18,0,0,0,1,707,0,0,0,2,40,35,1,19,23,5,4
65607,1,0.77,5,29,0,0,0,1,428,0,0,0,0,15,0,0,2,16,6,0
12933,1,41.93,17,14,0,1,0,2,1547,0,0,0,1,6,0,0,11,20,11,3
31302,1,29.91,10,20,0,3,0,3,2281,0,0,0,0,18,0,0,10,14,5,2
89524,1,14.8,17,19,0,2,0,2,2324,0,0,0,0,18,0,0,22,19,4,5
81920,1,11.96,6,14,0,2,0,2,2373,0,0,0,0,16,0,0,19,27,1,0
16162,1,49.05,16,14,1,1,0,2,951,0,0,0,0,28,10,0,8,19,9,4
34827,0,41.23,0,20,0,0,0,2,718,0,0,0,0,6,15,0,11,28,1,1
92802,1,16.03,20,18,0,2,0,5,2322,0,0,1,1,20,40,0,13,14,7,0
70693,1,1133.21,18,22,0,1,0,3,700,0,0,0,1,37,25,0,0,17,12,2
87870,1,72.59,15,16,0,3,0,3,1990,0,0,0,0,39,10,0,6,5,6,3
20319,1,51.73,13,19,0,0,0,2,2066,0,0,0,0,40,10,0,11,13,2,3
52548,1,52.48,11,25,0,2,0,2,2113,0,0,0,1,22,0,0,17,28,4,0
76553,1,12.53,7,23,0,1,0,4,485,0,0,0,0,8,0,0,16,28,5,2
74458,0,94.65,9,12,0,3,0,1,219,1,0,0,1,14,40,0,21,6,1,0
46375,1,82.65,6,16,0,1,1,3,2401,0,0,0,1,25,10,0,22,30,1,3
95521,1,45.68,7,15,0,1,1,1,1306,0,0,0,0,33,10,0,20,7,2,4
84107,1,85.94,17,14,0,2,0,4,2262,0,0,0,1,5,0,0,14,15,11,5
57472,0,59.64,8,20,0,0,0,4,1105,0,0,0,0,31,15,0,7,6,1,0
87818,1,21.84,7,25,0,3,0,1,326,0,0,0,1,21,0,0,7,17,9,2
61541,0,36.4,10,17,0,1,0,3,1427,0,0,0,0,21,15,0,4,8,11,5
83745,1,47.97,17,15,0,1,0,2,2166,0,0,0,0,43,10,0,12,17,7,3
69687,0,45.29,12,15,0,6,0,1,192,0,0,0,0,24,30,0,10,19,11,2
28806,1,37.7,20,15,1,5,1,1,611,0,0,0,0,29,35,1,9,1,11,5
42894,1,84.76,17,27,0,0,0,0,212,0,0,0,0,18,0,0,1,5,4,5
46641,1,90.13,13,14,0,1,0,1,395,0,0,0,0,21,0,0,8,27,6,4
51053,1,33.67,23,16,0,1,0,1,1598,0,0,0,0,1,0,0,5,22,8,4
90924,1,1.42,1,13,0,1,0,3,1751,0,0,1,0,33,20,0,13,18,4,4
71357,1,21.4,15,16,0,0,0,0,311,0,0,0,0,42,10,0,11,5,4,5
94110,1,104.11,0,17,0,0,0,0,352,0,0,0,1,33,0,0,16,24,2,0
45349,1,46.09,9,14,0,2,0,3,1855,0,0,0,0,42,10,0,21,3,5,5
61674,1,19.83,16,21,0,2,0,2,2445,0,0,0,0,37,10,0,3,5,6,3
95217,1,22.56,16,29,0,2,0,3,1080,0,0,0,0,12,0,0,11,11,11,1
68770,1,39.32,16,24,0,1,0,1,1414,0,0,0,0,26,0,0,4,3,6,1
65553,1,40.32,6,18,0,3,0,0,2410,0,0,0,0,32,0,0,18,9,2,6
49309,1,64.66,15,22,0,1,0,4,367,0,0,0,0,14,0,0,23,12,11,2
91990,1,21.56,6,15,0,2,0,1,1497,0,0,0,0,7,0,0,12,23,11,6
55663,0,81.23,18,17,0,4,0,1,762,0,0,0,0,13,30,0,8,5,11,2
96708,0,233.72,19,14,0,3,1,1,2452,0,0,0,1,28,25,0,22,1,8,4
65901,0,39.29,9,20,0,0,1,1,436,0,0,0,0,11,25,0,2,24,7,3
12435,1,37.89,12,26,0,2,0,3,2128,0,0,0,0,22,0,0,0,18,3,1
47775,1,13.05,10,20,0,2,0,1,864,0,0,1,0,31,20,0,17,13,7,6
46771,1,671.05,19,27,1,4,0,0,688,0,0,0,0,38,50,0,17,28,1,1
30520,1,83.94,7,15,0,2,0,1,2451,0,0,0,0,35,0,0,15,4,5,6
49084,1,0.31,1,16,0,1,0,0,1856,0,0,1,1,43,30,0,12,22,6,6
91350,1,53.48,15,16,0,1,0,1,538,0,0,0,0,23,0,0,11,30,11,6
26820,1,415.22,22,22,0,1,0,7,943,0,0,0,0,3,20,0,3,2,6,0
31124,1,22.41,15,13,0,4,0,1,1662,0,0,0,0,27,15,0,2,2,12,1
66725,1,28.45,22,14,1,2,0,1,2306,0,0,0,0,41,20,0,5,14,8,3
29718,1,73.02,7,18,0,1,0,1,38,0,0,0,1,1,0,0,2,13,11,3
35474,1,51.4,18,15,0,7,1,3,2036,0,0,0,0,2,25,0,22,11,7,4
42166,1,34.67,4,18,0,2,0,3,2189,0,0,0,1,10,0,0,9,23,2,6
84788,1,92.97,18,25,0,0,0,3,421,0,0,0,0,38,10,0,13,17,4,3
94165,0,243.15,12,21,0,1,0,2,761,0,0,0,1,5,15,0,18,4,12,3
23784,1,49.94,17,18,0,4,0,7,525,0,0,0,0,44,45,0,20,5,4,5
64902,1,5.45,11,26,0,1,0,2,1340,0,0,0,0,4,0,0,1,23,1,3
21573,1,69.12,0,12,0,6,0,1,120,0,0,0,0,44,25,0,8,8,1,2
40831,1,39.64,16,16,0,1,1,3,208,0,0,0,1,24,10,0,16,12,11,2
39563,1,1.78,15,27,0,1,1,1,312,0,0,0,1,7,10,0,2,17,4,3
62518,1,53.63,3,21,0,0,0,2,1766,0,0,0,0,24,0,0,10,12,7,5
50744,0,16.65,10,21,0,1,0,1,1118,0,0,0,0,8,15,0,18,4,2,1
20560,0,6.07,1,7,1,1,0,3,2220,0,0,0,0,27,25,0,0,22,8,4
39160,1,3.88,9,20,0,1,0,0,2247,0,0,0,1,13,0,0,22,19,11,2
56662,1,1.92,23,20,1,2,1,1,375,0,0,1,0,37,50,0,22,13,11,3
12900,1,7.17,16,16,0,1,0,2,1925,0,0,0,0,11,0,0,22,18,9,3
47574,1,60.92,12,23,0,1,0,2,1050,0,0,0,0,16,0,0,15,10,3,0
43006,1,18.86,6,18,0,0,0,5,1470,0,0,0,0,11,20,0,10,9,12,1
99092,1,13.63,2,20,0,1,0,1,1416,0,0,0,1,6,0,0,5,8,12,0
10334,1,12.59,13,14,0,1,1,3,1889,0,0,0,0,21,10,0,3,15,5,3
15938,1,166.78,11,15,0,4,1,3,823,0,0,0,1,26,25,0,20,25,7,4
51644,0,19.57,16,21,0,3,0,2,203,0,0,0,1,5,15,0,3,6,9,5
12149,1,44.12,11,17,0,1,1,1,385,0,0,0,0,9,10,0,17,18,12,3
67252,1,54.43,13,19,0,0,0,0,526,0,0,0,0,34,0,0,1,7,11,4
37129,1,48.61,8,20,0,1,0,2,1088,0,0,0,0,5,0,0,7,27,3,3
30305,1,27.21,10,20,1,0,0,0,1072,0,0,0,0,1,10,0,3,23,3,6
36835,1,72.47,11,15,0,0,0,2,501,0,0,0,1,42,10,1,21,26,6,3
19108,1,48.89,18,18,1,2,1,2,2286,0,0,1,1,33,40,1,15,10,3,0
58873,1,29.54,15,13,0,1,0,2,2370,0,0,0,1,7,0,0,19,22,2,5
62747,1,28.13,10,11,0,1,0,3,2367,0,0,0,0,9,0,0,22,28,11,4
21568,1,51.57,8,19,0,0,1,3,160,0,0,0,1,8,10,0,14,22,1,2
10891,1,54.17,17,9,0,3,0,5,1196,0,0,0,0,38,30,0,5,18,6,2
45085,1,33.91,12,20,0,1,0,2,553,0,0,0,1,23,0,0,8,15,4,1
71936,1,2.13,9,19,0,0,1,1,1682,0,0,0,0,32,10,0,23,12,8,1
69422,1,20.28,19,24,1,1,0,3,1499,0,0,1,0,34,30,0,2,14,9,6
75359,0,36.57,9,16,0,2,0,9,1719,0,0,0,0,20,35,1,11,1,1,2
89068,1,43.87,19,15,0,1,0,4,2330,0,1,1,0,43,45,0,1,15,3,5
64437,0,4.92,8,19,0,3,0,3,597,0,1,0,0,23,30,0,21,19,4,5
67959,1,40.36,14,13,0,3,1,0,2015,0,0,0,0,26,10,1,13,3,10,4
84498,1,109.6,10,22,0,1,0,3,31,0,0,0,0,23,0,0,22,23,10,3
90575,0,42.45,10,13,0,1,0,4,1237,0,0,0,1,35,15,0,9,9,9,1
41977,1,47.25,0,14,0,1,0,2,180,0,0,0,0,21,0,0,21,1,7,1
85846,0,54.97,0,11,0,0,0,0,2269,0,0,0,0,6,15,0,8,23,5,4
38341,1,42.9,9,19,0,4,0,1,1972,0,0,0,1,21,15,0,6,5,2,2
48082,1,24.01,21,22,0,0,0,2,1608,0,0,0,1,8,0,0,16,5,9,4
62519,1,54.66,11,15,1,3,0,3,429,0,0,0,0,31,10,0,4,24,3,0
97423,1,35.74,6,26,0,3,0,3,2324,0,0,0,0,19,0,0,15,8,2,5
92178,1,89.96,14,25,0,1,1,0,959,0,0,0,1,28,10,0,15,21,8,3
24284,0,41.18,14,30,0,2,1,2,1585,0,0,0,0,19,25,1,1,6,5,1
87709,1,33.22,17,20,0,2,0,2,202,0,0,0,1,39,10,0,11,6,5,1
90062,1,17.58,16,12,0,2,0,0,1362,0,0,0,0,36,10,0,2,26,5,0
38527,1,53.1,13,9,0,4,1,2,421,0,0,0,1,27,25,0,13,24,12,2
50361,1,788.16,4,20,0,0,0,3,1397,0,0,0,0,32,15,0,10,20,11,3
63508,0,89.99,6,18,0,4,1,1,2360,0,0,0,1,12,40,0,13,17,3,0
37447,1,25.19,16,25,0,1,0,1,144,0,1,0,0,35,15,0,5,8,10,2
17591,0,41.16,3,17,0,3,0,3,43,0,0,0,0,5,15,0,5,23,12,1
34680,1,70.96,18,16,0,0,0,0,1156,0,0,0,0,14,0,0,9,13,8,2
82499,1,500.26,16,22,0,2,0,0,838,0,0,0,0,14,15,0,20,3,7,3
94251,0,44.23,11,28,0,2,0,2,2476,0,0,0,0,6,15,0,1,20,3,3
65951,1,71.88,16,14,0,2,0,2,1246,0,0,0,0,35,0,0,20,11,9,3
40156,1,5.18,2,14,1,2,0,1,2353,0,0,0,0,28,10,0,22,22,10,2
83994,1,42.13,11,28,0,0,0,4,1749,0,0,1,0,33,20,0,13,25,8,0
53397,1,46.16,17,23,1,3,0,1,1818,0,0,0,1,22,10,0,9,2,5,4
94775,1,55.48,19,16,0,1,1,0,1990,0,0,0,0,44,20,0,3,7,2,4
82824,1,6.37,10,20,0,6,1,1,1799,0,0,0,1,25,25,0,0,14,6,5
20471,1,47.64,2,20,0,4,0,5,1083,0,0,0,0,1,35,0,8,19,3,2
77696,1,14.79,17,14,0,2,0,1,2231,0,0,0,0,33,0,0,16,27,10,0
99672,1,305.03,2,22,0,2,1,4,2162,0,0,0,0,9,10,0,11,20,3,3
63596,1,43.93,18,18,0,8,0,3,1479,0,0,0,0,37,25,0,9,28,9,6
81781,1,18.21,19,15,0,0,0,0,1814,1,0,0,1,25,25,0,16,13,9,5
15773,1,26.07,12,7,0,1,1,0,2257,0,0,1,0,16,30,0,21,5,12,4
24738,0,16.77,10,23,0,2,0,1,479,0,1,1,0,42,60,0,16,14,4,0
90371,0,79.58,6,14,0,1,0,2,243,0,0,0,0,35,15,0,8,3,4,3
18798,1,18.91,19,18,0,2,0,2,313,0,0,0,0,7,0,0,15,20,1,0
15866,1,1176.39,18,13,0,0,0,2,1109,0,1,0,0,18,30,0,21,13,9,5
88986,1,55.13,12,17,0,3,0,2,1435,0,0,1,1,10,20,0,0,10,5,5
19776,1,39.11,17,13,0,1,0,3,1037,0,0,0,0,40,10,0,1,10,5,5
50395,1,76.85,18,16,0,1,0,1,1884,0,0,1,0,19,20,0,23,3,10,4
61498,1,22.76,18,15,0,0,0,1,568,0,0,0,1,14,0,0,3,20,3,3
67754,1,53.62,10,13,0,0,0,3,162,0,0,0,1,24,0,0,3,13,6,4
14700,1,45.3,4,17,1,0,0,5,2439,0,0,0,0,42,40,0,14,14,11,4
89716,1,34.06,11,13,0,4,0,2,704,0,0,0,0,8,15,0,9,21,9,6
82627,1,24.64,10,19,0,1,1,3,2317,0,0,0,0,41,20,0,20,18,8,0
43580,1,6.5,3,21,0,1,1,3,1483,0,0,0,0,34,10,1,22,27,3,3
18505,1,52.09,14,26,0,2,0,1,1877,0,0,0,0,7,0,0,1,26,6,3
23965,1,43.94,16,21,0,3,0,2,1360,0,0,0,1,1,0,0,14,18,2,1
69166,0,997.62,17,17,0,1,1,4,1074,0,0,0,0,38,50,0,13,29,10,2
91949,1,1.59,16,19,0,2,0,2,1848,0,0,0,0,38,10,0,11,25,7,4
12958,0,91.15,11,15,0,5,0,5,2263,0,0,0,1,4,50,0,9,5,10,6
65736,1,0.39,13,25,0,1,0,3,1651,0,0,0,0,40,10,0,0,6,4,6
59559,1,41.3,5,16,0,0,0,2,112,0,1,0,0,25,15,0,15,22,8,4
54066,1,59.33,12,15,0,0,0,5,465,0,0,0,0,27,20,0,1,30,12,1
21768,1,88.69,11,17,0,2,0,1,508,0,0,0,0,20,0,0,14,15,6,6
72837,1,32.04,11,19,1,1,0,3,986,0,0,0,1,6,10,0,16,6,8,2
67654,1,52.23,14,21,0,1,0,2,2055,0,0,0,0,32,0,0,9,2,11,6
61958,1,9.82,17,19,0,0,1,3,2238,0,0,0,0,12,10,0,21,2,10,3
87354,0,39.5,22,14,0,1,0,2,1591,0,0,0,0,35,15,0,0,3,12,2
54009,1,30.13,13,22,0,3,0,3,1523,0,0,0,1,41,10,0,9,13,5,1
41008,1,76.87,9,21,0,9,0,1,1798,0,0,0,1,20,15,0,20,16,3,6
51240,1,88.72,6,15,0,0,0,0,1992,0,0,0,0,5,0,0,17,24,4,3
52819,1,29.48,10,25,0,1,0,2,888,0,0,0,0,21,0,0,0,1,1,2
96320,1,7.87,13,21,0,2,0,2,2140,0,0,0,0,9,0,0,3,26,11,2
46081,0,58.03,12,18,0,4,0,3,1035,0,0,0,0,13,30,0,10,29,7,1
60857,1,40.22,12,13,0,1,0,3,250,0,1,0,0,2,15,0,5,25,1,5
70135,1,64.09,6,12,0,1,0,0,383,0,0,0,0,12,0,0,4,31,12,2
35700,1,6.51,11,17,0,1,0,2,190,1,0,0,1,30,25,0,19,22,9,0
28591,1,36.37,13,21,0,0,0,6,644,0,0,0,0,26,20,0,4,18,7,4
76265,1,736.11,9,12,0,5,0,0,1920,0,0,0,0,31,30,0,14,9,10,3
94952,1,70.98,15,23,0,0,0,0,780,0,0,0,0,31,0,0,13,3,8,6
40247,1,3.44,10,20,0,1,0,2,1958,0,0,0,0,2,0,0,3,24,3,0
52299,1,18.81,9,15,1,1,0,3,1381,0,0,0,0,5,10,0,4,17,7,3
65464,1,140.59,7,21,0,3,0,1,1087,0,0,0,0,38,10,0,3,4,4,4
19969,1,14.54,0,20,0,1,0,1,2244,0,0,0,0,11,0,0,7,29,7,1
68176,1,26.17,16,24,0,1,0,1,360,0,0,0,0,37,10,0,20,9,10,3
69168,1,46.49,15,15,0,0,0,3,321,0,0,0,0,19,0,0,18,20,1,0
75198,1,42.79,8,18,0,1,0,2,2119,0,0,0,1,23,0,0,21,16,6,0
85190,1,935.22,14,13,0,5,0,2,2345,0,0,0,0,36,40,0,22,31,5,5
82172,1,26.41,6,14,1,3,0,2,1512,0,0,0,0,19,10,0,1,5,8,1
82082,1,32.48,14,20,1,0,0,0,2228,0,0,0,0,2,10,0,22,9,4,2
50211,1,0.86,21,15,0,2,1,4,2322,0,1,0,1,13,25,0,14,3,12,2
95129,1,20.85,15,14,0,1,0,1,1223,0,0,0,0,29,0,0,11,30,3,6
55662,1,53.72,1,17,0,2,0,0,935,0,0,0,0,15,0,0,14,27,6,4
65417,1,52.01,21,24,0,3,0,1,612,0,1,0,0,29,15,0,0,21,12,6
11681,1,47.05,10,23,0,1,0,1,40,0,0,0,2,11,10,0,15,27,5,1
16285,1,15.48,6,22,0,1,0,0,36,0,0,0,0,33,0,0,19,18,7,4
65728,1,49.83,4,13,0,0,0,3,1600,0,0,0,0,22,0,0,3,29,11,5
23285,1,28.1,12,17,0,1,0,4,2042,0,0,0,0,15,0,0,0,2,5,4
30167,0,998.49,8,13,0,1,0,4,297,0,0,0,0,41,40,0,23,5,2,2
67767,1,3.06,14,22,0,7,0,6,427,0,0,0,0,40,45,0,17,25,1,5
54604,1,34.45,15,18,0,3,0,3,462,0,0,0,0,15,0,0,8,19,7,5
84701,1,28.63,23,19,0,0,0,1,1350,0,0,0,1,16,0,0,15,13,4,6
21948,0,80.61,14,20,0,1,0,2,719,0,0,0,0,17,15,0,11,15,3,5
97123,1,42.26,10,25,0,4,1,2,503,0,0,0,0,9,25,0,8,7,6,5
53289,1,34.94,13,12,0,1,0,0,1087,0,0,0,0,42,10,0,5,17,4,3
36445,1,1.18,1,18,0,4,0,1,1708,0,0,0,1,4,15,0,13,12,10,6
97182,0,65.57,17,13,0,2,0,5,2498,0,0,0,1,14,35,0,16,9,8,5
52494,1,26.08,8,18,0,1,0,0,1427,0,0,0,1,18,0,0,18,1,7,1
74800,1,62.76,8,23,0,3,0,2,1936,0,0,0,1,32,0,0,9,11,1,5
93421,0,0.23,6,12,0,1,0,2,104,0,0,0,0,11,15,0,21,23,12,1
75283,1,53.88,12,16,0,0,0,3,1494,0,0,0,0,3,0,0,16,17,9,2
84243,1,16.26,8,11,0,1,0,4,2436,0,0,0,0,23,0,0,23,2,5,4
54031,1,75.58,23,22,0,0,0,1,2458,0,0,0,0,33,0,0,16,21,3,4
93805,1,92.9,6,16,1,3,1,2,1505,0,0,0,0,40,30,1,21,15,10,2
14845,1,25.0,23,16,0,1,0,3,2469,0,0,0,0,41,10,0,15,18,1,5
93578,1,680.81,14,23,0,2,0,1,2415,0,0,0,0,7,15,0,8,27,7,6
32247,1,61.64,8,25,1,1,1,1,790,0,0,0,1,6,20,0,10,31,5,5
68994,1,18.86,6,14,0,1,0,1,2085,0,0,0,0,35,0,0,7,29,9,0
76459,1,37.77,14,12,0,1,0,0,1612,0,1,0,1,33,15,0,11,5,12,4
98253,1,1.02,7,11,0,3,0,0,2272,0,0,0,0,21,0,0,2,2,5,4
88943,1,23.18,9,14,0,2,0,2,720,0,0,0,0,6,0,0,16,12,7,5
68179,1,70.31,13,20,0,0,0,6,2227,0,0,0,0,32,20,0,0,26,12,4
52285,1,36.02,13,19,0,6,0,5,1967,0,0,0,0,7,35,1,1,29,7,1
13932,1,206.25,23,14,0,2,0,3,241,0,0,0,0,42,10,0,10,23,5,4
98220,1,24.94,19,17,0,3,0,1,1011,0,0,0,0,10,0,0,23,3,3,0
12938,1,875.27,12,17,0,2,0,1,1912,0,0,0,2,6,25,0,23,23,3,6
85395,0,115.34,1,18,0,0,1,0,310,0,0,0,0,8,25,0,21,7,12,6
10200,1,494.55,7,11,0,2,0,1,240,0,0,0,0,33,0,0,5,13,10,0
28342,1,51.12,11,16,1,1,1,1,799,0,0,0,0,18,20,1,18,20,6,4
99222,0,1092.21,8,20,0,1,0,3,1508,0,0,0,0,32,30,1,6,12,5,0
73400,0,16.31,16,19,0,1,0,1,1571,0,0,0,0,34,15,0,7,12,11,2
85552,0,38.54,13,24,0,1,1,1,1863,0,0,0,0,25,25,0,7,5,5,0
37251,0,4.24,10,20,0,5,1,1,1113,0,0,0,0,23,40,0,14,1,8,4
76784,1,48.83,19,19,0,0,0,1,166,0,1,0,1,40,25,0,3,2,5,4
72985,0,0.32,7,17,0,4,1,3,1500,0,0,0,1,6,40,0,1,23,11,6
29261,0,57.84,4,17,0,0,0,0,131,0,0,0,0,15,15,0,4,25,7,4
94829,1,28.47,18,22,0,0,0,2,2385,0,0,0,0,16,0,0,16,25,1,5
56167,1,60.15,9,17,0,2,0,2,1524,0,0,1,0,1,20,0,0,16,2,6
34100,0,16.33,18,17,0,6,0,2,1737,0,0,0,1,17,30,0,11,8,2,5
32539,1,78.91,13,20,0,0,0,3,2219,0,0,0,0,41,10,0,13,26,6,3
27721,1,43.79,13,23,0,1,0,2,2473,0,0,1,1,7,20,0,5,16,1,3
81317,1,9.71,23,19,0,4,0,2,2284,0,0,0,0,16,15,0,12,3,6,1
59110,1,27.01,17,19,1,1,0,0,1680,0,0,0,0,24,10,0,12,10,6,1
18145,1,27.35,17,17,0,0,0,4,2024,0,0,0,0,19,0,0,1,7,3,4
91132,1,42.69,10,19,0,4,0,0,1952,0,0,0,0,14,15,0,1,22,1,2
97310,1,42.84,6,14,0,2,0,3,1162,0,0,0,1,34,0,0,8,1,11,5
33568,1,69.65,0,6,0,1,0,2,2164,0,0,0,0,8,0,0,16,30,12,1
35648,1,63.01,9,11,0,0,0,1,2225,0,0,0,0,41,10,1,12,21,1,1
35816,1,26.75,8,15,0,0,1,2,1816,0,0,0,1,12,10,0,16,12,6,3
29044,0,38.46,23,14,0,3,0,3,1057,0,0,0,0,39,25,1,20,19,9,4
54021,1,18.86,16,17,0,1,0,6,1001,0,0,0,0,1,20,0,16,23,5,4
98296,1,8.2,7,15,0,3,0,0,2475,0,0,0,0,28,0,0,9,13,2,3
91386,1,25.78,15,16,0,1,0,3,260,0,0,0,0,15,0,0,9,27,1,0
41537,0,68.98,13,18,0,1,0,0,1804,0,0,0,0,6,15,0,1,12,6,3
21399,1,47.39,14,12,0,0,0,2,1910,0,0,0,0,13,0,0,3,27,1,0
13674,1,45.06,10,23,0,0,0,4,765,0,0,0,0,30,0,0,8,11,8,0
58933,0,84.25,3,14,0,1,1,7,725,0,0,1,0,26,65,0,6,18,8,0
25393,1,9.44,14,15,0,3,0,5,889,0,0,0,0,20,20,1,12,18,10,5
69231,0,5.77,11,28,0,1,1,2,336,0,1,0,0,19,40,0,14,28,12,6
25318,1,59.91,4,24,1,0,1,2,1472,0,0,0,0,25,20,0,21,2,1,3
79974,1,8.77,15,15,0,0,0,1,2449,0,1,0,0,31,15,0,6,22,5,3
23415,0,74.65,12,23,0,1,1,4,1416,0,0,0,0,28,25,0,0,3,1,4
44429,1,51.52,23,18,0,1,0,3,1921,0,0,0,1,41,10,0,4,13,10,0
88195,1,29.13,19,21,0,2,0,1,1298,0,0,0,0,1,0,0,11,28,10,1
50912,1,44.69,0,20,0,6,1,3,2168,0,0,0,0,1,25,1,3,21,1,1
14416,1,54.37,14,15,0,1,0,5,1463,0,1,0,0,15,35,0,11,28,2,4
95591,1,14.89,8,15,0,1,0,5,1044,0,0,1,1,24,40,0,8,5,11,2
71189,1,3.68,9,19,0,0,0,0,807,0,0,0,0,1,0,0,18,30,7,2
68603,1,2.67,12,21,1,1,0,2,409,0,0,0,0,23,10,0,21,6,12,5
69805,1,22.51,15,21,0,0,0,2,1703,0,0,0,0,43,10,0,20,31,1,4
78972,1,45.4,18,26,0,8,0,1,862,0,0,0,0,2,15,0,21,23,2,6
72287,1,263.83,15,11,0,2,0,1,1253,0,0,0,0,11,0,0,0,26,3,2
72372,1,13.54,1,15,0,0,1,2,756,0,0,0,1,19,10,0,8,22,7,1
78166,1,44.07,21,21,0,1,0,3,390,0,0,0,0,13,0,0,21,28,8,3
31848,1,45.58,8,17,0,1,1,2,1841,0,0,0,0,4,10,0,6,3,7,3
57181,1,86.23,15,27,0,3,0,3,887,0,0,0,0,33,0,0,11,22,12,0
37534,1,855.56,13,20,0,1,0,3,1762,0,0,0,0,6,15,0,17,4,2,1
86947,1,48.32,1,18,0,1,0,1,579,0,0,0,0,15,0,0,7,24,5,5
37824,1,46.45,10,13,0,0,0,1,1294,0,1,0,0,10,15,0,9,30,3,6
10431,1,27.67,7,14,1,0,1,6,2361,0,0,0,1,37,50,0,14,9,4,2
32805,1,39.74,10,16,0,1,0,3,1449,0,0,0,0,9,0,0,6,17,3,0
34929,1,4.06,12,14,0,1,0,1,176,0,0,0,1,6,0,0,23,21,6,5
23247,1,27.12,11,20,0,0,1,2,431,0,1,0,1,38,35,0,8,27,5,1
18957,1,10.25,12,21,0,1,0,1,627,0,0,0,1,9,0,0,0,6,8,2
61179,1,16.13,8,20,1,2,0,4,33,0,0,0,0,42,20,0,4,28,11,4
68026,1,93.82,11,19,1,3,0,2,1320,0,0,0,1,33,10,0,0,23,4,2
98910,1,9.43,12,14,0,0,0,6,2435,0,0,0,0,44,30,0,8,25,3,1
66004,1,29.66,9,16,1,2,0,0,1829,0,1,0,0,29,25,0,10,6,5,1
32200,0,82.21,8,12,0,2,0,1,1286,0,0,1,0,37,45,0,11,8,6,6
67577,1,34.13,23,16,0,3,0,0,102,0,0,0,0,43,10,0,21,12,11,2
49156,1,41.29,18,21,0,4,0,2,2313,0,1,0,0,38,40,0,1,10,1,4
44149,1,7.85,2,15,0,1,0,2,274,0,0,0,1,15,0,0,11,13,3,3
55113,1,736.28,14,19,0,1,1,7,798,0,0,0,2,36,65,0,0,4,3,1
12192,1,3.88,8,13,0,2,0,0,1173,0,1,0,0,16,15,0,8,9,6,0
57873,1,7.54,3,16,1,0,0,7,1625,0,0,0,0,24,30,0,2,13,8,2
95820,1,22.15,11,20,0,5,1,3,268,0,0,0,0,38,35,0,16,7,4,0
31067,1,1045.61,11,14,1,6,0,5,2204,0,0,0,1,41,70,0,9,31,5,5
66325,1,41.08,19,28,0,1,0,2,833,0,0,0,0,37,10,0,12,3,12,2
91970,1,29.68,14,15,0,2,0,1,1669,0,0,0,0,22,0,0,15,11,3,1
24988,1,70.68,1,22,0,2,1,0,1246,0,0,0,0,24,10,0,6,21,4,0
25801,1,47.84,13,18,0,0,0,2,2229,0,0,0,0,34,0,0,16,25,1,5
50850,1,32.91,12,17,0,1,0,1,1562,0,0,0,0,31,0,0,7,15,9,0
47171,1,12.96,15,15,1,1,0,1,2347,0,0,1,0,22,30,0,7,24,8,6
15802,0,58.25,12,17,0,0,1,2,48,0,0,0,0,7,25,0,8,7,7,0
35298,1,77.21,17,22,0,0,1,6,1482,0,0,0,0,6,30,0,13,3,7,3
92772,1,10.32,11,18,0,1,0,1,596,0,0,0,0,36,10,0,22,14,2,4
57457,1,83.36,13,21,1,0,0,3,1923,0,0,0,1,29,10,0,17,4,11,1
14668,0,17.13,7,28,0,0,1,0,399,0,0,0,0,9,25,0,15,27,3,3
56910,0,71.53,15,17,0,4,0,1,1247,0,0,0,0,40,40,1,21,1,7,1
78557,1,9.57,9,20,0,2,0,1,521,0,0,0,0,1,0,0,9,31,12,2
78512,1,2.89,10,18,0,0,1,9,2006,0,0,0,1,15,30,0,13,16,4,2
45658,0,35.37,8,12,0,0,0,2,1369,0,0,0,0,37,25,0,19,23,9,1
33021,1,58.02,10,15,0,1,1,2,1725,0,0,0,0,23,10,0,12,18,9,3
95888,0,12.98,11,24,1,4,0,0,142,0,0,0,0,44,50,0,3,12,3,2
61546,1,47.72,8,11,0,1,1,4,2474,0,0,0,0,12,10,1,1,1,4,1
39361,1,13.0,11,18,0,1,0,3,1186,0,0,0,0,16,0,0,2,2,9,1
30337,1,55.18,10,22,0,4,0,3,623,0,0,0,0,15,15,0,0,10,5,5
54725,1,71.86,14,21,0,2,0,3,868,0,1,0,1,14,15,0,18,5,12,4
19456,0,15.48,10,19,0,2,0,3,1775,0,0,0,1,38,25,0,14,18,8,0
90574,0,18.43,8,20,0,1,0,3,1881,0,1,0,0,4,30,0,9,28,1,1
75456,1,20.01,7,15,0,0,0,2,2039,0,0,0,1,29,0,0,6,16,4,2
67733,1,34.01,11,15,0,3,0,1,1025,0,0,0,2,16,10,0,17,29,4,1
28703,1,45.78,10,17,0,1,0,1,2404,0,0,0,0,38,10,1,14,16,1,3
59179,1,37.42,13,14,1,3,0,2,899,0,0,0,0,10,10,0,13,7,2,4
71254,1,62.58,6,16,0,8,0,2,469,0,0,0,0,10,15,0,0,6,9,5
28879,1,18.06,17,22,0,4,0,2,2292,0,0,0,0,11,15,0,5,26,9,4
20251,0,56.69,19,14,1,2,1,0,1207,0,0,0,0,16,35,0,12,16,1,3
51502,1,55.5,23,14,0,1,0,1,1945,0,0,0,0,4,0,0,22,15,9,0
69129,1,94.2,13,14,0,0,0,3,2224,0,0,0,0,25,0,0,6,15,5,3
44162,1,77.52,13,17,0,1,0,3,2324,0,0,0,1,27,0,0,14,25,4,4
50148,1,14.91,12,20,0,2,0,3,751,0,1,0,1,10,15,0,16,6,10,0
67804,1,99.61,11,9,0,1,0,3,1667,0,0,0,0,14,0,0,10,27,12,5
88108,1,31.34,16,18,0,2,0,5,2368,0,0,0,0,43,30,1,4,2,6,0
89046,1,62.6,14,18,0,0,1,4,857,0,0,0,0,25,10,0,21,4,10,5
89584,0,0.21,22,21,0,0,0,1,1462,0,0,0,0,13,15,0,3,23,11,6
31631,1,69.62,9,10,0,6,1,1,1985,0,0,0,0,21,25,0,2,26,12,4
22286,0,19.66,12,20,0,0,0,2,2286,0,0,0,0,1,15,0,3,12,5,0
37758,1,61.85,11,17,0,0,0,1,1256,0,0,0,0,1,0,0,9,19,4,5
57949,1,50.52,0,20,0,4,0,1,2358,0,0,0,0,43,25,0,2,16,3,6
90574,1,27.19,22,21,0,1,0,5,2266,0,0,0,0,21,20,0,2,24,4,3
75795,1,88.44,7,17,1,0,0,8,2152,0,0,0,0,15,30,0,7,8,11,5
12948,1,48.64,4,10,1,1,0,5,1182,1,0,0,0,13,55,0,13,22,5,3
11221,1,35.96,14,17,1,0,0,0,1058,0,0,0,0,20,10,0,2,1,12,0
16773,1,35.18,0,18,0,1,0,0,1046,0,0,0,0,28,0,0,23,6,6,4
91515,0,33.02,12,27,1,0,0,2,1996,0,0,0,1,21,25,0,12,25,5,6
57068,1,22.85,21,21,0,1,0,2,98,0,0,0,0,36,10,0,11,22,3,5
82595,1,85.11,0,16,0,0,0,2,2065,0,0,0,0,21,0,0,3,17,5,5
96321,1,37.28,19,14,0,0,0,0,1631,0,0,1,0,25,20,0,21,5,8,1
65093,1,496.38,15,17,0,2,0,4,2418,0,0,0,1,42,10,0,16,24,7,3
17223,1,48.45,0,17,0,3,0,1,661,0,0,0,0,5,0,0,9,10,10,4
66399,1,44.83,8,16,1,0,0,0,1832,0,0,0,0,25,10,0,16,3,11,0
12388,1,58.83,13,19,0,2,0,2,1816,0,0,0,1,21,0,0,19,4,5,6
46933,1,51.27,1,18,0,0,0,8,547,0,0,0,1,21,20,0,5,15,12,0
77166,1,47.05,10,26,0,1,0,4,1542,0,0,0,1,30,0,0,12,8,7,1
54950,1,65.55,9,10,0,2,0,2,1285,0,0,0,0,39,10,0,12,8,12,0
88491,0,4.67,3,20,0,1,1,2,1711,0,0,0,0,9,25,0,21,28,12,6
34551,1,17.9,7,19,0,3,0,1,730,0,1,0,1,11,15,0,9,7,3,4
37379,1,87.45,5,21,0,0,1,0,1916,0,0,0,0,35,10,0,4,3,10,4
55612,0,35.5,17,18,0,1,0,1,1247,0,0,0,0,24,15,0,5,15,5,3
55166,1,358.22,3,20,0,2,0,7,37,0,0,0,0,13,20,0,21,24,8,6
43991,1,15.28,6,15,0,3,1,3,2016,0,0,0,0,38,20,0,1,19,10,6
87417,0,14.55,13,19,0,1,0,1,605,0,0,0,1,27,15,0,7,4,1,5
21195,1,31.68,8,24,0,3,0,1,336,0,0,0,0,19,0,0,23,28,4,0
77031,1,23.72,7,23,1,1,1,2,1812,0,0,0,0,15,20,0,0,2,4,2
57140,1,9.36,8,13,0,0,1,0,500,0,0,0,0,19,10,0,13,11,5,6
31378,1,34.44,5,11,0,3,1,2,643,0,1,0,0,42,35,0,17,4,5,6
22593,1,15.96,13,21,0,0,0,0,1828,0,0,0,0,44,10,0,21,20,1,0
57082,1,14.19,12,14,0,0,1,0,1727,0,0,0,0,1,10,0,8,10,11,0
53071,1,70.19,15,14,0,1,0,1,2028,0,0,0,0,1,0,0,19,23,12,1
16536,0,28.94,9,11,0,3,1,0,219,0,0,0,0,18,25,0,14,23,5,4
51985,1,23.43,17,16,0,5,1,2,2205,0,0,0,0,6,25,0,5,10,3,0
24923,1,1175.13,11,21,0,1,0,3,1809,0,1,0,0,15,30,0,22,19,10,6
87370,1,67.5,0,15,0,4,0,7,855,1,0,0,0,28,60,0,18,21,4,0
60657,1,69.05,15,14,0,4,0,2,2073,0,0,0,0,1,15,0,10,13,10,0
47399,0,78.24,23,18,0,1,0,0,1609,0,0,0,0,27,15,0,5,21,8,3
73880,1,83.09,14,14,0,1,0,1,1513,0,0,0,0,14,0,0,12,22,1,2
18570,0,28.68,13,7,1,3,0,5,455,0,0,0,0,38,55,0,11,7,3,4
42617,1,46.44,15,19,0,1,0,4,201,0,1,0,0,25,15,0,4,27,5,1
64105,1,3.23,13,20,0,6,0,2,985,0,0,0,1,23,15,0,6,2,5,4
21833,1,7.35,18,26,1,2,1,0,783,0,0,0,0,11,20,0,1,29,11,5
96067,1,13.37,7,27,1,0,0,8,1788,0,0,0,0,41,40,1,1,25,10,5
13766,1,61.18,12,23,0,4,0,2,1749,0,0,0,0,14,15,0,1,13,3,3
56496,1,61.01,15,22,0,1,0,0,844,0,0,0,0,8,0,0,13,29,4,1
44984,1,581.21,15,16,0,8,0,2,2391,0,0,0,0,12,30,0,19,19,5,0
47516,0,52.87,14,22,0,1,0,2,889,0,1,0,0,1,30,0,16,17,4,3
44420,1,37.8,18,19,0,3,0,5,1887,0,0,0,0,35,20,0,5,2,2,6
56253,1,67.92,23,22,0,0,0,1,444,0,0,1,0,17,20,0,18,23,4,2
99206,1,4.54,11,14,0,2,0,1,427,0,0,0,1,21,0,0,16,30,12,1
36672,0,46.14,8,24,0,3,0,1,608,0,0,1,0,9,35,0,16,24,5,5
33396,1,83.35,12,14,0,5,0,2,292,0,0,0,0,36,25,0,18,22,7,1
86121,1,58.75,11,15,0,3,0,1,1479,0,0,0,0,39,10,0,3,8,2,5
88127,1,67.47,14,17,0,0,0,2,1255,0,0,0,0,12,0,0,7,11,6,2
56270,0,9.83,18,15,0,2,0,4,1372,0,0,0,0,37,25,0,8,5,8,1
97872,1,21.21,12,20,0,0,0,3,1033,0,0,0,0,43,10,0,1,11,12,3
90162,1,37.13,3,16,0,2,0,1,327,0,0,0,0,19,0,0,0,29,6,6
17048,1,55.81,11,20,0,1,0,3,1753,0,0,0,0,10,0,0,0,14,12,6
91232,0,52.21,0,16,0,4,0,2,366,0,0,0,0,31,30,0,20,13,12,5
40353,0,21.0,10,18,0,8,0,3,305,0,0,0,0,43,40,0,23,20,3,3
16073,1,78.72,12,18,0,0,0,3,66,0,0,0,0,32,0,0,22,4,3,1
30114,1,39.43,13,20,0,1,0,2,1189,0,0,0,0,39,10,0,19,16,2,6
77576,1,66.64,9,20,1,1,0,1,1984,0,0,0,0,11,10,0,22,28,8,3
62377,1,90.31,9,14,0,0,0,3,1503,0,1,0,0,9,15,0,16,3,9,2
28963,1,45.26,8,21,0,5,0,3,2140,0,0,0,0,29,15,0,20,13,1,0
67535,1,96.21,16,20,0,1,0,0,202,0,0,0,0,19,0,0,9,9,9,1
26988,1,41.39,11,16,0,7,0,2,637,0,1,0,0,5,30,0,8,26,7,5
53044,1,18.56,8,14,0,1,0,2,965,0,0,0,0,15,0,0,10,5,7,5
31414,1,20.51,9,19,0,0,0,8,223,0,0,0,0,20,20,0,2,21,12,6
13098,1,28.15,12,29,0,4,0,2,2029,0,1,0,1,37,40,1,21,3,10,4
27821,1,49.48,12,25,0,6,1,2,441,0,0,1,0,15,45,0,4,29,9,0
75582,1,65.92,10,19,0,1,0,2,1401,0,0,0,0,3,0,0,11,1,7,1
61789,1,11.19,22,16,0,1,0,2,1381,0,0,0,0,44,10,0,22,4,12,3
15221,1,21.05,23,21,1,0,0,2,2341,0,0,0,0,23,10,0,16,1,6,6
62110,0,272.92,9,15,0,6,1,2,562,0,0,0,1,30,40,1,7,8,9,0
73488,1,36.5,17,15,0,0,0,1,683,0,0,0,1,14,0,0,21,17,5,5
62621,1,40.66,15,17,0,3,0,2,1434,0,0,0,0,20,0,0,3,14,10,1
33574,1,25.61,11,20,0,2,0,2,455,0,0,0,1,44,10,0,15,10,1,4
23417,1,42.37,19,13,0,2,0,7,1422,1,0,0,0,5,45,0,4,7,4,0
76404,1,72.12,12,16,0,0,0,1,1144,0,0,0,0,33,0,0,11,18,12,3
79974,1,41.31,1,20,1,2,0,4,236,0,0,0,0,29,10,0,9,5,2,2
61939,0,93.82,10,16,0,0,0,2,1373,0,0,0,0,10,15,0,11,7,3,4
15884,1,10.24,10,14,0,0,0,3,1245,0,0,0,0,24,0,0,22,17,7,3
87947,1,24.53,2,14,0,2,0,1,1179,0,0,0,1,42,10,0,1,21,9,6
21061,1,52.13,10,22,0,3,1,3,1551,0,0,0,2,30,20,0,9,10,1,4
22742,1,20.07,17,14,0,0,0,5,2135,0,0,0,1,42,30,0,6,19,2,2
91958,0,11.94,7,20,0,1,0,1,1092,0,0,0,0,21,15,0,5,1,12,0
91203,1,3.52,13,14,0,3,0,1,460,0,0,0,0,34,0,0,17,17,11,0
22121,0,21.73,10,26,0,0,0,2,365,0,0,0,0,32,15,0,22,10,10,4
19768,1,50.03,9,17,0,0,0,1,1539,0,0,0,0,28,0,0,1,6,10,0
78531,0,44.02,3,19,0,0,0,2,1429,0,0,0,0,20,15,0,22,19,5,0
52663,1,56.14,11,24,0,3,0,1,809,0,0,0,0,33,0,0,3,9,1,3
79573,1,99.07,16,13,0,1,0,3,582,0,0,0,1,32,0,0,21,18,2,1
41858,1,35.94,7,16,0,5,0,1,437,0,1,0,0,5,30,0,17,29,10,2
83750,1,26.22,13,15,0,2,0,2,2401,0,0,0,0,37,10,0,1,16,7,2
56990,1,35.56,19,22,0,2,0,1,2144,0,0,0,0,21,0,0,15,23,8,5
86740,0,1023.02,11,26,0,2,1,5,1573,0,0,1,0,44,90,1,14,7,10,1
61794,1,728.4,3,22,0,1,0,2,1603,0,0,0,0,17,15,0,19,17,4,3
84404,1,35.16,9,20,0,2,0,2,434,0,0,0,0,36,10,0,1,7,10,1
45260,1,16.26,15,29,0,3,0,1,2324,0,0,0,1,13,0,0,20,31,7,3
34426,1,417.35,12,15,0,2,0,2,272,0,0,0,1,3,0,0,3,7,7,0
23920,0,50.37,10,21,0,1,0,3,1246,0,0,0,0,43,25,0,22,6,9,5
23454,1,1.06,14,18,0,2,0,4,1915,0,0,0,0,24,0,0,21,19,12,4
46230,1,38.13,6,18,0,1,0,3,386,0,0,0,1,42,10,0,12,3,2,0
29173,1,6.81,19,26,1,0,0,1,1126,0,0,0,1,11,10,0,11,12,10,6
30732,1,13.17,7,19,1,1,0,2,165,0,0,1,0,42,40,1,19,16,1,3
52381,1,27.08,10,19,0,2,0,1,1276,0,0,0,0,37,10,0,14,3,7,3
66270,1,627.96,5,18,0,1,1,2,597,0,0,0,0,16,25,0,11,23,11,6
56418,1,60.44,12,23,0,0,0,3,178,0,0,0,0,27,0,0,2,13,12,5
39157,1,36.91,23,14,0,1,0,0,1145,0,0,0,0,6,0,0,19,19,5,0
76057,1,73.58,9,23,1,1,0,0,873,0,0,0,1,22,10,0,23,6,12,5
14710,1,29.54,18,12,0,0,0,1,2077,0,0,0,1,31,0,0,4,17,7,3
39873,1,8.53,12,15,0,1,0,2,961,0,0,0,0,30,0,0,1,16,1,3
53799,1,83.69,23,12,0,2,0,1,2422,0,0,0,2,5,10,0,13,18,7,4
21070,1,646.21,16,22,0,3,0,1,1496,0,0,0,0,27,15,0,3,26,11,2
80640,1,43.29,9,16,0,0,0,0,300,0,0,0,0,42,10,0,0,20,10,0
64713,1,65.32,15,26,0,0,0,3,179,0,0,0,0,9,0,0,22,12,10,6
81352,1,16.14,17,19,0,0,0,3,2081,0,0,0,0,40,10,0,19,27,11,3
76606,1,1122.28,18,13,0,0,0,1,2302,0,0,0,1,42,25,0,21,12,5,0
46290,1,41.97,9,15,0,2,0,0,410,0,0,0,0,44,10,0,20,5,12,4
25970,1,59.75,12,10,0,2,1,3,290,0,0,0,0,22,10,0,1,30,6,0
76122,1,468.58,11,27,1,3,0,1,878,0,0,0,0,24,10,0,2,24,1,4
31248,0,41.52,13,13,0,1,1,1,545,0,0,0,0,8,25,0,9,12,6,3
77025,1,17.62,9,25,1,1,1,3,2074,0,0,0,0,39,30,0,7,16,7,2
71806,1,12.09,15,13,0,1,0,3,2011,0,0,0,0,22,0,0,17,19,2,2
20274,1,17.89,12,17,0,2,0,2,1412,0,0,0,2,26,10,0,16,14,11,4
33035,1,1091.4,18,19,0,2,1,1,1062,0,0,0,0,19,25,0,3,19,1,6
93960,1,638.63,22,17,1,2,1,2,563,0,0,0,0,23,35,0,4,22,10,2
48542,1,39.42,15,8,1,0,0,3,1123,0,0,0,0,24,10,0,13,3,1,4
86099,1,12.4,18,13,0,2,0,2,1856,1,0,0,0,21,25,0,5,28,10,1
98000,0,605.14,15,19,0,1,0,2,1047,0,0,0,0,35,30,0,20,17,7,3
47836,1,35.56,13,22,0,1,0,0,991,0,0,0,0,6,0,0,9,18,1,5
12104,0,30.5,13,22,0,2,0,2,2404,0,0,0,0,31,15,0,12,13,11,3
12901,1,28.21,13,21,1,2,0,3,471,0,0,0,1,37,20,0,10,7,3,4
22458,1,57.36,15,14,0,1,0,1,1308,0,0,0,0,32,0,0,23,12,12,4
31148,1,44.79,14,12,0,1,0,4,1021,0,0,0,0,34,0,0,20,5,7,5
25911,1,62.22,15,17,0,1,0,1,2077,0,0,0,0,19,0,0,15,15,5,3
57979,1,42.19,13,15,0,2,0,0,1643,0,0,0,0,13,0,0,1,28,3,4
94729,1,41.78,19,24,0,8,1,0,1509,0,0,0,0,13,25,0,3,20,9,5
88900,1,451.91,13,18,1,0,0,2,387,0,0,0,0,33,10,0,4,13,1,0
34259,1,45.24,8,20,0,1,0,1,589,0,0,0,1,24,0,0,23,2,7,2
59772,0,37.82,18,21,0,1,0,3,189,0,0,0,0,26,15,0,3,4,1,5
66907,1,485.24,14,24,0,6,0,1,232,0,1,0,1,31,30,0,1,18,1,5
18065,0,55.56,6,20,0,2,0,4,2392,0,0,0,0,1,15,0,3,2,5,4
82282,1,12.77,17,15,0,1,1,2,1612,0,1,0,0,42,35,0,21,8,5,3
61766,1,706.9,10,19,0,2,0,0,411,0,0,0,0,8,15,0,13,31,8,6
68605,0,26.24,16,17,0,3,0,1,1778,0,0,0,0,12,15,0,23,28,9,6
13318,1,38.81,14,15,0,0,0,3,914,0,0,0,0,8,0,0,0,15,5,3
68165,1,13.48,11,14,0,1,0,1,931,0,0,0,0,10,0,0,19,24,10,4
79494,1,35.89,17,16,0,3,0,0,1730,0,0,0,2,9,10,0,20,24,4,3
67716,1,1227.02,9,11,0,3,0,2,297,0,0,0,0,42,25,0,4,20,7,6
64994,1,29.63,21,29,0,1,0,0,1383,0,0,0,0,42,10,0,6,30,7,2
84322,1,1.29,21,10,0,4,0,4,1439,0,0,0,0,40,25,0,17,20,12,5
44006,1,137.14,7,19,0,5,0,0,1177,0,0,0,1,35,15,0,7,21,5,2
44054,1,32.21,1,20,0,3,0,2,1015,0,0,0,1,17,0,0,16,22,2,5
22573,1,43.64,22,18,0,2,0,5,590,0,0,0,0,42,30,0,23,12,1,6
93003,1,191.08,14,18,0,1,0,1,1861,0,0,0,1,38,10,0,0,4,3,1
37909,1,78.53,19,13,0,2,0,0,645,0,1,0,1,2,15,0,21,10,11,0
25672,1,6.82,17,22,0,0,1,1,802,0,0,0,1,8,10,0,19,4,12,3
70690,1,72.4,15,17,0,0,0,2,1131,0,1,0,0,12,15,0,11,17,8,6
11025,1,39.15,12,17,0,1,0,1,969,0,0,0,0,30,0,0,8,9,6,0
20798,1,69.19,12,9,0,6,0,2,2352,1,1,1,0,29,75,0,5,24,3,0
27997,1,620.9,9,16,0,1,0,0,585,0,1,0,0,43,40,0,3,28,2,4
13869,1,71.15,8,15,0,1,0,1,2141,0,0,0,1,14,0,0,19,6,9,5
39745,1,27.45,13,18,1,1,0,2,824,0,0,0,0,11,10,0,20,9,5,4
34864,0,237.06,9,12,0,1,0,1,2178,0,0,0,0,39,25,0,3,6,3,3
42116,0,13.25,4,22,0,2,0,8,995,0,0,0,0,40,45,0,3,23,8,5
63369,1,48.79,8,13,0,3,0,2,369,0,0,0,1,41,10,0,9,3,1,4
20450,1,65.55,20,14,0,0,1,2,553,0,0,0,0,5,10,0,22,9,8,5
33421,1,79.9,9,19,0,2,0,1,911,0,0,0,0,20,0,0,16,11,11,1
94926,1,15.37,13,16,0,4,0,1,2267,0,0,0,0,37,25,0,11,29,4,1
22096,1,92.64,12,16,1,0,0,10,1898,0,0,1,0,16,50,0,5,12,10,6
86695,1,27.1,17,18,0,1,0,1,2110,0,0,0,0,29,0,0,6,11,4,4
38240,1,16.03,9,9,0,0,0,1,2383,0,0,0,1,33,0,0,6,10,12,2
72519,1,44.69,15,15,0,2,0,3,588,0,0,0,1,8,0,0,4,18,10,5
35350,0,50.87,14,22,1,1,0,2,2077,0,0,0,0,1,25,1,8,17,10,4
97983,1,58.99,7,24,0,4,1,4,1144,0,1,0,0,3,40,1,4,13,12,5
21908,1,31.68,1,22,0,2,0,2,1397,0,0,0,0,25,0,0,21,14,2,4
67363,1,35.24,8,23,0,1,0,1,1904,0,0,0,0,33,0,0,1,10,4,3
44867,0,49.49,9,22,0,0,0,3,1591,0,0,0,1,13,15,0,11,20,9,5
76372,0,159.46,8,13,0,4,0,2,1547,0,0,0,0,24,30,0,1,6,12,5
94908,0,2.87,15,15,0,0,1,3,701,0,0,0,0,16,25,0,1,23,8,5
99806,1,59.15,11,18,0,0,0,2,1246,0,0,0,0,9,0,0,4,29,12,0
78844,1,3.0,16,21,0,5,0,2,920,0,0,0,2,19,25,0,12,22,1,2
30253,1,80.19,18,13,0,2,0,3,1791,0,0,0,1,1,0,0,19,1,5,3
43189,1,30.12,10,18,0,1,0,1,793,0,0,0,0,14,0,0,14,31,7,3
75094,1,35.71,6,15,0,2,1,5,1106,0,0,0,1,38,40,0,21,27,8,2
44480,1,87.0,9,18,1,2,0,0,2286,0,0,0,1,44,20,0,19,21,4,0
55110,1,4.35,7,14,0,1,0,4,2387,0,0,0,1,28,0,0,18,10,6,1
86254,1,80.77,10,14,0,0,0,1,1447,0,0,0,0,30,0,0,16,8,12,0
58597,1,53.85,6,17,0,0,0,0,941,0,0,0,0,18,0,0,16,23,3,6
39993,1,47.54,9,24,0,0,0,1,859,0,0,0,0,9,0,0,17,1,11,5
45998,1,93.71,0,17,0,0,0,1,684,1,0,0,0,26,25,0,23,5,12,4
81835,0,27.35,16,15,0,0,0,1,2107,0,0,1,0,44,45,0,15,11,8,0
22779,0,51.51,19,14,0,6,1,3,435,0,1,0,1,40,65,1,16,13,10,0
49023,1,58.92,14,20,0,0,1,3,1570,0,0,0,0,9,10,0,0,5,9,4
71764,1,20.59,7,24,0,3,1,2,1346,0,0,0,1,41,20,0,20,9,4,2
21243,1,35.04,10,15,0,2,0,2,2091,0,0,0,0,14,0,0,8,10,3,0
60364,1,2.52,2,18,0,1,0,1,690,0,0,0,0,8,0,0,7,4,8,0
98641,1,82.93,18,24,0,3,0,3,808,0,0,0,1,35,0,0,12,2,12,1
30804,0,42.97,17,15,0,1,1,0,1940,0,0,0,0,31,25,0,12,18,6,2
78048,1,42.0,2,17,0,1,0,2,2242,0,0,0,0,41,10,0,18,11,5,6
43433,1,57.52,18,23,0,0,0,2,1012,0,0,0,0,8,0,0,11,2,5,4
98835,1,2.38,2,17,0,2,0,2,2487,0,0,0,0,26,0,0,12,21,9,6
81657,1,12.46,12,17,0,2,0,2,1019,0,0,0,0,34,0,0,17,7,11,4
50435,1,89.79,7,22,0,0,0,11,99,0,0,0,0,33,20,0,11,17,2,0
22456,0,80.73,16,18,0,2,0,2,2476,0,0,0,1,1,15,0,3,29,12,0
14525,1,28.77,10,16,0,1,1,3,167,0,0,0,0,21,10,0,21,18,12,3
65554,0,39.6,14,18,0,1,1,1,2467,0,0,0,0,6,25,0,3,2,10,3
23397,1,30.17,11,33,0,1,0,2,160,0,0,0,0,36,10,0,13,10,1,4
23228,0,54.85,8,19,0,1,1,3,483,0,0,1,0,7,45,1,6,27,5,1
42573,1,18.43,16,22,0,0,1,1,385,0,0,0,1,43,20,0,5,18,1,5
45161,1,58.11,18,16,0,0,0,2,741,0,0,0,1,39,10,0,19,24,11,0
59625,1,2.83,11,15,0,0,0,1,362,0,0,0,1,24,0,0,13,7,5,2
69117,1,32.08,15,27,0,0,0,1,1160,0,0,0,0,9,0,0,6,15,2,5
89988,1,212.63,20,12,0,3,0,10,2498,0,0,0,1,17,20,0,13,30,5,4
21392,1,60.07,18,11,0,0,0,1,1257,0,0,0,0,10,0,0,15,3,12,2
96309,1,44.92,9,20,1,1,0,2,687,0,0,1,0,23,30,0,11,21,8,3
32318,0,27.05,7,26,0,2,0,2,513,0,0,0,0,40,25,0,10,8,4,1
61661,1,44.33,9,20,0,0,0,3,1260,0,0,0,0,35,0,0,15,8,2,5
97708,1,0.89,7,12,0,2,1,2,2008,0,0,0,0,43,20,0,9,28,6,5
24497,1,41.95,18,22,0,2,0,2,693,0,0,0,1,36,10,0,5,7,11,4
87935,1,17.15,13,16,0,2,0,1,659,0,0,0,1,16,0,0,11,12,4,5
32289,1,21.1,10,28,1,2,1,2,1052,0,0,0,0,31,20,0,10,10,11,0
49383,1,79.98,10,21,0,1,0,4,720,0,0,0,2,41,20,0,16,29,12,0
57855,0,54.22,12,12,0,3,1,2,1737,0,0,0,1,24,25,0,23,22,1,2
96875,0,10.3,14,20,0,5,0,1,2098,0,0,0,0,2,30,0,12,5,8,1
60189,0,88.79,23,17,0,1,0,1,412,0,1,0,0,3,30,0,10,7,12,6
77438,1,757.03,18,15,0,1,0,2,100,0,0,0,0,7,15,0,21,8,3,5
20999,1,20.26,7,16,0,1,0,4,2481,0,0,0,0,15,0,0,18,10,5,5
61736,1,29.88,13,19,1,0,0,1,1641,0,0,0,0,16,10,0,13,19,8,1
32575,1,70.33,23,25,0,0,0,2,1377,0,0,0,1,11,0,0,14,13,1,0
47512,1,11.82,16,19,0,0,0,2,1037,0,0,0,0,41,10,0,12,4,12,3
39201,1,75.03,17,20,0,0,0,2,1056,0,0,0,2,20,10,0,20,29,3,5
13606,1,65.2,14,26,0,2,0,4,1208,0,0,0,1,34,0,0,12,30,5,4
78381,1,1230.62,11,18,0,0,1,2,850,0,0,0,2,39,45,0,13,4,6,2
21491,1,21.4,11,22,1,1,0,2,2246,0,0,0,1,18,10,1,23,10,2,0
25120,1,64.35,0,14,0,4,0,0,1805,0,0,0,3,35,25,0,10,12,1,6
79156,1,73.81,9,17,0,2,0,2,77,0,0,0,0,1,0,0,7,9,11,6
88587,1,868.94,14,21,0,1,0,5,98,1,0,0,0,11,60,0,19,5,1,6
79104,0,39.23,17,26,0,0,0,2,2433,0,0,0,0,23,15,0,1,9,6,0
97070,0,23.03,19,14,0,2,0,1,2121,0,0,0,0,10,15,0,6,10,10,4
61965,1,38.58,17,19,0,1,0,1,1406,0,0,0,1,44,10,0,5,6,2,3
22518,1,48.28,15,15,0,1,0,1,1186,0,0,0,0,32,0,0,1,21,5,2
58275,1,50.53,18,19,0,2,0,1,634,0,0,0,1,10,0,0,7,29,12,0
44212,0,46.45,10,17,0,2,0,1,1488,0,0,0,0,41,25,0,12,10,4,3
37504,1,48.08,4,11,0,4,0,0,223,0,0,0,0,27,15,1,0,23,1,3
14470,1,4.2,8,13,0,0,0,8,951,0,0,0,0,20,20,0,1,1,2,5
42255,0,65.07,14,16,0,0,0,4,1916,0,1,0,0,9,30,0,17,28,6,5
86664,1,24.85,12,21,0,0,0,1,759,0,1,0,0,40,25,0,1,5,7,5
14965,1,24.56,8,16,0,3,0,3,1419,0,0,0,0,20,0,0,19,26,5,0
47986,0,52.2,13,18,0,7,0,0,331,0,0,0,0,6,30,0,21,19,11,2
99937,1,38.18,15,21,1,2,0,1,1603,0,0,0,0,32,10,0,0,13,11,3
70741,0,62.26,6,20,0,2,0,2,1850,0,1,0,0,36,40,0,1,23,3,6
81456,0,45.76,14,20,0,2,0,1,435,0,0,0,0,6,15,0,11,30,10,3
59368,1,12.3,0,17,0,1,0,2,141,0,0,0,2,5,10,0,18,27,10,0
69356,1,37.57,15,19,0,2,0,2,299,0,0,0,0,9,0,0,23,4,6,2
84519,1,24.33,21,23,0,5,0,2,2089,0,0,0,1,21,15,0,12,1,10,2
43449,0,43.49,8,16,0,0,0,1,719,0,0,0,0,34,15,0,21,10,8,6
93191,1,37.18,17,13,0,1,0,0,772,0,0,0,0,15,0,0,15,8,9,0
56453,0,8.78,0,19,1,1,0,2,513,0,1,0,0,12,40,0,6,1,4,1
15443,1,2.63,3,18,0,1,1,0,907,0,0,0,0,28,10,0,17,13,3,3
22608,1,37.5,9,16,0,1,0,3,1912,0,0,0,0,27,0,0,15,18,8,0
34330,1,55.36,10,8,1,3,0,2,262,0,0,0,0,24,10,0,8,19,1,6
85967,1,33.55,13,20,0,1,0,2,1424,0,0,0,0,32,0,0,1,21,5,2
91188,1,56.57,13,21,0,0,0,2,399,0,0,0,0,12,0,0,10,9,11,6
52521,1,8.06,15,11,0,4,0,0,643,0,0,0,0,18,15,0,13,18,8,0
19614,1,56.5,0,16,1,1,1,3,913,0,0,0,0,38,30,0,15,19,11,2
12279,0,70.22,18,19,0,0,1,5,278,0,0,0,0,29,45,0,10,29,5,3
63361,0,18.68,12,25,0,1,0,2,376,0,0,0,0,13,15,0,6,8,6,6
25624,1,76.07,12,9,0,1,1,3,441,0,0,1,2,20,40,0,17,13,6,4
64546,1,13.05,15,19,0,0,0,1,201,0,0,0,0,11,0,0,11,18,7,4
80252,0,55.63,21,21,0,1,0,1,2041,0,0,0,0,3,15,0,8,11,8,0
50945,1,29.12,9,13,0,2,0,3,673,0,0,0,0,13,0,0,17,16,2,6
50608,0,6.06,18,19,0,2,1,1,1890,0,0,0,1,16,25,0,16,27,11,3
27424,0,58.34,14,23,0,3,0,1,824,0,0,0,1,29,15,0,20,8,3,5
67061,1,94.38,14,20,1,1,0,2,70,0,0,0,1,34,10,1,21,23,3,6
85510,1,18.32,15,23,0,0,1,4,2072,0,0,0,0,15,10,0,7,9,3,6
64381,1,48.79,21,22,1,1,0,2,1696,0,0,0,0,32,10,0,22,14,7,0
10007,1,53.17,2,19,1,4,0,2,1607,0,0,1,0,7,45,0,20,17,10,4
55613,1,51.29,20,19,0,1,0,1,299,0,0,0,0,43,10,0,20,16,3,6
58427,0,60.1,5,11,0,1,0,2,1480,1,0,0,0,10,40,0,7,11,2,1
15320,1,17.69,6,24,0,3,0,4,356,0,0,0,1,17,0,0,21,6,2,3
71107,0,55.39,16,20,0,0,0,2,967,0,0,0,0,20,15,0,4,20,11,3
82050,1,85.25,17,23,0,0,1,2,1751,0,0,0,0,26,10,0,21,8,6,6
58014,0,93.25,12,13,0,2,0,5,672,0,0,0,0,3,35,0,9,13,12,5
74216,1,52.08,11,19,0,0,0,1,628,0,0,0,0,37,10,0,6,30,6,0
26713,1,51.26,10,15,0,0,0,0,605,0,0,0,0,31,0,0,5,2,7,2
74629,1,22.33,14,16,0,1,0,1,1718,0,0,0,1,30,0,0,0,18,4,4
33042,0,15.56,14,14,0,0,0,0,408,1,0,0,0,22,40,0,7,6,4,6
92024,1,17.01,14,21,0,3,0,1,1583,0,0,0,0,10,0,0,4,19,12,4
31446,1,1228.14,9,14,1,0,0,2,537,0,0,0,0,36,35,0,3,6,9,5
68918,0,16.12,12,25,0,1,0,2,63,0,1,0,1,40,40,0,21,10,4,3
55010,0,88.84,8,14,0,1,0,4,1768,0,0,0,1,13,15,0,0,17,4,3
37044,1,7.65,12,20,0,2,0,1,81,0,1,0,0,4,15,0,23,15,6,6
88535,0,15.51,12,23,0,4,0,3,2019,0,0,0,0,13,30,0,4,23,3,6
44962,1,30.67,20,11,0,1,1,1,2322,0,1,0,1,15,25,0,2,16,1,3
26719,1,23.35,4,18,0,2,1,1,235,0,0,0,0,5,10,0,0,17,5,5
42669,1,53.55,10,12,0,1,0,0,174,0,0,0,0,36,10,0,4,20,11,3
33297,1,47.44,18,16,0,0,0,2,1376,0,0,0,1,9,0,0,11,6,6,4
42033,1,63.65,8,14,0,5,0,2,924,0,0,0,0,36,25,0,12,6,2,3
87151,0,39.9,17,25,0,0,0,2,37,0,0,0,0,31,15,0,2,10,1,4
39528,0,56.08,21,18,0,2,0,2,986,1,0,0,0,24,40,1,8,25,2,1
68449,1,317.53,15,26,1,1,1,4,775,0,0,0,2,38,40,0,17,7,8,3
96492,1,6.81,11,12,0,4,0,2,36,0,1,0,1,10,30,0,14,18,4,4
56536,1,1201.01,8,13,0,1,0,1,1638,0,0,0,0,38,25,0,6,27,4,6
83279,1,15.96,16,14,0,2,0,2,1601,0,0,0,1,41,10,0,3,28,11,4
28047,1,10.19,11,17,0,0,0,3,2335,0,0,0,0,18,0,0,19,10,11,0
41114,1,3.03,8,15,0,3,0,0,2285,0,0,0,0,28,0,0,18,16,9,1
19458,1,48.58,18,16,0,4,1,0,272,0,0,0,0,1,25,0,20,16,4,2
16113,1,16.36,10,19,0,5,0,7,255,0,0,0,0,22,35,0,3,4,10,5
32649,1,52.66,11,25,0,2,0,2,1569,0,0,0,1,37,10,0,6,7,12,6
39772,1,31.22,10,15,0,1,0,2,1808,0,0,0,0,3,0,0,0,10,5,5
33823,1,23.97,11,12,0,1,0,0,1469,0,0,0,1,27,0,0,11,20,12,5
97330,1,62.7,8,28,0,0,1,3,445,0,0,0,1,14,10,0,12,4,12,3
15233,1,40.53,15,23,0,1,0,10,2474,0,0,0,0,14,20,0,20,9,1,3
58823,1,78.0,10,14,0,2,0,3,1793,0,0,0,0,26,0,0,15,29,12,0
25128,1,45.57,11,18,0,0,0,2,1360,0,0,0,0,20,0,0,1,25,4,4
12728,1,1.4,6,27,0,6,0,2,1270,0,1,0,0,1,30,1,12,4,3,1
34136,1,34.13,15,16,0,3,0,1,884,0,0,0,0,14,0,0,4,15,12,0
50693,1,52.9,20,20,0,0,0,4,2072,0,0,0,0,27,0,0,12,19,10,6
91619,1,71.54,8,9,1,1,1,3,1267,0,0,0,0,1,20,1,8,9,8,5
52084,1,42.8,16,27,0,2,1,1,774,0,0,0,0,3,10,0,14,29,7,1
65888,0,18.72,12,19,0,1,0,8,1216,0,0,0,0,27,35,1,8,5,7,5
76305,1,108.74,19,13,0,2,0,2,1617,0,0,0,1,14,0,0,3,23,12,1
35877,0,2.24,10,19,1,5,0,2,2136,0,0,0,0,32,40,0,17,25,5,6
45415,1,25.72,18,23,0,1,0,1,2438,0,1,0,1,22,15,0,5,4,2,1
11571,1,51.79,17,25,0,2,0,0,2289,0,0,0,0,6,0,0,18,20,12,5
77245,1,73.6,22,20,0,4,0,0,1451,0,0,0,1,5,15,0,13,16,1,3
49232,1,237.44,10,20,0,1,0,1,1732,0,0,0,0,25,0,0,4,21,11,4
28394,0,51.47,16,19,0,1,0,3,436,0,0,0,1,4,15,0,10,19,10,6
96457,0,30.57,17,21,1,1,0,2,1457,0,0,0,0,29,25,0,1,16,4,2
97312,1,41.27,18,13,0,1,0,3,831,0,0,0,0,41,10,0,15,30,8,5
29938,1,54.03,23,17,0,2,1,0,1328,0,0,0,0,14,10,0,12,31,8,6
15233,1,7.72,2,22,0,3,0,0,2320,0,0,0,1,39,10,0,13,14,7,0
17807,1,50.53,9,18,0,4,1,2,482,0,0,0,0,20,25,0,16,7,5,2
78337,1,15.39,14,13,0,1,0,3,1745,0,0,0,1,37,10,0,4,3,5,5
19098,1,4.47,2,15,0,1,0,1,2029,0,0,0,2,2,10,0,12,10,9,2
60862,1,11.71,21,17,0,0,0,1,1472,0,0,0,0,31,0,0,3,5,2,2
92862,1,72.93,1,15,0,0,1,2,437,0,0,0,0,17,10,0,5,3,8,6
48549,1,96.32,13,27,0,0,0,0,1221,0,0,0,0,7,0,0,16,27,9,5
27879,1,0.68,17,22,0,2,0,5,888,0,0,0,0,4,20,0,22,11,1,5
31263,1,632.89,7,15,0,1,0,1,162,0,0,0,1,32,15,0,17,10,12,2
27905,1,291.01,8,22,0,2,0,4,1426,0,0,0,0,32,0,0,8,21,12,6
12292,1,69.88,21,21,0,1,0,8,61,0,0,0,0,20,20,0,16,29,8,4
36585,1,88.21,1,20,0,1,0,1,1420,0,0,0,0,27,0,0,16,9,9,1
26335,1,11.16,13,23,0,1,0,2,2347,0,0,0,2,29,10,1,22,14,11,4
40825,0,48.23,17,13,0,3,0,1,1227,0,0,0,0,44,25,0,1,26,11,2
50225,1,43.09,19,22,0,0,0,3,2127,0,0,0,0,23,0,0,13,24,9,2
50156,1,31.56,18,18,0,1,0,2,633,0,0,0,0,3,0,0,3,3,7,3
54511,1,24.46,15,17,0,1,0,2,2494,0,0,0,0,24,0,0,4,21,7,0
55206,1,26.0,6,23,0,0,0,4,1949,0,0,0,0,7,0,0,6,25,10,5
83087,1,774.2,13,23,0,2,0,4,504,0,0,0,0,11,15,0,22,11,12,3
68429,1,836.81,1,16,0,3,0,2,1342,0,1,0,1,44,40,0,10,13,10,0
85759,0,53.94,10,12,0,1,0,2,275,0,0,0,0,31,15,0,13,31,10,4
69986,1,6.31,14,13,0,0,0,2,2441,0,0,0,1,7,0,0,19,29,8,4
97567,1,57.85,0,20,0,3,0,1,257,0,0,0,1,19,0,0,4,17,10,4
20495,1,13.44,13,13,0,1,0,3,650,0,0,0,0,15,0,0,14,17,11,0
32161,1,21.08,18,17,1,1,0,5,930,0,0,0,0,43,40,0,6,20,1,0
17440,1,36.91,16,15,0,1,0,0,1591,0,0,0,1,8,0,0,11,13,9,5
51587,1,61.69,11,16,0,6,0,5,1975,0,0,0,0,9,35,0,17,25,1,5
39213,0,50.91,15,21,0,2,0,2,1581,0,0,0,1,41,25,0,5,21,8,3
78387,1,17.15,6,15,0,1,0,6,1199,0,0,1,1,40,50,0,7,23,11,6
18412,1,88.78,14,22,0,1,1,2,1363,0,0,0,0,17,10,0,0,6,11,3
60049,1,13.46,12,21,0,1,0,0,1470,0,0,0,0,24,0,0,16,25,1,5
12550,1,24.17,10,16,1,2,1,0,2344,0,0,0,1,40,30,0,1,24,12,2
96980,0,713.7,17,20,1,3,0,5,649,0,0,0,0,11,60,0,4,26,9,4
65353,0,19.94,11,18,0,2,0,0,232,0,0,0,0,33,15,0,13,16,10,3
83015,1,1132.02,11,21,0,2,0,4,2137,0,0,0,1,9,15,0,6,18,1,5
87911,1,8.13,5,18,0,0,0,1,2345,0,0,0,0,41,10,0,23,12,3,2
22725,1,9.18,6,18,0,8,0,3,677,0,0,0,0,36,25,0,8,6,10,0
65840,1,26.56,14,19,0,0,1,2,526,0,0,0,0,2,10,0,14,21,5,2
93863,1,68.92,21,16,0,1,0,1,1936,0,0,0,0,42,10,0,16,2,9,1
43925,0,30.23,21,23,0,2,0,4,391,0,0,0,0,10,15,0,22,19,12,4
14236,0,16.39,8,23,0,2,0,2,939,0,0,0,1,6,15,0,21,18,5,6
35471,1,349.72,11,16,0,2,0,4,2171,0,0,0,0,40,10,0,19,3,8,6
78258,1,25.19,14,7,0,2,0,1,330,0,1,0,0,19,15,0,8,28,11,4
32142,1,1017.89,4,11,0,1,0,1,2167,0,0,0,0,18,15,0,23,3,11,0
17946,1,28.64,14,13,0,6,0,2,699,0,0,0,1,27,15,0,12,31,12,2
67863,1,11.96,4,15,0,0,0,3,435,0,0,0,0,14,0,0,22,24,9,2
57054,1,77.46,11,16,0,1,0,2,776,0,0,0,1,17,0,0,19,27,6,4
48111,1,11.62,20,17,0,0,0,1,1593,0,1,0,0,31,15,0,14,28,4,0
43374,0,8.67,20,7,0,1,0,1,441,1,0,0,0,28,40,0,14,22,6,6
96772,1,70.62,8,10,0,2,1,3,1858,0,0,0,0,36,20,0,0,9,12,1
51394,1,35.24,13,14,0,3,1,0,1770,0,0,0,0,17,10,0,17,28,10,1
80762,1,79.85,18,21,1,3,0,1,1562,0,0,0,1,26,10,0,20,17,9,2
15571,1,47.49,10,17,0,0,1,2,2210,0,0,0,0,2,10,0,20,30,5,4
77143,0,16.45,8,24,0,0,0,4,1252,0,0,0,0,5,15,0,9,2,1,3
10340,1,870.3,19,14,0,0,0,5,796,0,0,0,1,36,45,0,19,9,8,5
86807,0,29.81,8,21,0,2,0,2,896,0,0,0,0,44,25,0,10,28,7,0
80359,1,6.25,9,15,1,1,0,0,2318,0,0,0,0,19,10,0,5,9,1,3
21469,1,20.62,11,13,0,2,1,3,1603,0,1,0,0,26,25,0,20,25,8,0
95824,0,42.99,10,22,0,2,0,0,878,0,0,0,0,8,15,0,18,5,5,0
60368,1,35.67,10,14,0,1,0,1,833,0,1,0,1,16,15,0,12,26,12,4
48785,1,62.28,16,15,1,1,0,1,1118,0,0,0,0,20,10,0,7,6,10,0
63991,1,30.37,11,19,0,1,0,0,1972,0,0,0,1,33,0,0,5,31,3,0
43477,1,5.05,12,13,0,2,0,1,1024,0,0,0,2,4,10,0,20,15,3,5
42499,1,0.07,19,15,0,1,0,2,830,0,1,0,1,38,25,0,1,13,9,5
83371,1,41.97,15,22,0,0,1,2,906,0,0,0,0,15,10,0,4,23,7,2
23834,0,61.39,21,16,0,3,0,2,1625,0,0,0,0,36,25,0,21,8,10,2
27562,1,9.88,14,17,0,7,0,10,75,0,0,0,0,36,45,0,21,26,7,5
22590,1,110.36,17,24,0,1,0,0,98,0,0,0,0,36,10,0,12,12,3,2
68411,1,8.79,14,23,0,2,0,4,1793,0,0,0,0,19,0,0,9,11,7,4
50129,0,36.67,15,9,1,7,0,1,583,0,0,0,0,43,50,0,8,25,3,1
44860,0,2.76,11,14,0,1,0,5,1429,0,1,0,0,24,50,1,5,15,4,1
56805,1,6.46,0,13,0,2,0,2,1219,0,0,0,0,5,0,0,18,7,10,1
36645,0,23.79,2,13,0,1,0,4,1871,0,0,0,0,16,15,0,20,17,10,4
63638,1,31.49,15,20,0,1,0,8,2050,0,0,0,0,40,30,0,17,1,9,0
24355,1,37.7,18,17,0,1,1,1,875,0,0,0,2,32,20,0,14,27,5,1
27594,1,72.52,11,16,0,2,0,3,1197,0,0,0,0,11,0,0,15,29,4,1
10079,0,17.6,11,11,0,2,0,4,908,0,1,0,0,34,30,0,14,3,3,0
52390,1,71.42,14,29,0,0,0,8,1167,0,0,0,0,23,20,0,19,29,9,0
15347,1,35.45,15,30,0,4,0,1,682,0,0,0,0,29,15,0,1,23,12,1
87217,1,57.56,11,16,0,1,0,4,970,0,0,0,0,23,0,0,7,29,6,6
52392,1,22.08,13,18,0,1,1,2,2241,0,0,0,1,28,10,0,7,15,2,5
96170,1,34.57,1,21,0,1,0,0,1515,0,0,0,1,20,0,0,8,17,3,0
92505,1,70.73,13,15,0,0,1,4,1654,0,0,0,0,39,20,0,19,27,3,3
99760,1,56.41,19,16,0,6,0,2,1885,0,0,0,0,8,15,0,23,23,1,3
44521,1,37.4,13,16,0,0,0,3,2105,0,0,0,0,6,0,0,6,27,3,3
36780,1,18.64,17,16,0,1,1,1,960,0,0,0,0,14,10,0,16,15,8,4
26570,1,230.39,11,16,0,1,0,1,1730,0,0,0,0,24,0,0,14,6,11,3
43460,0,58.2,14,27,0,1,0,3,1318,0,0,0,1,30,15,0,10,22,2,5
71758,0,22.08,16,20,0,3,0,0,1164,0,0,0,0,17,15,0,9,22,7,1
99131,1,56.39,6,14,0,0,0,1,590,1,0,0,0,24,25,0,5,11,2,1
87573,1,75.25,12,20,0,1,0,1,248,0,1,0,0,2,15,0,19,2,6,0
68280,0,36.5,23,11,0,0,0,1,394,0,0,0,0,27,15,0,8,8,5,3
68126,1,74.91,13,18,0,1,0,1,2346,0,0,0,0,40,10,0,6,28,8,3
52249,1,9.25,1,22,1,0,0,2,37,0,0,0,0,22,10,0,15,18,12,3
36727,1,10.05,13,23,0,1,0,0,816,0,0,0,0,1,0,0,8,3,4,3
43132,1,0.22,7,15,0,0,0,5,2267,0,0,0,0,41,30,0,7,27,11,3
56059,1,1081.29,15,21,0,1,1,3,326,0,0,0,0,3,25,0,23,20,10,0
86395,0,43.59,12,18,1,1,0,2,38,0,0,0,0,11,25,1,5,10,3,0
79927,1,20.67,0,25,0,0,0,2,917,0,1,0,0,22,15,0,3,11,2,1
13635,1,28.06,7,14,0,4,0,4,1562,0,0,0,0,17,15,0,21,7,7,0
67377,0,57.12,4,26,0,0,0,1,871,0,0,1,0,43,45,1,10,11,2,1
43030,0,6.52,19,20,0,1,0,2,1387,0,0,0,1,17,15,0,11,23,4,2
91539,0,95.24,10,28,0,2,0,3,1834,0,0,0,0,29,15,0,7,14,11,4
67008,1,34.07,13,14,0,1,0,0,1678,0,0,0,0,15,0,0,21,23,12,1
70225,1,44.14,12,16,0,0,0,0,1890,0,0,0,0,1,0,0,1,20,7,6
69172,1,50.24,19,13,0,0,0,1,751,0,0,0,0,41,10,0,9,22,12,0
44723,1,5.54,18,7,0,3,0,4,240,0,0,0,0,11,0,0,6,10,9,2
25954,1,7.35,12,17,0,0,0,3,2020,0,0,0,0,39,10,0,19,13,7,6
18116,1,38.81,13,17,0,1,0,2,1380,0,0,0,0,14,0,0,11,24,3,0
10728,1,26.87,19,19,0,1,0,3,1095,0,1,0,0,29,15,0,18,24,3,0
78197,1,80.62,17,15,0,2,0,4,2316,0,0,0,0,25,0,0,0,24,1,4
22278,1,8.89,12,19,0,4,0,3,315,0,0,0,1,6,15,0,22,10,1,4
68030,1,51.33,17,27,0,6,1,0,896,0,0,0,0,39,35,0,5,23,11,6
33747,1,4.19,8,19,1,2,0,2,1765,0,0,0,2,42,30,0,20,14,4,0
73669,0,30.11,23,22,1,0,1,2,2042,0,0,0,0,13,35,0,17,22,6,6
57540,1,21.92,1,19,0,2,0,0,2124,0,0,1,2,41,40,0,20,20,1,0
21726,1,70.67,18,20,0,3,0,3,1819,0,0,0,0,41,10,0,12,1,7,1
81741,0,54.2,10,27,0,0,0,6,2096,0,0,0,0,20,35,0,18,4,1,5
60471,1,29.08,12,19,0,2,0,1,910,0,0,0,1,38,10,0,15,6,6,4
32639,1,260.14,12,15,1,0,0,1,2016,0,0,0,1,40,20,0,20,16,1,3
93903,1,51.52,12,20,1,0,0,1,443,0,0,0,0,2,10,0,6,27,2,3
76739,0,72.13,0,23,1,1,0,11,1773,1,0,0,0,25,70,1,0,2,5,4
87355,1,38.84,4,16,0,2,0,1,1601,0,0,0,1,14,0,0,4,23,6,0
82801,1,17.7,10,14,0,2,0,0,559,0,0,0,1,15,0,0,14,9,4,2
45221,1,57.22,18,13,0,0,0,3,310,0,0,0,0,43,10,0,5,11,10,5
50702,1,45.93,4,20,0,6,0,0,1547,0,0,0,1,29,15,1,9,16,5,4
45918,1,61.49,6,16,0,0,0,2,1234,0,0,1,0,10,20,0,11,24,9,2
51526,1,42.09,14,17,0,3,0,3,606,0,0,0,1,15,0,0,9,9,8,5
73610,1,9.49,6,17,0,0,1,7,2442,0,0,0,0,41,40,0,0,16,10,3
16039,1,47.34,19,21,0,5,0,11,617,0,0,0,0,23,35,0,12,20,3,3
89917,1,14.52,11,13,1,4,0,3,2022,0,0,0,0,30,25,0,23,22,9,0
80283,0,26.15,2,21,0,2,1,7,489,0,0,0,1,5,45,1,2,16,7,2
77363,1,56.51,18,21,0,1,1,1,515,0,0,0,0,25,10,0,22,20,4,6
25561,1,29.92,12,13,0,0,0,2,54,0,0,0,0,15,0,0,17,20,5,1
86645,1,116.64,9,22,0,0,0,1,1414,0,0,0,0,34,0,0,11,17,10,4
38329,1,160.56,3,20,0,3,0,3,2071,0,0,0,0,29,0,0,6,10,6,1
57371,1,30.31,12,13,1,0,0,1,1061,0,0,0,0,30,10,0,22,30,12,1
70875,0,15.21,13,15,0,0,0,4,320,0,0,0,0,19,15,0,11,2,6,0
21040,1,33.13,18,21,0,1,0,1,450,0,0,0,0,14,0,0,7,20,3,3
69718,1,1.43,6,21,0,2,1,2,1584,0,0,0,0,28,10,0,15,4,7,4
43207,0,38.61,13,24,0,1,0,2,434,0,0,0,1,37,25,0,15,14,9,6
60155,1,51.15,16,17,0,4,0,4,971,0,0,0,0,26,15,0,16,22,2,5
97460,0,495.96,19,23,1,3,0,3,342,0,0,0,0,14,25,0,5,24,10,4
16757,1,2.99,6,25,0,5,0,4,1677,0,0,0,0,39,25,0,9,27,9,5
25835,0,43.79,9,20,0,2,0,1,1274,0,1,0,0,6,30,0,16,17,3,0
43892,0,17.27,9,15,0,4,0,2,1727,0,0,0,1,24,30,0,21,4,4,4
54771,0,22.02,12,25,0,1,0,2,711,0,0,0,0,22,15,0,3,8,2,5
15480,1,55.8,15,10,1,2,1,2,1601,0,1,0,2,2,45,0,14,2,4,2
81352,1,1040.3,23,22,0,0,0,2,1935,0,0,0,0,26,15,1,3,1,1,2
52525,0,24.11,19,22,1,4,0,2,1682,0,0,0,1,15,40,0,17,21,3,4
42214,1,71.85,19,18,0,1,0,1,2196,0,0,0,0,19,0,0,23,26,6,3
72424,1,1115.99,11,24,0,3,0,6,1438,0,0,0,0,10,35,1,4,2,4,2
95494,1,49.15,4,14,0,2,0,1,385,0,0,0,1,29,0,0,19,7,6,5
42303,1,33.14,13,21,0,1,0,2,404,0,0,0,0,19,0,0,7,28,9,6
82749,1,30.01,10,21,0,0,0,3,1131,0,0,0,0,2,0,0,10,11,2,1
91059,1,68.22,6,19,0,1,0,0,2051,0,0,0,0,9,0,0,5,3,7,3
85299,1,32.18,0,17,0,0,1,4,1178,0,1,0,1,27,25,0,6,24,11,0
67903,1,76.86,7,20,0,2,0,1,1197,0,0,0,0,3,0,0,7,8,6,6
32340,1,10.13,3,25,0,1,0,3,605,0,0,1,1,11,20,0,6,15,10,2
59558,1,29.66,12,16,0,4,0,2,506,0,0,0,0,4,15,0,17,2,11,6
60780,0,981.57,17,23,0,2,0,7,664,0,0,0,0,41,60,0,21,13,4,6
44323,1,65.52,16,12,1,4,0,7,1974,0,0,0,1,29,45,0,4,7,2,4
79155,1,41.34,23,22,1,0,1,2,2175,0,0,0,0,36,30,1,16,19,11,2
41195,1,82.87,10,13,0,4,1,2,72,0,1,0,0,17,40,0,23,4,10,5
78630,1,77.33,1,17,0,1,0,1,696,0,0,0,0,16,0,0,14,7,8,3
48920,0,51.04,15,21,0,2,0,1,944,0,0,0,0,35,15,0,3,24,9,2
37911,0,45.96,4,24,0,0,0,4,560,0,0,0,0,23,15,0,12,8,10,2
66716,0,73.0,20,21,0,1,0,3,54,0,0,0,1,3,15,0,21,23,8,5
65618,1,744.23,2,17,0,4,0,3,1909,0,0,0,0,4,30,0,11,2,10,3
94208,1,60.5,11,16,0,4,0,1,138,0,0,0,1,6,15,0,5,15,1,2
46199,1,3.83,13,13,0,0,1,2,985,0,0,1,0,32,30,0,10,2,3,6
38298,0,885.46,12,23,0,1,0,1,1333,0,0,0,1,4,30,0,7,21,9,6
52246,1,21.84,21,16,0,2,0,2,423,0,0,0,1,12,0,0,21,16,1,3
14170,1,32.1,4,17,0,1,0,1,287,0,0,0,0,25,0,0,21,24,12,2
12830,1,70.19,13,21,0,1,0,3,667,0,0,0,1,38,10,0,13,18,2,1
28761,0,64.14,14,30,0,2,0,0,2145,0,1,0,0,41,40,0,2,6,2,3
88885,0,1222.72,0,19,0,0,0,8,1081,0,0,1,0,1,70,1,10,21,10,1
83543,1,7.32,14,20,0,2,0,3,214,0,0,0,1,33,0,0,1,30,3,6
42847,1,33.69,11,15,0,3,0,1,420,0,0,0,0,41,10,0,6,9,9,1
21282,0,57.3,21,17,1,2,0,1,2456,0,0,0,1,32,25,0,11,8,3,5
20547,1,53.55,7,17,0,2,0,0,277,0,0,0,1,39,10,0,14,13,9,5
16614,1,578.92,12,18,0,1,0,2,1128,0,0,0,1,44,25,0,5,26,2,2
51129,1,1131.05,14,22,0,0,1,3,552,0,0,0,0,21,25,1,10,5,1,6
27595,1,63.18,8,12,0,0,0,4,2053,0,0,0,1,25,0,0,11,14,3,4
60132,1,52.24,9,10,0,2,0,1,89,0,0,0,1,15,0,0,22,4,9,3
79686,0,70.56,19,16,0,2,0,3,2359,0,0,0,0,32,15,0,11,28,6,5
33054,1,53.81,10,19,0,2,0,2,1920,0,0,1,0,11,20,0,14,29,1,2
36868,1,26.14,17,20,0,3,0,1,1375,0,0,0,1,7,0,0,0,4,1,5
57425,1,15.81,11,20,1,0,0,5,1817,0,1,0,0,20,45,0,4,13,11,3
45609,1,70.68,14,21,0,0,0,5,2370,0,0,0,0,35,20,0,12,11,2,1
45309,1,45.87,20,17,0,3,0,5,127,0,0,0,0,10,20,0,21,25,12,3
62965,1,78.53,9,19,0,2,0,3,1609,0,0,1,0,27,20,1,8,23,2,6
40642,0,28.42,1,12,0,0,0,3,956,0,0,0,0,32,15,0,3,7,4,0
49226,0,34.61,15,14,1,4,0,2,890,0,0,0,0,26,40,0,21,13,10,0
16810,1,50.51,20,19,0,3,1,4,2267,0,1,0,0,23,25,0,5,3,9,2
95499,1,884.16,17,20,0,0,0,1,2164,0,0,0,0,29,15,0,3,29,3,5
14501,1,27.7,7,12,0,1,0,4,2306,0,0,0,0,37,10,0,0,21,11,4
10461,1,6.04,9,23,0,1,0,1,2157,0,0,0,1,16,0,0,6,18,6,2
90075,1,81.94,14,21,0,0,0,2,735,0,0,0,0,41,10,0,20,30,11,6
67349,1,47.15,14,15,0,1,0,2,469,0,0,0,1,34,0,0,7,14,2,4
63529,1,58.22,10,16,0,0,1,2,1945,0,0,0,0,36,20,0,6,5,2,2
29110,1,5.94,16,22,0,2,0,3,2420,0,0,0,0,42,10,0,21,18,3,1
43281,1,1101.5,10,20,0,3,1,3,1094,0,0,0,0,35,25,0,19,15,2,5
32674,1,37.17,8,13,0,1,1,2,167,0,0,0,0,5,10,0,21,18,3,1
67304,1,1.64,3,28,0,0,0,1,1567,0,0,0,0,10,0,0,4,23,8,5
36421,1,996.12,15,18,0,2,1,1,1651,0,0,0,0,25,25,0,10,2,9,1
31330,1,986.85,9,16,0,1,0,4,95,0,0,0,1,25,15,0,13,14,9,6
49655,0,12.06,14,23,0,3,0,2,298,0,0,0,0,35,15,0,6,16,6,0
64985,1,51.87,14,19,1,4,0,4,1412,0,0,0,1,41,35,1,12,4,10,5
51078,1,13.17,8,18,0,4,0,1,2227,0,0,0,1,13,15,0,8,31,8,6
24352,1,38.98,8,21,0,2,0,1,2382,0,1,0,1,4,15,0,5,26,6,3
62763,0,28.82,15,27,0,0,0,3,2122,0,0,0,0,19,15,0,20,18,3,1
29612,1,915.22,8,22,0,3,0,6,2030,0,0,0,0,37,45,0,6,24,12,2
32872,1,86.26,8,18,0,1,0,2,2477,0,0,0,0,17,0,0,17,25,12,3
35483,0,71.92,11,14,1,0,0,6,612,0,0,0,1,3,45,0,15,13,4,6
58185,1,30.45,17,18,0,0,0,1,345,0,0,0,0,19,0,0,22,16,4,2
33608,1,36.23,18,14,1,2,0,3,50,0,0,0,0,19,10,1,1,29,4,1
37121,1,8.8,8,13,0,0,0,1,545,0,0,0,0,27,0,0,0,6,2,3
43434,0,102.39,6,14,0,5,0,6,1537,0,0,0,1,18,50,1,17,11,11,1
69051,0,15.23,13,22,0,1,1,2,2053,0,0,0,0,18,25,0,19,2,6,0
42371,1,46.98,11,15,1,2,0,1,656,0,0,0,0,44,20,0,12,3,10,4
80100,1,12.04,14,17,1,2,0,0,1071,0,0,0,0,26,10,0,18,31,10,4
79346,0,41.34,16,17,0,0,1,5,1960,0,0,0,0,10,45,0,14,16,1,3
20677,1,646.58,14,24,0,3,0,1,2139,0,0,0,0,18,15,0,17,3,11,0
78683,0,50.51,13,23,0,3,0,3,2389,0,0,0,0,23,15,0,13,2,7,2
11306,0,33.25,12,18,0,3,0,2,1957,0,0,0,0,37,25,0,2,2,3,6
26794,0,55.82,12,14,0,2,0,2,970,0,0,0,0,19,15,0,7,20,9,5
75624,0,96.77,16,19,0,2,0,4,2267,0,0,0,2,36,35,0,16,16,11,6
10778,1,355.38,14,17,0,1,1,3,891,0,0,0,0,38,20,0,10,20,5,1
24758,1,80.44,11,16,1,1,0,1,1978,0,0,0,1,26,10,0,19,10,7,3
36952,1,46.04,14,17,0,2,1,1,1562,0,0,0,0,24,10,1,0,23,2,6
24821,0,20.42,13,13,0,1,0,2,475,0,0,0,0,31,15,0,17,12,5,0
56059,1,10.55,14,19,0,1,0,3,486,0,0,0,1,31,0,0,2,26,10,6
57675,1,50.01,6,18,0,2,0,1,2377,0,0,0,0,32,0,0,19,11,7,4
79000,1,6.0,13,18,0,2,0,3,2183,0,0,0,0,14,0,0,15,20,2,3
13823,0,11.08,20,16,0,2,0,1,975,0,0,0,0,40,25,0,3,30,8,5
47815,1,225.0,9,16,0,0,0,2,1681,0,0,0,0,12,0,0,19,30,7,2
53222,1,15.06,9,16,0,1,0,3,2071,0,1,0,0,22,15,0,19,27,6,4
93598,1,31.55,18,14,0,4,0,0,1225,0,1,0,1,15,30,0,6,3,7,3
58106,1,23.41,13,14,0,1,0,1,845,0,0,0,0,41,10,0,3,11,12,3
11130,1,6.72,13,21,0,2,0,10,1712,0,0,0,0,6,20,0,16,27,2,3
51046,1,13.37,21,17,0,0,0,3,853,0,0,0,0,41,10,0,8,3,10,4
57117,1,20.1,10,15,0,0,0,1,1024,0,0,0,0,41,10,0,22,31,8,6
50220,1,92.01,17,16,0,1,0,1,1437,0,0,0,0,28,0,0,6,3,12,2
44207,1,35.39,11,24,0,2,0,1,1149,0,0,0,0,27,0,0,10,12,11,2
22406,1,12.11,9,17,0,2,0,2,1969,0,0,0,1,7,0,0,17,6,10,0
94182,1,29.85,1,17,0,1,0,4,740,1,0,0,0,20,25,0,11,22,3,5
16139,1,12.89,11,14,0,1,0,2,1765,0,0,0,0,34,0,0,1,25,5,6
22816,0,19.11,9,13,0,0,0,0,1049,0,0,0,0,26,15,0,2,15,4,1
37366,1,54.08,12,18,0,1,1,1,1634,0,0,0,1,12,10,0,2,18,9,3
55805,1,29.28,14,24,0,1,0,1,1917,0,0,0,1,9,0,0,7,20,3,3
68424,0,21.44,15,23,0,2,0,2,1479,0,0,0,2,2,25,0,22,4,8,0
43648,1,6.39,20,18,0,1,0,4,361,0,0,0,1,43,10,0,2,15,3,5
55677,0,29.18,17,21,0,1,0,1,1746,0,0,0,1,21,15,0,17,4,5,6
96330,0,21.69,11,16,0,1,0,0,1847,0,0,0,0,6,15,0,0,3,6,1
33701,1,11.54,11,18,0,1,0,2,551,0,0,0,1,5,0,0,5,23,3,6
76813,1,58.9,9,20,0,4,0,4,1139,0,0,0,0,42,25,0,23,20,2,3
92219,1,62.67,8,17,1,7,0,3,668,0,0,0,3,16,35,0,17,4,5,6
29700,1,303.78,7,20,0,1,1,0,738,0,0,0,0,22,10,0,22,18,1,5
14877,0,51.57,9,12,0,2,1,2,111,0,0,0,1,8,25,1,9,4,5,6
43092,1,5.96,13,7,0,2,0,0,2354,0,0,0,0,3,0,0,6,25,9,3
98081,1,36.62,3,24,0,1,0,4,82,1,0,0,0,23,25,0,12,25,10,5
98793,1,56.47,12,17,0,2,0,1,666,0,0,0,0,18,0,0,18,21,11,4
71077,1,45.27,14,23,0,2,0,0,1353,0,0,0,0,40,10,0,7,15,3,5
85528,1,65.29,11,15,0,2,0,2,1267,0,0,0,0,17,0,0,0,11,1,5
78904,1,27.21,11,12,0,0,1,2,823,0,0,0,1,2,10,0,1,15,4,1
53957,1,44.92,10,15,0,0,0,1,1289,0,0,0,1,20,0,0,10,8,5,3
81145,0,11.7,16,15,0,2,0,0,2123,0,1,0,0,14,30,1,3,7,6,5
19249,1,2.02,15,25,0,1,1,0,89,0,0,0,0,31,10,0,8,23,9,1
64928,1,39.39,20,20,0,1,0,3,370,0,0,0,2,28,10,0,5,22,11,5
46275,0,50.42,14,17,0,0,0,1,1286,0,0,0,0,2,15,0,2,19,2,2
72586,1,18.39,23,27,1,2,0,2,2009,0,0,0,0,22,10,0,14,22,9,0
61206,1,24.7,13,10,1,1,0,2,2448,1,0,0,0,25,35,0,8,31,5,5
97776,1,8.46,13,16,0,0,0,3,2038,0,0,0,0,11,0,0,2,8,4,1
57230,0,48.08,13,16,0,2,0,2,2132,0,0,0,0,20,15,0,4,22,8,4
94734,1,28.48,15,14,0,2,1,0,870,0,0,0,0,33,10,0,1,24,8,6
89553,1,39.03,16,21,0,2,0,1,1465,0,0,0,1,21,0,0,18,6,1,0
44369,1,48.56,8,10,1,4,0,2,1610,0,0,0,0,25,25,0,13,17,6,1
46343,1,53.78,8,16,1,3,0,2,595,0,0,0,0,38,20,0,6,1,12,0
41334,1,19.32,10,15,0,4,0,3,1747,0,0,0,0,36,25,0,5,11,11,1
80074,0,13.74,10,17,0,2,1,7,494,0,0,0,2,42,65,0,20,30,8,5
13782,1,48.94,12,11,0,1,0,3,838,0,0,0,0,12,0,0,15,24,7,3
78473,1,90.48,11,16,0,3,0,2,734,0,0,0,1,37,10,0,1,8,9,0
27220,1,20.72,14,18,0,1,0,2,2487,0,0,0,0,40,10,0,19,19,3,2
12666,1,45.58,9,12,0,1,1,3,187,0,0,0,1,26,10,0,9,20,4,6
96505,1,31.26,14,21,1,1,0,0,597,0,0,0,0,7,10,0,1,30,10,3
87839,1,22.81,18,19,0,1,0,0,361,0,0,0,1,7,0,0,6,25,3,1
13745,1,78.22,11,24,0,1,0,1,1557,0,0,0,0,18,0,0,4,2,8,5
81973,1,25.52,12,12,0,1,0,2,2208,0,0,0,0,2,0,0,0,14,9,6
32996,0,4.44,14,15,0,4,0,4,43,0,0,0,0,20,30,0,0,6,5,1
62707,1,13.04,20,16,0,2,1,6,2370,0,0,0,0,30,30,0,15,2,10,3
28824,1,13.73,16,14,0,1,0,3,381,0,0,0,0,38,10,0,11,25,4,4
25865,0,1100.27,14,19,0,2,0,2,1714,0,0,0,0,39,40,0,1,31,7,3
46643,1,1.8,11,14,0,2,1,2,1603,0,1,0,0,36,35,1,4,9,5,4
59070,1,36.05,23,17,0,1,1,2,576,0,0,0,1,27,10,0,9,18,1,5
14309,1,83.01,12,20,0,2,0,0,2167,0,0,0,0,3,0,0,7,30,5,4
37494,0,54.05,12,27,0,0,0,1,63,0,0,0,1,43,25,0,14,23,1,3
11444,1,49.15,21,12,0,3,0,0,1466,0,0,0,0,43,10,0,6,29,7,1
49765,1,15.93,14,13,0,0,0,6,975,0,0,0,0,12,20,0,13,15,6,6
21447,1,61.89,8,18,0,1,0,3,958,0,0,0,0,19,0,0,10,8,8,4
87842,1,75.65,17,18,0,2,0,5,2106,0,0,0,1,14,20,0,8,10,9,2
58630,0,1.21,7,34,0,2,1,8,687,0,0,0,0,37,55,1,19,30,3,6
28398,1,15.14,1,14,0,2,0,2,75,0,0,0,1,36,10,0,3,17,11,0
46571,0,42.54,15,13,0,0,0,0,797,0,0,0,0,28,15,0,18,27,7,6
25803,1,38.9,15,16,0,0,0,1,547,0,0,0,1,30,0,0,18,25,8,0
24494,1,2.28,7,13,0,1,0,4,1324,0,0,0,0,4,0,0,16,6,10,0
67310,1,31.16,16,15,0,0,0,2,895,0,0,0,1,18,0,0,0,11,6,2
19935,1,38.85,9,21,0,1,1,2,2379,0,0,0,1,15,10,0,3,15,5,3
80783,0,22.59,18,24,0,1,0,1,93,0,0,0,0,12,15,0,0,21,5,2
72251,1,21.28,14,17,0,3,1,5,990,0,0,0,0,36,40,0,1,5,5,0
50802,1,13.2,18,19,0,0,0,2,1667,0,0,0,0,38,10,0,4,6,1,0
32199,1,28.62,9,18,0,1,0,2,2257,0,0,0,0,30,0,0,12,25,11,1
18937,1,68.32,16,12,0,1,0,0,2324,0,0,0,1,13,0,0,18,6,7,6
44940,1,7.83,12,21,0,1,0,1,468,0,0,0,0,21,0,0,10,25,10,5
82793,1,39.25,3,12,0,2,0,0,1862,0,0,0,0,29,0,0,5,20,8,2
21073,1,90.53,14,10,0,1,0,1,1267,0,0,0,1,5,0,0,7,5,3,2
33318,0,17.76,16,15,1,4,0,3,2479,0,0,0,0,18,40,0,10,27,1,0
34718,1,1086.77,23,19,0,2,0,2,1776,0,0,0,0,12,15,0,17,20,10,0
86378,1,68.69,17,22,0,0,1,1,587,0,0,0,1,3,10,0,11,18,6,2
81443,1,28.81,11,19,0,1,0,2,332,0,0,0,1,41,10,0,18,18,1,5
35221,1,74.87,10,20,0,2,0,3,2290,0,0,0,0,34,0,0,22,13,2,3
55856,1,51.63,8,20,0,1,0,1,488,0,0,0,0,28,0,0,3,16,3,6
39485,1,3.39,8,18,0,1,1,3,334,0,0,0,0,22,10,0,1,31,5,5
65767,1,5.5,15,20,1,0,1,4,932,0,0,0,2,24,30,0,12,11,5,6
28161,1,61.43,10,21,0,1,0,2,1861,0,0,0,1,16,0,0,6,6,10,0
28396,1,1127.3,16,17,0,2,0,2,1438,0,1,0,1,17,30,0,12,12,11,2
20054,1,16.09,11,20,0,2,0,2,108,0,0,0,1,28,0,0,20,30,10,3
83053,1,22.28,12,18,0,2,1,2,2328,0,0,0,0,38,20,0,9,7,9,6
66823,0,35.55,1,13,0,2,0,1,2060,0,0,0,1,44,25,0,11,30,12,1
78478,1,66.03,20,24,0,2,0,7,1227,0,0,0,0,40,30,0,17,15,7,1
13959,1,40.94,17,13,0,2,0,4,1875,0,0,0,0,41,10,0,13,28,10,1
39090,1,205.34,12,17,0,1,0,1,370,0,0,0,0,22,0,0,10,12,9,4
45135,1,27.19,13,29,0,2,0,1,198,0,0,0,0,8,0,0,5,20,11,3
68572,1,40.13,20,25,0,4,0,1,1893,0,0,0,0,23,15,0,10,20,9,5
91515,0,82.72,23,19,0,1,0,4,1966,0,0,0,0,17,15,0,17,12,1,6
90359,1,41.82,18,12,0,1,1,1,591,0,0,0,2,32,20,0,15,28,11,4
26215,1,32.2,10,21,0,0,0,1,2045,0,0,0,0,3,0,0,18,9,6,0
62372,0,63.66,16,23,0,1,0,1,1401,0,0,0,0,44,25,0,23,24,4,3
63324,1,89.77,14,13,0,2,0,3,795,0,0,0,0,28,0,0,20,28,8,3
96572,1,105.12,18,13,0,1,0,3,2387,0,0,1,1,33,20,0,11,20,9,5
21400,1,43.54,3,23,0,2,1,1,2301,0,0,0,0,11,10,0,3,6,11,3
65887,1,44.27,14,19,0,1,1,2,347,0,0,0,0,26,10,0,11,30,10,3
48447,1,45.16,9,17,0,5,0,1,307,0,1,1,0,24,50,0,4,19,12,4
60358,1,24.1,10,20,0,0,0,1,2498,0,0,0,0,34,0,0,23,23,3,6
41534,1,33.82,9,17,0,1,0,2,1554,0,0,0,1,27,0,0,13,21,1,1
94374,1,1.55,17,12,0,1,1,1,177,0,0,0,1,15,10,0,18,28,9,6
63296,1,31.63,18,23,0,2,0,10,1509,0,0,0,0,37,30,0,22,14,10,1
36997,1,1.42,9,20,0,3,0,1,1473,0,0,0,0,6,0,0,16,24,5,5
55330,1,64.88,10,19,0,0,1,4,1459,0,0,0,2,12,20,0,1,3,3,0
51519,1,13.56,10,17,0,1,0,1,1299,0,0,0,0,16,0,0,7,2,6,0
67605,1,68.14,13,15,0,0,0,1,436,0,0,0,0,5,0,0,20,31,12,2
11116,1,29.47,7,18,0,2,1,6,608,0,0,0,0,5,30,0,10,19,4,5
32737,1,35.69,18,10,0,7,0,3,1347,0,0,0,0,15,15,0,14,18,5,6
74621,1,689.12,11,22,0,8,1,1,1636,0,0,0,0,32,40,1,3,29,6,6
62038,0,39.28,13,19,0,6,0,1,1557,0,1,0,1,20,45,0,8,13,12,5
48641,1,6.25,10,31,0,1,0,3,1308,0,0,0,1,25,0,0,14,26,7,5
97097,0,18.04,12,16,0,1,0,3,2415,0,0,0,0,35,15,0,15,7,10,1
16859,1,61.02,14,15,0,2,0,0,672,0,0,0,0,3,0,0,18,28,4,0
79542,0,1212.94,12,19,0,1,0,2,422,0,0,0,1,19,30,0,7,17,9,2
59054,1,32.49,20,17,0,0,0,3,2117,0,0,0,0,13,0,0,13,5,8,1
84073,0,31.09,17,23,0,2,0,3,416,0,0,0,1,44,25,0,16,18,6,2
69951,1,2.45,4,18,0,2,0,2,1310,0,1,0,0,38,25,0,12,28,12,6
63255,1,46.95,3,21,0,1,0,5,827,0,0,0,1,16,20,0,1,7,12,6
54581,1,140.08,18,28,0,4,0,1,1859,0,1,0,0,20,30,0,21,21,1,1
95694,1,26.2,12,26,0,3,0,2,1727,0,0,0,0,38,10,0,11,7,5,2
85193,0,41.86,14,17,1,1,1,4,2438,0,0,0,0,20,35,0,3,25,8,0
29530,1,322.95,15,18,0,0,0,4,932,0,0,0,0,27,0,0,23,4,6,2
51116,0,14.62,3,18,0,1,0,0,1782,0,0,0,0,10,15,1,8,3,2,0
94673,1,5.59,16,22,0,0,1,5,1536,0,0,0,0,28,30,1,22,28,12,6
70281,1,10.92,17,16,1,2,0,4,341,0,0,0,0,33,10,0,5,22,6,6
59973,0,54.91,18,16,0,1,0,2,973,0,0,0,0,5,15,0,19,10,9,2
19275,1,29.73,11,15,0,2,0,8,604,0,0,0,0,36,30,1,4,27,3,3
48736,1,16.28,1,15,0,1,0,2,686,0,0,0,0,19,0,0,18,12,2,2
27112,1,57.44,22,19,0,4,0,1,273,1,0,0,0,36,50,0,5,6,3,3
19581,1,44.85,14,12,0,1,0,1,2315,0,0,0,0,17,0,0,13,7,9,6
70727,1,499.0,14,19,0,2,1,5,793,0,0,0,0,14,30,0,16,2,2,6
28774,1,72.73,12,24,0,0,0,0,1648,0,0,0,1,19,0,0,20,14,1,1
95489,1,33.6,14,21,1,3,1,5,1457,0,0,0,0,8,40,0,13,25,1,5
86462,0,8.84,6,20,0,1,0,4,565,0,0,0,0,42,25,0,18,14,3,4
78749,1,34.08,12,14,0,0,1,1,1898,0,0,1,1,17,30,0,14,23,8,5
24546,1,0.07,7,17,0,0,0,2,1064,0,0,0,0,33,0,0,9,29,1,2
72933,1,7.0,10,24,0,0,0,0,2138,0,0,0,1,29,0,0,1,6,9,5
53200,0,81.52,13,14,0,0,0,1,120,0,0,0,0,15,15,0,23,8,9,0
43690,1,24.04,21,11,0,1,0,1,400,0,0,0,1,4,0,0,20,4,5,6
95928,0,33.79,10,27,1,2,0,1,1253,0,0,0,1,21,25,0,15,4,5,6
36393,1,7.8,3,12,0,3,0,1,570,0,0,0,0,4,0,0,0,30,11,6
82312,1,14.81,16,13,0,6,0,2,1575,0,0,0,0,27,15,0,0,16,12,1
76452,1,14.12,16,20,0,0,1,1,1505,0,0,0,0,29,10,0,13,31,12,2
53792,0,29.86,14,21,0,0,0,1,427,0,0,0,0,8,15,0,10,14,4,0
19673,1,444.91,19,16,0,1,0,4,2190,0,0,0,1,31,0,0,7,4,8,0
45617,1,7.44,15,20,0,0,0,1,72,0,0,0,0,24,0,0,8,22,5,3
77930,1,445.95,18,23,1,0,0,3,2117,0,0,0,2,8,20,0,3,18,2,1
67975,1,35.43,3,18,1,1,0,5,1032,0,0,0,0,11,30,0,11,20,11,3
22343,1,48.57,11,19,0,1,0,2,2324,0,1,0,1,23,15,0,18,21,8,3
30027,0,10.34,16,18,0,1,0,2,1838,0,0,0,0,12,15,0,11,4,6,2
97249,0,15.36,10,17,0,0,0,2,621,0,0,0,0,18,15,0,8,1,2,5
39677,0,38.15,16,11,0,2,1,0,1688,0,0,0,1,25,25,0,2,5,11,2
56538,1,10.04,10,19,0,1,1,0,1751,0,0,0,0,40,20,0,0,19,4,5
14676,1,163.86,9,22,0,1,0,1,1047,0,0,0,0,34,0,0,12,9,1,3
82241,1,28.16,17,16,0,2,0,2,195,0,0,0,0,1,0,0,18,11,9,3
40927,1,15.6,13,12,0,1,0,4,1594,0,0,0,0,40,10,0,14,14,4,0
60860,1,47.9,13,19,0,1,0,0,2305,0,0,0,0,13,0,0,9,10,10,4
10551,1,24.87,9,11,0,1,1,1,762,0,0,0,1,30,10,0,4,5,8,1
93616,1,60.83,18,14,0,0,0,3,883,0,0,0,0,7,0,0,8,14,3,4
65201,1,30.92,0,20,0,7,0,3,2464,0,0,0,0,30,15,0,22,1,5,3
14497,1,23.2,17,15,0,0,0,0,1452,0,0,0,0,24,0,0,23,3,10,4
13853,1,8.5,6,19,0,1,0,1,1065,0,0,0,0,39,10,0,13,21,1,1
82929,1,58.79,17,21,0,1,0,1,230,0,0,0,0,33,0,0,9,11,1,5
15151,1,14.28,17,18,0,0,0,1,1697,0,0,0,0,6,0,0,3,29,1,2
26183,1,39.36,21,20,0,1,0,2,959,0,0,0,1,24,0,0,10,15,9,0
92885,0,66.74,8,17,0,4,0,1,1553,0,0,0,0,41,40,0,17,22,4,1
17987,1,15.04,12,22,0,1,0,1,236,0,0,0,0,2,0,0,2,9,9,1
78737,1,83.61,19,18,0,2,1,0,1884,0,0,0,1,16,10,0,6,29,8,4
65114,1,15.35,1,22,0,2,0,1,2328,0,0,0,0,19,0,0,11,11,6,2
60402,1,6.39,8,9,0,1,0,4,358,0,0,0,0,20,0,0,21,19,10,6
91148,1,39.75,13,22,0,9,0,1,114,0,0,0,0,12,15,0,0,13,11,3
43540,1,17.38,12,17,0,3,1,2,1375,0,0,0,0,9,10,0,1,6,11,3
69993,1,44.11,11,17,0,4,0,2,1145,0,0,0,0,3,15,0,13,9,5,4
96046,1,23.82,11,23,0,1,0,1,2071,0,0,0,0,28,0,0,14,21,2,4
77246,0,23.03,15,17,0,5,0,2,382,0,0,1,0,10,50,0,0,8,2,5
66875,0,55.94,18,20,0,6,0,1,1787,0,0,0,0,37,40,0,17,8,2,5
77635,1,28.25,10,11,1,2,0,1,1017,0,0,0,1,26,10,0,23,20,8,2
49729,1,63.36,11,24,0,0,0,1,931,0,0,0,0,28,0,0,20,26,1,6
16034,1,42.86,11,24,0,4,0,3,818,0,0,0,1,21,15,0,13,26,7,5
63189,1,34.35,17,25,0,0,0,3,42,0,0,0,0,22,0,0,3,10,10,4
18894,1,65.06,0,17,0,3,0,3,2379,0,0,0,1,22,0,0,8,29,8,4
84644,1,11.09,12,19,0,0,0,2,2495,0,0,0,0,29,0,0,13,23,10,3
45876,1,62.26,12,19,0,2,0,1,1551,0,0,0,0,18,0,0,15,20,3,3
92968,1,60.13,11,18,0,2,0,2,1848,0,0,0,0,43,10,0,1,20,9,5
42914,1,51.67,14,13,0,1,0,2,507,0,0,0,0,14,0,0,15,30,12,1
39079,1,1.6,15,18,0,5,0,2,645,0,0,0,0,32,15,0,12,29,12,0
26134,0,29.8,15,19,0,0,1,1,561,0,1,0,1,35,40,0,21,13,2,3
73993,0,21.08,10,18,0,2,0,2,1852,0,1,1,0,8,50,0,0,5,1,6
78308,0,6.63,13,18,0,2,0,0,750,0,0,0,0,33,15,0,20,14,3,4
45709,0,2.53,8,15,1,2,0,2,1394,0,0,0,0,10,25,0,13,12,8,1
55543,1,25.84,16,16,0,0,0,6,1308,0,0,0,1,4,20,0,11,11,11,1
40624,1,53.98,13,20,0,6,0,1,1563,0,0,0,0,5,15,1,12,29,6,6
19502,0,54.7,11,17,0,3,0,2,1157,0,0,0,0,11,15,0,10,19,11,2
80481,1,28.98,11,16,0,0,0,0,991,0,0,0,1,2,0,0,20,28,6,5
82735,1,9.6,14,15,0,2,0,1,1483,0,0,0,1,43,10,0,22,2,6,0
58696,1,36.24,14,15,0,0,0,5,181,0,0,0,0,10,20,0,10,4,4,4
35456,1,3.63,9,10,0,3,0,1,833,0,0,0,0,8,0,0,20,9,6,0
59784,1,13.54,7,15,1,1,0,0,1792,0,0,0,1,30,10,0,3,11,6,2
80624,1,66.3,16,15,0,2,0,2,2061,0,0,0,0,36,10,0,4,17,1,4
33808,1,83.94,13,17,0,0,0,0,2459,0,0,0,0,36,10,0,1,14,2,4
96849,1,64.64,16,23,0,2,0,2,2289,1,0,0,0,4,25,0,15,25,8,0
53726,1,34.31,11,21,0,2,1,5,455,0,0,0,0,30,30,0,1,25,1,5
17560,1,14.47,14,21,0,2,0,3,2020,0,0,0,0,36,10,0,23,27,9,5
66796,1,47.12,11,26,0,9,0,1,2493,0,0,0,0,28,15,0,4,1,10,2
28680,0,0.44,12,19,0,1,0,1,379,0,0,0,1,27,15,0,14,24,12,2
86621,1,24.83,11,15,0,3,1,0,1253,0,0,1,0,13,30,0,3,1,3,5
74203,1,17.63,19,14,0,2,0,2,1393,0,0,1,0,39,30,0,17,29,11,5
95707,1,42.72,18,22,0,1,0,0,1739,0,0,0,1,10,0,0,3,19,3,2
61524,1,32.08,17,23,0,0,0,1,1135,0,0,0,0,33,0,0,5,30,8,5
53596,1,65.0,1,21,0,0,0,1,249,0,0,1,0,36,30,0,7,2,12,1
68232,1,95.46,9,21,0,0,0,4,337,0,0,0,0,16,0,0,7,3,4,3
71367,1,79.19,8,18,0,0,0,5,84,0,0,0,2,26,30,0,13,25,10,5
28971,1,459.07,19,12,1,2,0,7,1442,0,0,1,0,8,50,0,18,11,7,4
68867,1,20.88,6,19,0,2,0,2,1432,0,0,0,2,8,10,0,17,2,10,3
78264,1,45.3,12,15,1,1,0,0,1803,0,0,0,0,40,20,0,5,27,9,5
32727,1,59.2,8,13,0,2,0,1,1494,0,0,0,0,17,0,0,0,9,9,1
66755,1,50.82,12,19,0,1,0,7,1152,0,0,0,1,14,20,0,8,22,8,4
59962,1,34.5,21,16,0,1,0,1,1304,0,0,0,0,38,10,0,20,25,5,6
26203,1,65.44,13,22,0,1,0,1,2246,0,0,0,0,42,10,0,9,19,11,2
77774,1,55.32,12,20,0,3,0,2,2405,0,0,0,0,7,0,0,2,25,7,4
52189,0,618.65,15,22,0,0,0,4,1951,0,0,0,0,13,30,0,1,9,8,5
51369,1,102.61,16,20,0,2,0,6,962,0,0,0,0,9,20,0,3,31,5,5
35920,0,12.09,12,20,0,1,0,2,2239,0,0,0,0,31,15,0,3,19,4,5
78816,1,54.12,0,22,1,6,0,1,2270,0,0,0,2,18,35,0,17,2,1,3
59152,1,16.92,19,13,0,0,0,2,972,0,0,0,2,39,20,0,20,2,5,4
19443,1,2.03,22,22,0,1,0,2,91,0,0,0,0,11,0,0,23,27,3,3
18751,0,471.98,8,16,0,8,0,3,907,0,0,0,0,1,30,0,9,8,1,2
31944,1,26.29,8,27,0,2,0,4,840,0,0,0,0,43,10,0,22,21,4,0
27017,1,1180.81,18,19,0,4,0,0,1028,0,0,0,1,14,30,0,7,4,12,3
59526,1,12.58,13,7,0,2,0,3,2138,0,0,0,0,35,0,0,4,27,2,3
98274,0,2.03,6,21,0,2,0,4,942,0,0,0,0,7,15,0,16,18,9,3
52086,1,12.74,20,14,0,1,0,1,1496,0,1,1,0,38,45,1,11,3,5,5
15060,0,12.95,13,25,0,1,0,3,1707,0,0,0,0,4,15,0,18,10,5,5
81844,1,66.52,10,13,0,2,0,3,2346,0,1,0,0,33,15,0,3,16,10,3
94488,1,26.34,12,11,0,0,0,7,43,0,0,0,0,3,20,0,14,4,5,6
55091,1,49.34,12,8,0,1,1,2,716,0,0,1,0,17,30,0,21,6,3,3
37001,0,12.39,9,23,1,3,0,0,340,0,0,0,0,9,25,0,8,10,5,5
72960,1,45.28,16,21,0,2,0,2,1294,0,0,0,0,18,0,0,21,14,10,1
54626,1,25.57,9,19,0,1,1,2,32,0,0,0,0,29,10,0,17,3,7,3
58345,1,8.77,14,17,0,0,0,6,1358,0,0,0,1,15,20,0,13,16,3,6
18003,1,210.93,22,23,1,0,0,4,1367,0,0,0,1,14,10,0,9,20,4,6
67156,1,6.85,11,12,1,3,0,1,2109,0,0,0,0,28,10,0,9,18,3,1
37175,1,50.32,10,18,0,1,0,5,2231,0,0,0,0,17,20,0,4,22,12,0
43829,1,20.2,16,21,0,1,1,0,767,0,0,0,0,9,10,0,23,9,6,0
17461,1,59.38,8,15,0,1,0,4,896,0,0,0,0,26,0,0,12,26,9,4
96449,0,75.23,1,20,0,0,0,1,248,0,0,1,1,31,35,0,6,7,10,1
23297,1,2.46,9,12,0,1,0,2,965,0,1,0,0,32,15,0,5,17,5,5
35151,1,2.16,7,13,1,2,0,0,2378,0,0,0,2,18,20,0,14,9,1,3
43102,0,88.07,9,19,0,1,1,3,641,0,0,0,2,32,35,0,10,3,2,0
84054,0,42.59,16,29,0,2,0,1,822,0,0,0,0,41,25,0,23,9,12,1
80772,1,84.24,18,20,0,2,0,3,682,0,0,0,1,1,0,0,19,8,9,0
26003,1,350.53,11,22,0,4,0,1,1158,0,0,0,0,23,15,0,16,22,5,3
13561,1,102.2,23,14,0,1,0,1,460,0,0,0,1,12,0,0,21,19,4,5
30295,1,11.44,13,19,1,2,0,0,542,1,0,0,0,11,35,0,21,11,3,1
26279,0,39.26,9,25,0,2,0,4,42,0,0,0,0,21,15,0,16,19,5,0
29377,1,11.22,2,14,0,0,1,4,772,0,1,0,1,25,25,0,23,22,9,0
24764,1,6.71,6,15,1,2,0,2,2034,0,0,0,0,12,10,0,0,24,9,2
80203,0,45.44,6,16,0,0,0,1,1515,0,0,0,0,17,15,0,18,16,2,6
91142,0,16.09,13,14,0,2,0,4,1692,0,0,0,0,35,15,0,6,6,4,6
56990,1,0.03,9,10,0,0,0,4,1716,0,0,0,1,25,0,0,13,14,9,6
88000,0,1.54,15,19,0,3,0,5,1347,0,0,0,1,41,45,0,17,7,8,3
17782,1,14.59,18,21,0,1,0,1,990,0,0,0,1,44,10,0,19,8,7,1
44326,0,10.46,10,17,0,0,0,2,591,0,0,0,1,27,15,0,18,28,10,1
89313,1,125.58,7,20,0,0,1,2,1524,0,0,0,1,19,10,0,6,5,11,2
82630,1,2.14,23,24,0,2,1,2,932,0,0,0,0,37,20,0,2,17,3,0
83930,1,27.53,14,12,0,3,0,2,1635,0,0,0,0,14,0,0,21,28,9,6
18654,1,53.76,10,24,0,4,0,2,430,0,0,0,0,25,15,0,12,28,8,3
97922,1,19.61,2,17,0,2,1,3,1107,0,0,0,0,44,20,0,19,8,11,5
51858,1,296.52,18,17,0,3,0,5,1240,0,0,0,0,10,20,0,15,27,3,3
76944,0,51.15,0,24,0,2,0,1,43,0,0,0,0,27,15,0,8,16,8,5
34630,1,1.87,15,18,0,4,0,3,766,0,0,0,0,13,15,0,11,25,8,0
47605,1,39.92,21,17,1,0,0,1,2183,0,0,0,0,34,10,0,4,7,1,1
89144,1,46.22,10,16,0,3,0,3,2024,0,1,0,0,26,15,0,16,26,8,1
78375,1,51.42,19,19,0,1,0,1,1447,0,0,0,0,32,0,0,10,17,8,6
81172,1,32.93,20,15,0,0,0,3,478,0,0,0,1,3,0,0,5,19,12,4
17032,1,14.54,18,22,0,0,0,3,2212,0,0,0,1,5,0,0,22,24,11,0
36287,1,28.61,8,12,0,0,0,2,707,0,1,0,0,5,15,0,17,29,11,5
88680,0,56.11,20,17,0,1,0,1,1145,0,0,0,0,30,15,0,6,26,10,6
40269,1,13.64,8,18,0,2,0,4,766,0,0,0,0,5,0,0,6,10,10,4
11152,1,11.99,0,21,1,2,0,3,2473,0,0,0,1,31,10,0,0,31,8,6
97210,0,79.59,16,16,0,1,0,4,96,0,0,0,1,31,15,0,11,25,6,2
90513,1,68.34,21,20,0,1,0,1,398,0,0,1,0,19,20,0,19,4,2,1
80241,0,34.0,16,17,0,1,0,3,1661,0,0,0,0,26,15,0,2,5,4,5
17660,0,780.47,8,24,0,0,0,1,222,0,0,0,0,5,30,0,16,18,1,5
61839,1,10.39,14,15,0,1,0,3,2106,0,0,0,0,38,10,0,19,6,12,5
54158,1,45.36,20,17,0,5,0,2,2487,0,0,0,1,44,25,0,3,31,5,5
20729,1,71.1,23,15,0,3,0,4,803,0,0,0,1,44,10,0,12,15,6,6
85505,1,3.15,10,20,0,0,0,1,1144,0,0,0,0,23,0,0,8,3,2,0
39376,0,35.7,12,21,0,2,0,3,2420,0,0,0,0,28,15,0,11,2,3,6
44361,1,23.29,12,15,0,2,0,6,309,0,0,0,0,16,20,0,22,12,1,6
77101,1,61.64,8,15,0,3,0,4,1158,0,0,0,0,33,0,0,10,10,11,0
41848,1,2.75,17,23,0,1,1,5,2480,0,0,0,0,19,30,0,4,31,10,4
64373,1,61.96,1,24,0,2,0,2,143,0,0,0,0,31,0,0,16,5,10,6
36183,1,61.09,16,21,0,2,0,2,837,0,0,0,0,15,0,0,15,2,1,3
84065,1,57.35,23,16,0,0,0,3,1978,0,1,0,0,3,15,0,21,13,1,0
24017,1,33.84,6,25,0,2,0,2,254,0,0,0,0,38,10,1,16,31,7,3
32974,1,140.25,17,26,1,1,0,4,1741,0,0,0,0,12,10,0,19,11,10,5
16784,1,59.18,12,16,0,2,0,0,958,0,0,0,0,20,0,0,10,12,11,2
29763,0,74.7,15,26,0,0,0,1,1441,0,0,0,1,35,15,0,0,10,12,2
44997,1,11.86,17,16,0,1,0,3,504,0,0,0,0,37,10,0,2,21,11,4
11729,0,20.09,2,20,0,1,0,2,2186,0,0,0,0,17,15,0,2,13,8,2
70455,0,36.98,17,15,0,1,0,1,399,0,0,0,0,37,25,0,2,2,4,2
10543,1,40.4,12,20,1,0,0,2,461,0,0,0,1,16,10,0,7,26,7,5
81531,1,73.24,15,15,0,2,0,3,397,0,0,0,0,31,0,0,16,4,8,0
19960,1,6.61,11,21,0,1,0,4,679,0,0,0,0,2,0,0,14,10,8,6
35381,1,5.82,9,19,0,8,0,1,1254,0,0,0,1,17,15,0,1,17,6,1
62654,1,787.38,18,23,0,2,1,1,2416,0,0,0,0,3,25,0,11,15,12,0
26490,0,34.28,8,16,0,2,0,2,1507,0,0,0,0,28,15,0,23,25,12,3
88066,0,16.16,10,9,0,2,0,1,344,0,0,0,1,30,15,0,7,17,8,6
52840,0,5.67,9,20,0,6,0,4,2491,0,0,0,0,38,40,0,4,3,3,0
73553,1,53.38,8,26,0,0,1,1,383,0,0,0,0,1,10,0,23,27,9,5
22642,0,24.85,2,15,1,1,0,1,231,0,0,0,0,37,35,0,21,9,5,4
52293,1,22.96,17,11,0,3,0,2,1602,1,0,0,0,44,35,0,19,1,9,0
38056,1,146.18,12,12,0,2,0,3,1982,0,0,0,0,19,0,0,4,21,4,0
98083,1,1083.83,7,18,0,1,0,4,796,0,1,0,0,28,30,0,22,7,4,0
93183,0,372.33,10,22,0,3,0,3,1172,0,0,0,0,36,25,0,21,4,10,5
12023,1,64.78,14,24,0,3,0,0,479,1,0,0,0,20,25,0,21,18,10,5
69456,1,95.0,22,14,0,2,0,0,2426,0,0,0,0,16,0,0,11,4,8,0
42469,1,47.0,11,11,0,4,0,1,1945,0,0,0,0,12,15,0,6,24,12,2
44934,1,23.65,11,15,0,2,1,0,2077,0,0,0,2,41,30,0,1,7,7,0
28676,1,40.21,22,12,0,1,0,3,1027,0,0,0,0,44,10,0,18,4,1,5
88630,0,30.08,12,16,0,0,0,4,1778,0,0,0,0,21,15,0,14,26,11,2
58950,1,86.42,15,22,1,5,0,3,129,0,0,0,1,9,25,0,18,9,1,3
44224,1,1063.82,11,21,1,2,0,2,480,0,0,0,0,38,35,0,20,28,1,1
75125,0,34.73,6,16,0,3,1,4,678,0,0,0,0,17,25,1,5,20,2,3
36474,1,21.06,10,20,0,10,1,8,1070,0,0,0,1,9,45,0,21,17,9,2
72387,1,81.51,19,21,0,4,0,2,2083,0,0,0,0,24,15,0,21,7,11,4
30407,0,91.73,0,18,0,7,0,1,854,0,0,0,0,39,40,0,1,25,3,1
27831,0,68.75,3,21,0,1,1,3,1145,0,0,0,0,5,25,0,15,11,8,0
57988,1,3.37,12,26,0,0,0,1,1650,0,0,0,0,21,0,0,4,31,7,3
70576,0,32.91,19,15,0,1,0,2,1311,0,0,0,1,4,15,0,16,11,7,4
15572,1,45.44,8,14,0,2,0,0,1174,0,0,0,1,1,0,0,1,11,1,5
35119,1,12.61,22,20,0,2,0,0,1804,0,0,0,1,14,0,0,21,25,12,3
10457,1,5.54,16,16,0,5,0,2,1176,0,0,0,0,17,15,0,14,28,6,5
65448,0,48.44,8,21,0,1,0,1,1120,0,0,0,0,20,15,0,18,21,4,0
54993,1,102.38,17,18,0,2,0,6,703,0,1,0,0,9,35,0,7,30,6,0
42310,1,16.66,9,9,1,1,1,0,756,0,0,0,0,2,20,0,2,9,12,1
24287,0,63.36,18,30,1,1,0,2,2142,0,0,0,0,6,25,0,20,28,4,0
41913,1,52.52,4,10,0,3,0,8,1644,0,0,0,0,17,20,0,1,18,5,6
33579,0,26.74,9,15,0,1,0,4,2222,0,1,0,0,12,30,0,5,5,4,5
84894,1,1107.68,8,20,0,1,0,2,1122,0,0,0,1,4,15,0,19,4,1,5
10933,1,21.61,14,25,0,0,0,8,259,0,0,0,0,10,20,0,13,16,11,6
54311,1,41.88,16,15,0,0,0,2,654,0,0,1,1,44,30,0,4,22,9,0
36103,0,43.5,15,23,0,2,0,5,986,0,0,0,0,22,35,0,4,26,6,3
79619,1,52.49,14,23,0,2,0,0,2068,0,0,0,0,22,0,0,7,3,1,4
81541,1,54.62,13,22,0,7,0,0,1014,0,0,0,0,26,15,0,4,9,7,2
20747,1,39.75,11,15,0,1,0,3,82,0,0,0,0,18,0,0,18,11,2,1
16404,1,0.35,23,21,0,1,0,3,2003,0,0,0,0,26,0,0,5,1,8,4
36726,0,68.74,15,17,0,5,0,1,460,0,0,0,0,9,30,0,0,16,8,5
37668,1,67.17,18,18,0,0,0,4,1335,0,0,0,0,12,0,0,21,5,4,5
96356,0,25.42,15,14,0,0,0,2,2109,0,0,0,0,20,15,0,19,2,4,2
80179,1,355.71,5,30,0,2,0,1,1852,0,0,0,1,12,0,0,23,20,8,2
63387,1,38.43,8,15,0,1,0,2,730,0,0,0,1,40,10,0,10,23,11,6
58326,1,15.91,5,20,0,1,0,1,1039,0,0,0,0,3,0,0,13,21,4,0
99520,1,40.0,20,19,0,3,1,3,1614,0,0,0,0,4,10,0,17,28,6,5
93502,1,741.08,10,18,0,1,1,1,1424,0,0,0,0,19,25,1,22,14,2,4
67025,1,93.82,15,16,0,4,0,2,2368,0,1,0,0,42,40,0,11,7,3,4
75850,0,15.94,10,17,0,0,0,3,1043,0,0,0,0,40,25,0,3,29,7,1
11436,1,10.29,13,16,0,6,0,11,2439,0,0,0,2,5,45,0,1,19,10,6
71976,0,85.96,16,23,0,5,0,2,384,0,0,0,0,34,30,0,11,27,1,0
72513,1,29.02,17,17,0,1,0,1,1769,0,0,0,0,38,10,0,0,1,6,6
69318,1,10.24,13,19,0,2,0,2,473,0,0,0,1,8,0,0,17,11,7,4
41263,1,18.81,9,14,0,1,0,3,34,0,0,0,1,27,0,0,11,8,3,5
79642,1,25.3,6,26,0,1,0,0,1215,0,0,0,0,41,10,0,5,23,2,6
26235,1,26.12,15,19,0,3,1,2,1339,0,0,0,1,15,10,0,3,15,9,0
17287,1,114.98,18,18,0,0,0,1,1607,0,0,0,0,11,0,0,20,20,11,3
26834,0,53.96,14,21,0,1,0,0,749,0,0,0,2,6,25,1,17,18,8,0
20840,1,19.94,13,28,0,1,0,3,216,0,0,0,0,43,10,0,8,12,9,4
23444,0,84.75,15,14,0,6,0,2,249,0,0,0,0,5,30,0,4,25,6,2
94431,1,37.54,18,15,1,5,1,1,2373,0,0,0,0,5,35,1,5,29,3,5
17556,0,59.61,4,15,0,2,0,9,2490,0,0,0,0,26,35,0,20,16,5,4
99079,0,306.4,12,15,0,2,0,1,553,0,0,0,0,19,15,0,20,30,5,4
43030,1,13.89,0,17,0,0,0,1,1251,0,1,0,1,10,15,0,5,16,6,0
52294,1,11.64,7,17,0,0,0,3,1051,0,0,0,0,19,0,0,18,17,3,0
22736,1,85.15,11,25,0,0,0,6,2292,1,0,0,0,8,45,0,21,26,9,4
75117,1,56.14,16,20,0,1,0,1,140,0,0,0,0,39,10,1,3,4,11,1
86905,1,61.15,14,16,0,1,1,3,86,0,1,0,0,24,25,0,6,16,3,6
10560,1,55.39,15,14,0,1,1,3,1608,0,0,0,0,6,10,0,6,11,9,3
89363,1,53.8,9,22,0,1,0,1,2251,0,0,0,0,18,0,0,2,12,11,2
42381,0,33.72,15,14,0,1,1,2,1697,0,0,0,1,13,25,0,18,17,3,0
75216,1,20.17,0,21,0,5,0,1,1505,0,0,0,1,30,15,0,8,28,9,6
82723,1,908.34,10,18,0,2,0,2,1345,0,0,0,0,1,15,0,15,23,1,3
47232,1,26.6,14,22,0,3,1,1,728,0,0,0,0,22,10,0,7,2,12,1
25555,1,6.21,17,18,0,3,0,1,2170,0,0,0,0,4,0,0,5,5,7,5
24674,0,27.96,22,10,1,1,0,0,321,0,0,0,0,8,25,0,21,13,8,2
83253,1,34.09,18,22,0,2,1,2,1841,0,0,0,0,21,10,0,2,3,3,0
23750,0,46.7,15,19,0,0,0,3,2097,0,0,0,0,1,15,0,1,4,3,1
82226,1,61.48,4,16,0,2,0,2,725,0,0,0,0,16,0,0,18,1,5,3
66113,1,505.07,8,12,1,4,0,0,2087,0,0,0,0,35,40,0,3,7,7,0
39761,1,20.96,14,16,0,1,0,4,970,0,0,1,1,2,20,0,23,12,3,2
63819,0,19.51,1,24,0,2,0,1,970,0,1,0,0,31,30,0,1,11,1,5
20629,0,54.03,9,18,0,0,1,4,2081,0,0,0,0,29,25,0,4,28,1,1
39623,1,21.2,7,17,0,0,0,5,41,0,0,0,0,14,20,1,18,10,7,3
16129,1,9.33,8,24,0,2,0,3,1428,0,0,0,0,39,10,0,14,4,7,4
91192,1,14.08,14,21,0,0,1,2,500,0,0,0,1,29,10,0,11,4,3,1
46579,1,18.34,10,10,0,1,0,2,808,0,0,0,1,31,0,0,15,9,2,6
62566,1,14.46,1,23,0,1,0,4,687,0,0,0,0,37,10,0,17,13,7,6
41020,0,64.41,7,15,1,0,0,1,1380,0,0,0,0,30,25,0,6,12,7,5
62689,1,49.23,18,16,0,1,0,2,2020,0,0,0,0,33,0,0,17,12,7,5
69638,1,24.72,2,21,0,0,0,3,2418,0,0,0,0,10,0,0,5,21,11,4
72913,1,39.21,7,11,0,1,0,1,2151,0,0,1,1,8,20,0,14,1,1,2
78175,1,6.45,13,24,0,1,0,1,1711,0,0,0,0,15,0,0,17,1,4,1
58902,0,11.68,11,15,0,5,0,8,1797,0,0,0,0,28,50,0,15,22,1,2
55892,1,1.34,15,23,0,0,0,1,761,0,0,0,0,2,0,0,12,19,1,6
40105,1,27.86,19,14,0,7,0,1,942,0,0,0,0,21,15,0,8,18,2,1
97473,1,24.62,14,16,0,2,0,3,1937,0,0,1,1,20,20,0,18,16,6,0
82323,1,30.34,20,15,1,2,0,5,177,0,0,0,1,29,30,0,15,22,1,2
35575,1,23.61,12,16,0,1,1,1,505,0,0,1,0,39,40,0,19,25,11,1
89478,0,4.36,11,17,0,0,0,1,1395,0,0,0,0,10,15,0,13,2,11,6
90680,1,7.15,11,20,0,2,0,0,522,0,0,0,1,3,0,0,7,7,5,2
71913,1,38.88,7,12,0,1,0,13,499,0,0,0,0,14,20,0,9,9,2,6
18331,0,3.39,19,21,0,0,0,1,1804,0,0,0,0,31,15,0,17,1,7,1
74042,1,29.71,16,15,0,1,1,1,1853,0,0,0,0,32,10,0,4,20,12,5
62436,0,67.43,18,18,0,2,0,2,1472,1,0,0,0,5,40,0,20,10,3,0
29437,1,38.13,4,14,0,0,0,5,2356,0,0,0,0,27,20,0,1,4,7,4
90076,0,62.32,9,12,0,1,1,3,2374,0,0,0,0,11,25,0,23,23,5,4
77374,1,35.55,15,17,0,2,0,0,697,0,0,0,0,4,0,0,16,11,9,3
30417,1,71.48,1,11,0,5,1,0,1629,0,0,0,1,23,25,0,7,11,7,4
56440,1,20.66,11,20,0,2,0,0,2396,0,0,0,0,24,0,0,5,27,8,2
20375,1,501.84,19,14,0,2,0,2,1631,0,0,0,0,23,15,0,9,12,12,4
78962,0,36.42,18,19,0,1,0,3,1220,0,0,1,0,43,45,0,10,5,11,2
69235,1,36.22,15,13,1,0,0,6,1803,0,1,0,0,21,45,0,18,7,8,3
20199,1,36.98,16,18,0,1,0,2,2435,0,0,0,0,40,10,0,11,27,7,6
16171,1,57.92,20,21,1,0,0,6,1921,0,0,0,0,31,30,0,22,29,10,2
75460,1,35.88,19,20,0,1,0,4,1535,0,0,0,0,1,0,0,15,16,8,5
82250,1,27.64,5,19,0,1,0,1,2034,0,0,0,0,8,0,0,8,7,12,6
53169,0,22.46,12,15,0,1,0,3,2202,0,0,0,1,34,15,0,14,3,11,0
60992,0,10.24,11,28,0,0,0,5,843,0,0,0,0,5,35,0,13,2,1,3
46282,0,928.4,15,18,0,2,0,2,610,0,0,0,0,41,40,0,0,7,6,5
50074,0,5.93,9,16,0,4,0,0,1737,0,0,0,1,36,40,0,21,4,2,1
59618,1,29.7,19,17,1,2,1,3,2038,0,0,0,1,25,20,0,22,2,3,6
69822,1,26.87,23,16,0,1,1,2,554,0,0,0,0,12,10,0,21,2,12,1
92252,1,84.54,9,18,0,1,0,2,795,0,0,0,0,30,0,0,7,31,12,2
86990,1,51.14,5,21,0,0,1,1,2393,0,0,0,0,21,10,1,22,18,8,0
56627,1,17.59,10,16,1,2,1,1,993,0,0,0,0,38,30,0,5,11,6,2
46421,0,23.34,6,15,0,3,0,1,960,0,0,0,0,5,15,0,4,6,3,3
77077,1,26.96,13,15,1,1,1,3,116,0,0,1,1,25,40,0,18,17,7,3
77619,1,7.8,6,33,0,0,0,2,2317,0,0,0,0,44,10,0,17,12,8,1
84226,1,27.75,13,11,0,5,0,3,287,0,0,0,0,32,15,0,9,9,7,2
27161,1,45.62,15,11,0,7,0,4,916,0,0,0,0,7,15,0,17,29,12,0
17106,0,1094.71,15,14,0,1,1,1,1023,0,0,0,0,26,40,0,1,14,4,0
25892,1,6.98,20,16,0,2,1,10,1170,0,0,0,2,35,40,0,23,6,1,0
82428,1,8.5,8,19,0,0,0,0,2450,0,0,0,0,42,10,0,5,27,6,4
22760,1,54.19,16,18,1,1,0,3,1196,0,0,0,0,10,10,0,13,1,9,0
21323,1,72.9,10,20,1,1,0,0,1926,0,0,0,2,10,20,0,9,18,8,0
80723,1,36.87,21,15,0,1,1,1,2400,0,0,0,1,8,10,0,4,13,12,5
16132,1,1044.83,17,16,1,2,0,0,1446,0,0,0,0,12,25,0,15,10,3,0
75795,1,15.56,18,16,0,2,0,4,1056,0,0,0,0,24,0,0,14,13,4,6
10022,0,460.04,13,15,0,2,1,0,813,0,0,0,0,32,25,0,4,21,4,0
31518,1,74.98,7,17,0,2,0,0,509,0,0,0,0,1,0,0,2,16,12,1
90288,1,57.44,21,17,0,2,0,8,2274,0,0,0,1,2,20,0,15,22,4,1
86022,1,1.15,18,19,0,0,0,1,1509,0,0,0,1,13,0,0,18,30,4,2
17160,0,55.51,10,17,0,2,0,2,468,0,0,0,1,7,15,0,17,30,4,2
44816,1,21.58,14,20,0,0,0,4,418,0,0,0,0,23,0,0,11,8,8,4
95918,0,6.14,13,25,0,0,0,1,1992,0,0,0,0,18,15,0,15,21,12,6
64205,0,47.59,12,11,0,1,0,3,2008,0,0,0,2,28,25,0,14,17,11,0
74600,0,36.37,1,17,0,3,0,2,2017,0,0,0,0,4,15,0,11,9,6,0
53616,1,51.77,12,14,0,2,1,2,2391,0,0,0,1,26,10,0,14,12,12,4
66650,1,4.42,6,15,0,0,0,1,1489,0,0,0,0,19,0,0,10,24,9,2
63247,1,33.91,8,20,0,1,0,3,1264,0,1,0,1,26,15,0,5,26,4,5
40260,1,0.97,9,16,0,4,0,2,307,0,0,0,1,2,15,0,17,10,8,6
89784,0,59.27,14,22,0,0,0,2,1802,0,0,0,0,28,15,0,5,6,3,3
22920,0,564.74,17,18,0,4,0,5,2416,0,0,1,0,21,85,1,12,25,3,1
20911,1,105.73,11,13,0,2,0,2,1605,0,0,0,0,13,0,0,18,11,6,2
70369,1,14.61,7,16,0,0,0,2,620,0,0,0,0,10,0,0,16,21,8,3
39272,1,55.97,9,26,0,2,0,1,2031,0,0,0,0,40,10,0,5,27,8,2
40064,0,1039.0,12,20,0,6,0,1,548,0,0,1,1,10,65,0,17,10,8,6
64476,0,45.31,13,14,0,2,0,0,217,0,0,0,1,15,15,0,21,6,9,5
26137,1,9.78,16,22,0,2,0,0,1525,0,0,0,0,2,0,0,11,22,9,0
14174,1,72.78,12,20,0,2,1,3,33,0,0,0,0,38,20,0,8,4,5,6
92062,1,42.01,3,23,0,1,1,1,1376,0,0,0,1,34,10,0,22,13,7,6
65350,1,562.86,10,23,1,3,0,0,518,0,0,0,0,44,35,0,11,21,12,6
86227,1,14.2,7,20,0,1,0,1,614,0,0,0,0,9,0,0,10,25,2,1
65611,0,4.49,15,21,1,0,1,6,2411,0,0,0,1,32,55,0,17,20,2,3
43623,1,12.78,23,24,0,1,0,7,485,0,0,0,0,26,20,0,3,11,11,1
95499,0,54.28,10,9,0,2,0,0,2148,0,0,0,0,44,25,0,2,3,4,3
80334,1,24.99,7,18,0,1,0,2,1621,0,1,0,0,44,25,0,20,17,1,4
34754,0,74.84,13,17,1,1,0,2,2108,0,0,0,0,19,25,0,21,12,12,4
94526,1,12.53,8,15,0,2,0,5,2166,0,0,0,0,35,20,0,14,1,7,1
46006,1,17.79,8,16,0,0,1,2,512,0,0,0,0,40,20,0,3,3,11,0
11210,1,50.87,12,15,0,1,0,2,1350,0,0,0,0,33,0,0,6,20,2,3
60122,1,3.67,13,16,0,2,0,0,970,0,0,0,0,9,0,0,9,7,10,1
12747,0,99.25,12,14,0,0,0,1,2465,0,0,0,0,2,15,0,3,11,11,1
92152,1,47.23,18,16,0,8,0,2,1227,0,0,0,0,12,15,0,20,20,1,0
40528,1,17.46,1,6,0,1,0,2,2484,0,0,0,0,6,0,0,20,2,1,3
86111,0,54.57,14,12,0,2,0,0,1635,0,0,0,0,18,15,0,18,17,6,1
99835,1,0.33,11,18,0,3,0,2,690,0,1,0,1,38,25,0,6,23,8,5
38438,1,28.99,14,23,0,2,1,3,624,0,0,0,0,29,10,0,14,26,10,6
77933,1,14.83,0,19,0,1,0,2,2305,0,0,0,1,20,0,0,9,20,1,0
50970,1,69.19,1,15,0,2,0,1,1566,0,0,0,0,18,0,0,20,5,10,6
78369,0,5.32,6,18,0,7,0,3,1880,0,0,0,1,30,30,0,4,21,5,2
58556,1,10.7,13,14,0,2,0,1,933,0,1,0,2,26,25,0,16,27,11,3
30919,1,2.46,6,20,0,2,0,2,2304,0,0,0,0,36,10,0,19,9,12,1
86955,1,48.91,17,16,0,2,0,1,311,0,0,0,1,12,0,0,14,19,9,4
28972,1,65.93,2,17,0,1,0,5,2358,0,0,0,0,14,20,0,13,2,5,4
93636,1,54.31,7,8,0,1,0,1,1013,0,0,0,0,39,10,0,15,6,10,0
51886,1,943.67,3,26,0,1,1,2,1504,0,0,0,2,27,35,0,10,12,8,1
16715,1,27.49,14,22,0,5,0,1,1527,0,0,0,1,13,15,0,2,18,11,1
55486,0,77.12,11,27,0,2,0,2,1927,0,0,0,0,2,15,0,4,29,1,2
60700,1,7.98,13,14,0,3,0,0,1741,0,0,0,0,8,0,0,10,17,10,4
26437,1,36.39,21,18,0,1,0,1,1625,0,0,1,2,41,40,0,8,3,1,4
27390,1,6.57,6,24,0,1,0,5,2040,0,0,0,0,22,20,0,12,17,3,0
59515,1,13.91,15,21,1,0,0,3,1996,0,0,0,1,8,10,0,21,2,2,6
39109,1,15.72,23,22,0,3,1,3,1156,0,0,0,0,32,10,0,9,22,11,5
92638,0,573.88,20,16,0,1,1,2,1395,0,0,0,0,15,40,0,13,6,11,3
62815,1,9.67,2,22,0,2,1,2,142,0,0,0,0,6,10,0,1,3,7,3
94238,1,13.89,10,24,0,2,0,0,1852,0,0,0,0,24,0,0,23,22,12,0
80362,1,4.45,13,18,0,1,0,2,254,0,0,0,0,19,0,0,1,18,4,4
62936,1,70.1,20,17,0,8,1,5,538,0,0,0,0,21,45,0,23,19,5,0
18749,1,30.01,6,13,0,1,1,3,403,1,0,0,0,23,35,1,0,31,1,4
90316,0,106.99,8,19,0,1,0,1,1354,0,0,0,0,20,15,0,7,7,6,5
89765,1,55.49,3,18,0,3,0,1,168,0,0,0,0,33,0,0,18,15,8,4
28594,1,32.53,6,16,0,2,1,4,2083,0,0,0,0,14,10,0,2,29,3,5
39639,1,37.94,11,19,0,0,0,0,2147,0,0,0,0,2,0,0,5,6,2,3
22345,0,61.22,16,14,0,1,0,1,1095,1,0,0,1,27,40,0,22,3,12,2
30122,1,112.85,14,21,1,2,0,4,1822,0,0,0,0,3,10,1,8,22,4,1
74797,1,41.28,10,22,0,4,0,0,2165,0,0,0,1,24,15,0,0,24,12,2
79249,1,20.64,10,25,0,1,0,0,1118,0,0,0,0,9,0,0,22,23,9,1
24537,1,49.01,14,13,0,2,0,0,482,0,1,0,1,13,15,0,4,23,7,2
49887,0,23.97,19,18,0,0,0,0,444,0,0,0,1,38,25,0,16,29,5,3
11211,1,36.51,10,14,0,3,1,0,308,0,1,0,0,26,25,0,8,2,12,1
93895,0,46.93,8,22,0,0,0,1,73,0,0,0,0,23,15,0,19,3,3,0
88191,1,39.14,15,18,0,1,0,1,138,0,0,0,0,44,10,0,19,10,5,5
49185,1,66.11,9,17,0,3,0,1,1170,0,0,0,0,25,0,0,17,16,6,0
21548,1,13.01,7,20,0,3,0,2,1573,0,0,0,1,23,0,0,17,26,10,6
37757,1,23.23,9,17,0,1,0,1,1492,0,0,0,1,2,0,0,18,20,1,0
38455,1,19.72,16,17,0,2,0,2,838,0,0,0,0,10,0,0,15,30,7,2
74126,1,14.51,22,16,0,4,1,0,2209,0,0,0,0,6,25,0,2,4,3,1
97453,0,49.16,9,17,1,1,0,1,694,0,0,0,0,7,25,0,14,26,7,5
52229,1,57.5,8,15,0,2,0,1,910,0,0,0,1,41,10,0,3,21,5,2
89649,1,21.92,10,16,0,1,0,1,636,0,0,0,0,2,0,0,9,19,10,6
73856,1,21.76,13,16,0,3,0,2,829,0,0,0,0,41,10,0,23,21,12,6
86754,0,5.31,2,16,0,2,0,6,106,0,0,0,0,21,35,0,0,12,6,3
81092,1,61.7,15,26,1,1,0,0,1210,0,0,0,0,16,10,1,15,17,11,0
33549,0,8.07,14,20,0,3,0,1,1884,0,0,0,1,36,25,0,20,19,5,0
60470,1,40.15,17,17,0,2,0,4,1029,0,0,0,0,9,0,0,18,28,1,1
94853,1,64.81,18,14,0,5,0,1,2255,0,0,0,0,1,15,0,23,16,6,0
95880,1,11.72,9,16,0,2,0,2,2200,0,0,0,1,35,0,0,18,19,9,4
62984,1,29.68,20,18,0,5,0,1,892,0,0,0,0,42,25,0,18,2,7,2
90360,1,63.0,8,21,0,2,0,3,207,0,0,0,0,28,0,0,12,21,12,6
98617,0,8.06,18,22,1,3,0,2,317,0,0,0,0,4,25,0,16,8,3,5
93645,1,17.65,1,21,0,0,0,2,2377,0,0,1,0,41,30,0,12,12,12,4
11200,0,31.14,8,19,1,2,0,5,2055,0,0,0,0,41,55,0,3,28,12,6
45995,0,28.41,19,13,0,4,0,6,863,0,0,0,1,35,50,1,10,29,6,6
19125,0,50.0,15,10,0,0,1,5,180,0,0,0,0,8,45,0,23,23,1,3
13889,1,9.21,16,18,0,1,0,4,1567,0,0,0,0,33,0,0,16,5,12,4
66121,1,32.51,13,14,0,1,1,1,414,0,0,0,0,19,10,0,11,12,10,6
52975,1,79.02,2,16,0,2,0,7,427,0,0,0,1,30,20,0,16,4,6,2
32147,1,34.6,13,19,0,4,0,2,1555,0,0,0,0,23,15,0,7,18,4,4
66072,1,23.16,10,15,0,1,0,3,1535,0,0,0,0,5,0,0,16,10,7,3
70674,1,11.93,17,14,0,1,0,0,1396,0,1,0,0,11,15,0,1,4,5,6
13723,1,72.09,10,12,0,3,0,4,621,0,0,0,0,27,0,0,4,17,11,0
52800,1,64.61,0,13,0,1,0,1,64,0,0,0,0,1,0,0,23,19,2,2
53147,1,21.1,12,19,0,1,0,3,730,0,0,0,0,11,0,0,15,15,12,0
12398,1,72.12,16,19,0,2,0,2,1128,0,0,0,0,25,0,0,1,13,5,1
79850,1,69.3,14,15,0,1,0,1,1190,0,0,0,0,9,0,0,3,26,3,2
11524,1,56.23,15,22,0,1,0,1,359,0,0,0,1,31,0,0,2,1,10,2
89546,1,17.72,14,21,0,1,0,1,2235,0,0,0,0,32,0,0,2,16,7,2
24534,1,202.86,19,15,0,1,0,2,74,0,0,0,1,42,10,0,19,2,11,6
21242,1,4.0,15,17,0,2,0,4,1136,0,0,0,0,8,0,0,19,11,11,1
18995,1,16.68,3,18,0,1,0,2,2483,0,0,0,0,16,0,0,4,12,3,2
59596,1,75.16,16,21,0,1,0,3,1626,0,0,0,3,18,10,0,23,11,1,5
83359,0,54.23,15,16,0,2,1,2,941,0,0,0,0,14,25,0,3,21,9,6
80320,0,41.06,21,17,0,1,1,2,714,0,0,0,0,16,25,0,12,15,11,5
85607,1,821.1,16,19,1,0,0,1,2378,0,0,1,0,11,45,0,16,20,4,6
84814,0,72.33,19,20,0,0,0,4,2305,0,0,0,1,17,15,0,6,4,12,3
38424,1,83.42,13,20,0,1,0,2,797,0,1,0,0,35,15,0,18,3,4,3
54422,1,72.09,23,22,0,1,0,1,627,0,0,0,0,4,0,0,23,13,3,3
33570,1,29.02,20,12,0,0,0,2,194,0,0,0,0,19,0,0,11,20,1,0
53907,1,48.31,23,10,0,0,0,0,772,0,0,0,0,33,0,0,6,29,9,0
40107,0,51.69,2,18,0,1,0,1,462,0,0,0,0,6,15,0,21,9,8,5
89328,1,43.51,14,16,0,2,0,2,415,0,0,0,0,7,0,0,22,7,7,0
63221,1,72.39,6,16,0,0,0,3,477,0,0,0,0,22,0,0,7,13,2,3
49614,1,33.92,15,13,0,0,0,4,615,0,0,0,0,21,0,0,20,20,3,3
62857,1,13.53,12,19,0,0,0,2,1929,0,0,0,0,12,0,0,21,12,9,4
28091,1,26.91,8,15,0,2,0,1,973,0,0,0,1,14,0,0,20,18,11,1
19221,1,1.52,19,14,0,2,0,3,569,0,0,0,1,42,10,0,15,13,7,6
39658,1,7.38,14,14,0,2,1,1,1143,0,0,0,0,16,10,0,21,22,8,4
88488,1,47.02,17,14,1,4,0,2,1071,0,1,0,0,17,40,0,10,24,5,5
62704,1,20.01,13,16,0,4,0,2,1308,0,1,0,0,29,30,0,20,20,6,4
32667,0,68.94,6,21,0,1,0,4,1368,0,0,0,0,11,15,0,10,7,6,5
24139,1,11.33,7,14,0,1,1,1,804,0,0,0,0,6,10,0,23,19,5,0
21672,1,1.65,12,13,1,0,0,4,300,0,1,0,0,10,25,0,17,7,11,4
50862,1,14.6,7,16,0,3,0,2,496,0,0,1,1,8,20,0,0,2,12,1
36884,1,53.42,3,20,0,1,0,1,1439,0,0,0,0,25,0,0,9,31,12,2
61714,1,10.27,14,14,0,2,0,0,1174,0,0,0,0,5,0,0,15,2,6,0
82493,0,1069.21,6,18,0,2,0,0,2145,0,0,0,0,20,30,0,19,6,6,4
44641,1,49.87,15,13,1,1,0,3,2465,0,0,0,0,21,10,0,18,20,1,0
14988,1,780.76,15,11,0,0,0,4,1832,0,0,0,1,20,15,0,4,9,8,5
81635,1,7.21,16,19,0,0,0,2,2154,0,0,0,0,33,0,0,3,20,7,6
59315,0,29.23,7,19,0,1,1,0,1272,0,0,0,1,13,25,0,10,15,3,5
47930,1,1191.63,3,17,0,1,0,1,2256,0,0,1,0,27,35,0,16,28,4,0
80396,1,35.24,10,25,0,1,0,2,1412,0,0,0,0,7,0,0,3,1,6,6
67405,1,67.1,13,21,0,2,0,2,1108,0,0,0,0,32,0,0,23,2,3,6
32267,1,87.64,13,16,0,6,0,4,1218,0,0,0,0,37,25,0,2,11,10,5
54871,1,833.14,13,17,0,2,1,1,1807,0,0,0,0,16,25,0,11,24,12,2
82729,0,82.29,0,15,0,4,0,2,1209,0,0,0,0,42,40,0,11,10,3,0
13812,0,6.24,16,17,0,0,0,1,1715,0,0,0,1,3,15,0,22,15,2,5
10335,1,42.93,12,21,0,0,1,3,565,0,0,0,1,41,20,0,11,5,12,4
31807,1,65.79,13,20,1,2,0,1,1137,0,0,0,0,24,10,0,17,4,1,5
46351,0,34.06,14,14,0,0,1,2,1370,0,0,0,0,32,25,0,3,13,11,3
55395,1,44.34,8,11,0,0,0,0,85,0,0,0,1,9,0,0,13,2,3,6
95517,0,21.49,8,15,0,0,1,7,869,0,0,0,0,22,45,0,23,29,8,4
33903,1,17.48,20,15,0,1,0,2,682,0,0,0,1,8,0,0,12,13,5,1
91393,1,20.95,11,17,0,7,0,2,95,0,0,0,1,9,15,0,19,29,10,2
76262,1,40.96,1,19,0,1,0,1,1819,0,0,0,0,16,0,0,9,28,1,1
57725,1,37.26,8,14,0,1,0,0,933,0,0,0,0,30,0,0,4,19,5,0
51435,1,81.39,10,13,0,2,0,1,1016,0,0,0,0,8,0,0,13,8,12,0
56096,0,44.95,15,22,0,2,0,1,2313,0,0,1,0,24,35,1,6,28,1,1
20276,0,86.34,5,15,0,1,0,1,1024,0,0,0,0,39,25,0,6,9,9,1
50816,1,13.86,8,19,0,7,1,4,2386,0,0,0,1,37,35,0,9,8,1,2
34474,1,50.41,12,15,0,0,0,1,1398,0,0,0,0,29,0,0,1,14,7,0
73552,0,20.41,8,19,0,0,1,2,1056,0,0,0,2,24,35,0,22,31,10,4
31394,1,58.34,4,17,0,1,0,0,1415,0,0,0,0,5,0,0,15,31,10,4
24073,1,56.88,17,17,0,0,0,1,726,0,0,0,0,18,0,0,23,27,12,5
69324,1,88.6,6,15,0,1,0,1,150,0,0,0,0,41,10,0,3,24,5,5
89516,1,5.14,13,17,0,0,0,5,1699,0,0,0,0,31,20,1,8,1,12,0
53000,1,54.05,8,15,0,4,1,1,2294,0,0,0,0,33,25,1,14,17,12,2
56181,0,2.95,10,24,0,4,0,2,394,0,0,0,0,25,30,0,21,27,7,6
16080,0,41.08,10,20,0,4,0,1,477,0,1,0,0,3,45,0,9,26,5,0
24750,0,42.36,12,26,0,6,0,2,881,0,0,0,0,40,40,0,13,22,6,6
82665,1,55.24,7,12,0,2,0,3,347,0,0,0,0,29,0,0,11,21,9,6
12004,1,64.56,12,23,0,0,0,6,82,0,0,0,1,13,20,0,3,1,11,5
33891,0,93.05,13,19,0,9,0,1,890,0,0,0,0,27,30,0,19,27,11,3
73811,0,46.44,19,11,0,0,1,4,372,0,0,0,0,33,25,0,18,21,3,4
31339,1,29.2,9,16,0,1,1,1,1793,0,0,0,0,1,10,0,4,4,8,0
37659,1,13.36,11,22,0,5,0,3,178,0,0,0,0,5,15,0,9,19,7,5
54357,1,40.13,1,19,0,1,0,2,1533,1,0,0,0,3,25,0,6,7,1,1
29066,1,21.21,19,21,0,0,0,2,1505,0,0,0,0,29,0,0,2,28,5,2
99857,1,76.06,9,20,0,1,0,7,330,0,0,0,0,22,20,0,9,17,10,4
39166,1,95.08,6,18,0,0,0,5,380,0,0,0,1,32,20,0,16,11,10,5
42641,1,84.6,9,14,0,2,0,2,872,0,0,0,0,41,10,0,23,24,3,0
97224,1,1.8,14,22,0,3,0,0,716,0,0,0,0,38,10,0,9,29,8,4
12273,1,3.8,10,19,0,6,1,3,868,0,0,0,0,6,25,0,4,25,4,4
71551,1,5.79,22,21,0,2,0,3,1186,0,0,0,0,8,0,0,1,8,4,1
48675,0,684.45,6,15,0,2,1,7,2195,0,0,0,1,41,70,0,22,21,2,4
70357,1,49.07,14,21,0,1,0,1,190,0,0,0,0,15,0,0,3,12,1,6
73096,1,56.9,18,15,1,1,0,1,159,0,0,0,0,41,20,0,20,19,4,5
13165,1,17.16,20,18,0,0,0,3,1575,0,0,0,1,37,10,0,10,25,5,6
80498,1,24.18,9,20,0,2,0,3,644,0,0,0,0,36,10,0,17,29,7,1
29924,1,60.03,10,24,0,1,1,2,839,0,0,0,0,26,10,0,5,21,12,6
14374,1,94.28,6,16,0,1,0,1,1204,0,0,0,0,30,0,0,21,3,5,5
19672,1,99.75,15,21,0,4,0,0,757,0,0,0,0,40,25,0,1,17,7,3
47254,1,10.24,6,17,0,0,1,3,1028,0,0,0,0,35,10,0,23,28,9,6
93574,0,68.18,19,18,0,1,0,1,1017,0,0,0,0,20,15,0,3,14,11,4
12792,0,10.81,12,17,0,1,0,0,469,0,0,0,0,42,25,0,22,18,5,6
27264,1,53.72,17,17,1,2,0,3,277,0,0,0,0,32,10,0,11,6,12,5
46891,1,65.0,14,17,0,4,0,5,1184,0,0,0,0,12,35,0,14,13,7,6
18154,1,65.6,2,22,0,0,0,3,521,0,0,0,0,28,0,0,21,5,6,3
93615,1,38.46,8,8,0,2,0,9,42,0,0,0,0,24,20,0,9,9,4,2
87238,1,86.95,13,17,0,1,1,1,602,0,0,0,1,9,10,0,11,2,6,0
34935,1,50.83,17,16,0,1,0,1,1302,0,0,0,2,13,10,0,1,22,12,0
27737,0,9.46,16,33,0,2,0,2,927,0,0,0,0,6,15,0,9,3,2,0
49114,1,62.97,11,21,0,2,0,0,2484,0,1,0,0,6,15,0,16,11,8,0
48661,0,17.73,1,11,0,0,0,1,1759,0,1,1,0,8,50,0,19,8,5,3
23201,1,30.21,15,18,0,0,0,3,1540,0,0,0,0,29,0,0,6,24,7,3
67745,1,17.92,13,22,0,3,0,0,454,0,0,0,0,26,0,0,14,16,11,6
71922,1,23.38,12,17,0,0,0,0,1245,0,1,0,0,20,15,0,8,27,3,3
26515,0,48.1,0,15,0,0,0,0,414,0,0,0,0,29,15,0,11,3,1,4
39641,1,5.58,4,17,1,1,0,1,1854,0,0,0,0,2,10,0,8,11,3,1
69831,0,27.38,10,14,0,2,0,3,1302,0,0,0,0,14,15,0,9,7,11,4
57890,1,34.91,11,22,0,1,0,2,1361,0,0,0,0,18,0,0,21,28,5,2
64852,1,7.71,8,21,0,2,0,4,775,0,0,0,0,7,0,0,5,1,10,2
67797,0,77.97,15,14,0,0,0,3,121,0,0,0,0,12,15,0,11,20,2,3
21559,1,131.96,19,15,0,3,0,3,2107,0,0,0,1,39,10,0,10,4,1,5
22083,1,22.03,6,18,0,0,0,5,211,0,0,0,0,27,20,0,12,17,4,3
35629,1,24.99,4,15,0,1,0,1,1568,0,0,0,0,20,0,0,17,14,3,4
14980,1,45.89,16,13,0,2,0,0,492,0,0,0,0,8,0,0,16,17,8,6
89235,1,46.81,6,19,0,1,0,0,2082,0,1,0,2,6,25,0,20,18,8,0
57783,0,401.93,8,15,0,1,1,1,417,0,1,0,0,17,40,0,7,6,2,3
89246,1,24.59,14,25,1,2,0,1,1712,0,0,0,0,21,10,0,0,9,10,3
49063,1,3.03,8,23,0,1,0,1,1142,0,0,0,0,12,0,0,13,24,11,0
89153,1,6.88,7,19,0,1,0,1,2255,0,0,0,0,14,0,0,16,22,9,0
39861,1,7.4,5,13,0,2,0,3,2020,0,0,0,0,34,0,0,4,7,7,0
45224,1,12.58,2,18,0,3,0,1,823,0,0,0,1,1,0,0,21,17,3,0
98663,1,33.91,16,28,1,1,0,2,1459,0,0,0,0,26,10,0,17,22,5,3
93879,1,21.11,13,16,0,1,0,2,1806,0,0,0,0,21,0,0,6,13,3,3
27949,1,37.56,2,15,1,1,0,1,2306,0,0,0,0,8,10,0,2,24,8,6
59788,0,45.1,20,17,0,1,0,3,1766,0,0,0,0,27,15,0,1,10,4,3
40542,1,19.83,15,13,0,1,0,5,2107,0,0,0,1,21,20,0,16,26,10,6
10050,1,18.86,8,14,0,0,0,0,157,0,0,0,1,3,0,0,5,4,2,1
98493,1,17.37,18,18,0,1,0,1,1885,0,1,0,0,39,25,0,22,3,2,0
15199,1,30.25,4,24,0,2,0,4,617,0,0,1,1,37,30,0,14,4,12,3
93860,1,54.76,6,11,0,1,1,2,975,0,0,0,0,2,10,0,3,24,11,0
96637,0,2.52,15,22,0,0,0,3,633,0,0,0,0,13,15,0,18,11,4,4
44068,1,25.83,4,22,0,6,0,1,475,0,0,0,1,20,15,0,2,15,5,3
72885,1,92.42,8,24,0,3,0,3,1212,0,0,0,0,5,0,0,20,5,8,1
83930,1,92.22,11,18,0,0,0,5,1435,0,0,0,0,37,30,0,10,19,12,4
61493,1,60.61,12,19,0,0,0,5,901,0,0,0,0,8,20,0,8,14,3,4
19269,1,31.46,11,13,0,2,0,4,1122,0,0,0,1,30,0,0,21,4,2,1
64642,1,23.49,21,16,0,3,0,1,1986,0,0,0,2,33,10,0,15,7,6,5
97298,0,21.6,19,18,0,1,0,1,976,0,0,0,0,17,15,0,2,17,8,6
93988,0,23.48,20,24,0,0,0,1,2429,0,0,0,0,7,15,0,18,13,4,6
33065,0,786.5,13,20,0,0,0,2,1119,0,0,0,0,28,30,0,12,5,11,2
80850,0,23.88,16,17,0,0,1,1,2412,0,0,0,0,25,25,0,16,1,5,3
86834,1,39.88,7,23,0,1,0,1,2114,1,0,0,1,22,25,0,16,1,12,0
64103,1,17.12,15,22,0,2,0,2,1472,0,0,0,0,20,0,0,5,6,1,0
74943,1,388.84,17,15,0,1,0,2,2184,0,0,0,0,33,0,0,11,3,5,5
68852,1,6.59,10,16,0,1,0,2,754,0,0,0,0,34,0,0,9,11,1,5
86755,1,284.81,13,17,0,1,0,0,1041,0,0,1,0,9,20,0,5,7,4,0
96930,1,60.6,15,17,0,1,0,4,1062,0,0,0,0,31,0,0,12,5,8,1
61754,1,6.77,4,17,0,1,0,2,945,0,0,0,0,38,10,0,12,27,8,2
40976,1,68.3,9,18,0,2,0,2,348,0,0,0,0,37,10,0,13,22,7,1
37624,0,59.05,12,15,0,2,0,2,1405,0,0,0,1,35,15,0,14,3,12,2
16324,1,28.54,14,18,0,1,0,2,1609,0,0,0,0,6,0,0,13,31,5,5
45352,0,32.04,19,19,0,2,0,3,556,0,0,0,0,44,25,0,4,8,9,0
45722,0,815.85,11,15,1,0,0,0,714,0,0,0,0,10,40,0,5,12,3,2
40928,0,56.45,11,17,0,4,1,3,2241,0,0,0,0,6,40,0,6,9,11,6
75902,0,53.07,0,18,1,1,0,0,94,0,0,0,0,42,35,1,5,13,3,3
70805,1,5.39,9,18,0,3,0,0,244,0,0,0,0,42,10,0,15,13,1,0
66545,1,9.46,23,13,0,2,0,4,268,0,0,0,0,22,0,0,23,12,3,2
27488,0,15.52,9,17,0,0,0,1,322,0,0,0,0,34,15,0,10,11,8,0
65969,1,35.49,8,11,1,4,0,1,1434,0,1,0,0,30,40,0,9,30,3,6
28895,1,773.13,10,20,0,1,1,2,2140,0,0,0,0,26,25,0,5,12,5,0
53266,1,48.44,10,16,0,2,1,3,2164,0,0,0,0,11,10,0,18,6,3,3
45559,0,2.6,8,22,0,0,0,4,1553,0,0,0,0,13,15,0,19,28,11,4
73350,1,944.5,16,19,0,0,0,2,934,0,0,0,0,28,15,0,7,16,5,4
87694,1,31.74,6,15,0,0,0,6,1824,0,0,0,0,39,30,1,3,6,7,6
41818,0,29.8,10,11,0,6,0,4,2214,0,0,0,1,32,30,1,22,9,3,6
10092,1,5.57,14,18,0,0,0,3,1993,0,0,0,0,11,0,0,21,28,6,5
42749,0,31.88,18,21,1,2,0,4,1727,0,1,0,1,12,40,0,14,11,11,1
70784,1,19.45,19,29,0,0,1,2,1299,0,0,0,1,6,10,0,0,12,5,0
17485,1,100.64,11,21,0,2,0,8,1004,0,0,1,1,20,40,0,21,22,10,2
55945,1,27.36,20,23,0,4,0,2,345,0,1,0,1,27,30,0,2,17,6,1
98083,1,55.37,3,19,0,2,0,7,2358,0,0,1,0,39,50,0,7,10,9,2
54452,0,36.81,12,21,0,1,0,4,1043,0,0,0,2,24,25,0,1,21,4,0
68212,0,20.33,5,17,0,2,0,1,336,0,0,0,1,33,15,0,17,9,11,6
71263,1,27.16,18,14,0,2,1,2,1429,0,0,1,0,8,30,0,19,27,1,0
57085,0,49.35,16,19,0,1,0,4,1608,0,0,0,0,28,15,0,16,26,3,2
55630,1,33.34,22,13,0,2,0,3,595,0,0,0,0,13,0,0,20,3,4,3
93608,1,60.93,8,6,0,0,1,6,1005,0,0,0,0,38,40,0,22,16,12,1
44372,1,10.99,1,11,0,2,0,1,2265,0,0,0,2,3,10,0,12,6,8,2
72865,1,7.91,17,20,0,0,0,3,1525,0,0,0,0,37,10,0,8,8,10,2
98983,0,21.47,19,22,0,4,0,1,2087,0,0,0,0,42,40,0,1,7,9,6
93406,1,33.32,8,18,0,1,1,1,2000,0,0,0,0,5,10,0,4,7,2,4
56779,1,80.93,15,14,0,1,0,0,204,0,0,0,0,3,0,0,2,25,11,1
54932,1,33.54,10,14,0,2,0,0,592,0,0,0,2,39,20,0,10,17,5,5
15528,1,6.29,14,12,0,1,0,1,2080,0,0,0,0,10,0,0,21,22,12,0
97101,1,74.65,14,12,0,2,1,2,872,0,0,0,0,4,10,0,23,28,8,3
53485,1,57.57,12,21,1,1,0,1,799,0,0,0,0,25,10,0,19,1,6,6
74941,1,34.35,11,26,1,1,1,1,481,0,0,0,0,33,20,0,16,5,3,2
34762,1,5.99,10,9,0,4,0,2,2448,0,0,0,1,31,15,0,0,25,3,1
92349,1,16.6,6,32,0,3,0,2,1730,0,0,0,0,24,0,0,7,18,10,5
26570,1,43.83,8,16,0,5,1,2,258,0,0,0,0,39,35,0,16,24,2,0
19808,1,6.13,10,20,1,1,1,2,554,0,0,0,0,7,20,0,18,6,11,3
80095,1,6.15,8,20,0,1,1,1,1374,0,0,0,0,9,10,0,12,2,1,3
25779,1,52.09,17,23,0,3,0,1,1960,0,0,0,0,25,0,0,10,25,4,4
91989,1,106.2,14,21,1,0,0,2,1372,0,0,0,0,31,10,0,0,11,3,1
75482,1,39.62,8,18,0,2,0,6,730,0,0,0,0,26,20,0,7,4,9,3
58628,0,1.1,10,28,0,3,0,2,1540,0,0,0,0,1,15,0,13,14,10,1
56357,1,5.51,18,15,0,0,0,3,1111,0,0,0,1,25,0,0,11,9,12,1
58289,1,29.16,17,11,0,1,0,3,454,0,1,0,0,20,15,1,11,14,2,4
26479,1,4.27,7,20,0,2,0,3,1815,0,0,0,0,29,0,0,20,19,8,1
86607,1,57.07,15,18,0,4,0,3,782,0,0,0,1,17,15,0,17,25,9,3
98120,0,12.3,10,25,1,1,0,7,2180,0,0,0,1,9,45,0,17,15,8,4
66195,0,984.68,14,16,0,0,0,2,1519,0,0,0,0,22,30,0,23,3,10,4
82466,1,743.06,19,21,0,1,1,2,1016,0,0,0,0,44,35,0,21,7,4,0
14489,1,1.1,1,21,0,0,0,0,148,0,0,0,0,18,0,0,3,4,7,4
19546,1,87.84,3,17,0,0,0,0,1585,0,0,0,0,37,10,0,4,1,2,5
91886,0,44.07,10,24,0,1,1,2,732,0,0,0,0,11,25,0,8,12,4,5
82532,1,42.74,16,12,0,0,0,1,729,0,0,0,0,2,0,0,12,27,7,6
14483,1,47.01,18,18,0,3,0,3,1242,0,0,0,0,23,0,0,3,24,4,3
35824,1,7.2,12,11,0,1,0,1,1245,0,1,0,0,38,25,0,20,12,6,3
31096,1,89.02,7,11,0,1,0,5,2368,0,0,0,0,19,20,0,22,28,2,4
35557,1,63.4,2,13,0,0,0,1,1624,0,0,0,0,26,0,0,10,26,8,1
44792,1,50.68,13,18,0,1,1,5,1495,0,0,0,0,9,30,1,21,1,8,4
52271,0,9.14,14,13,0,2,0,2,2360,0,0,0,1,5,15,1,23,17,10,4
59273,1,23.24,23,20,0,0,0,2,915,0,0,0,0,26,0,0,0,4,3,1
30911,1,17.87,18,16,0,1,0,0,591,0,0,0,1,27,0,0,10,8,4,1
44568,1,16.72,3,20,0,2,0,3,1695,0,0,0,1,35,0,0,6,22,10,2
18484,1,13.91,7,21,0,0,1,3,1274,0,0,0,0,21,10,0,13,14,8,3
72493,1,72.8,6,24,0,0,1,3,2231,0,0,0,0,20,10,0,21,10,2,0
82789,1,60.89,10,15,0,2,0,1,2397,0,0,0,1,8,0,0,2,19,4,5
50604,1,3.8,23,22,0,1,0,0,477,0,0,0,0,22,0,0,2,28,9,6
82205,1,62.42,19,16,0,1,0,1,2027,0,1,0,0,1,15,0,15,19,1,6
95295,1,58.62,14,18,0,1,0,1,1783,0,0,0,0,2,0,0,22,30,10,3
87141,1,12.72,11,29,0,1,1,2,806,0,0,0,0,41,20,0,6,3,3,0
47897,1,17.75,9,18,0,1,0,2,883,0,0,0,0,10,0,0,6,17,8,6
18381,0,47.18,7,16,1,3,0,1,1636,0,0,0,1,36,35,1,16,22,1,2
43484,1,72.32,21,20,0,1,0,1,1900,0,0,0,1,43,10,0,16,11,4,4
99875,1,2.54,14,14,0,0,0,4,2295,0,0,0,0,26,0,0,10,3,9,2
79346,1,14.02,1,20,0,2,0,4,244,0,0,0,0,10,0,0,18,2,5,4
24330,1,34.25,12,19,0,2,0,5,1084,0,0,0,0,21,20,0,19,1,3,5
28295,0,69.1,20,13,0,4,0,1,1295,0,0,0,1,34,30,0,12,22,5,3
86170,0,24.52,19,15,0,4,1,1,366,0,0,0,0,37,50,0,1,25,4,4
60298,1,12.76,17,20,0,1,1,0,1826,0,1,0,0,43,35,1,9,26,11,2
47384,1,2.32,14,22,0,2,0,2,512,0,0,0,0,37,10,0,11,29,12,0
34686,1,74.73,17,12,0,2,0,1,1592,1,0,0,0,15,25,0,8,8,12,0
81215,1,56.78,11,16,0,0,0,3,666,0,0,0,0,24,0,0,13,28,1,1
62535,1,30.95,13,24,0,0,0,5,811,0,1,0,1,25,35,0,7,11,7,4
63311,0,28.28,16,15,0,1,0,5,1686,0,0,0,1,31,35,0,3,22,8,4
97396,0,45.79,9,16,0,0,0,4,2369,0,1,0,0,26,30,1,22,14,11,4
14025,1,10.81,11,16,0,3,0,2,1116,0,0,0,0,15,0,0,9,28,9,6
64065,1,1.1,10,20,0,1,0,1,2076,0,0,0,2,43,20,0,0,13,2,3
80122,1,28.26,9,16,0,0,0,2,1940,0,0,0,1,17,0,0,9,19,4,5
18833,1,0.23,8,12,1,2,1,1,1165,0,0,0,0,43,30,1,3,18,12,3
42340,1,21.57,9,22,0,1,0,1,1936,0,0,0,0,37,10,0,16,29,1,2
37217,1,57.41,15,22,0,0,0,1,1798,0,0,1,0,18,20,0,14,14,11,4
57374,0,37.62,5,10,0,1,1,6,2292,0,0,0,0,37,55,0,21,15,9,0
83303,0,86.13,4,19,0,1,0,2,263,0,0,0,0,25,15,0,8,26,9,4
23473,0,42.01,0,19,1,5,0,1,913,1,1,0,1,11,80,0,20,13,5,1
68893,1,14.88,2,17,0,1,0,0,1520,0,0,0,0,32,0,0,15,20,12,5
62017,1,11.2,10,17,0,1,1,2,894,0,0,0,0,13,10,0,16,10,3,0
50505,1,57.4,13,14,0,2,0,4,1488,0,0,0,1,3,0,0,8,3,8,6
57519,0,20.15,2,22,0,1,0,7,1718,0,0,0,0,33,35,0,21,12,7,5
59191,1,6.06,11,19,0,1,0,3,860,0,0,1,1,12,20,0,15,12,4,5
31205,1,6.65,9,20,0,0,0,1,514,0,0,0,0,13,0,0,10,27,10,0
86705,1,12.13,19,19,0,2,0,3,428,0,0,0,0,31,0,0,3,13,11,3
48755,1,116.24,23,15,0,2,1,4,1886,0,0,0,0,2,10,0,12,16,7,2
61931,0,66.44,19,16,0,3,0,3,2453,0,0,0,0,18,15,0,13,31,12,2
84116,0,6.89,14,18,0,2,0,2,2044,0,0,0,0,38,25,0,19,2,3,6
70993,1,87.8,17,15,0,1,0,1,1035,1,0,0,0,21,25,0,12,19,10,6
76898,1,77.33,13,12,0,4,1,1,806,0,0,0,0,36,35,1,7,3,3,0
18139,1,85.15,6,25,0,0,1,6,2408,0,0,1,1,33,50,1,14,26,5,0
52797,1,46.34,3,15,1,0,0,4,1382,0,0,0,0,11,10,0,16,13,11,3
97953,0,18.39,16,18,0,0,0,0,1862,0,1,0,0,1,30,0,21,14,6,5
70411,1,631.39,7,17,0,1,0,2,1402,0,0,0,0,37,25,0,12,29,10,2
24498,1,10.92,19,21,0,4,1,1,1083,0,0,0,0,22,25,0,19,17,8,6
19269,1,64.0,4,19,0,1,0,2,1842,0,0,0,0,14,0,0,7,20,7,6
77028,1,47.08,11,28,0,1,0,2,1557,0,0,0,0,12,0,0,15,14,9,6
95815,1,90.66,11,18,0,5,1,4,1134,0,0,0,0,34,25,0,5,2,1,3
12458,1,32.56,20,20,0,1,1,4,2070,0,0,0,0,39,20,0,1,5,9,4
24625,1,36.55,12,12,0,1,0,4,1443,0,0,1,0,7,20,0,18,20,7,6
89439,1,3.18,15,23,0,1,0,1,1905,0,0,0,1,38,10,0,0,24,8,6
19911,0,6.48,20,22,0,1,0,2,1257,0,0,0,1,22,15,0,18,5,5,0
79306,1,37.31,10,12,0,2,0,3,2148,0,1,0,2,11,25,0,13,22,1,2
26953,1,45.31,11,11,0,2,1,0,2225,0,0,0,0,22,10,1,0,21,2,4
88042,1,92.44,10,23,0,1,0,1,820,1,0,0,0,30,25,0,12,11,8,0
47316,1,38.29,17,25,0,0,0,0,1607,0,1,0,0,23,15,0,22,18,7,4
55036,1,50.96,9,22,1,1,1,2,1932,0,1,0,1,44,45,0,22,12,8,1
32954,1,31.88,7,17,0,1,0,1,1848,0,0,0,0,1,0,0,8,13,6,4
73988,1,52.39,15,17,0,1,1,0,1044,0,0,0,0,39,20,0,5,9,1,3
67852,0,4.33,16,6,0,2,0,5,1071,0,1,0,0,25,50,0,7,5,8,1
11619,1,12.08,14,26,0,2,0,1,244,0,0,0,0,8,0,0,23,12,4,5
25490,1,43.8,1,17,0,4,1,1,2139,0,0,1,0,6,45,1,9,15,1,2
37452,1,1197.32,17,10,0,2,0,3,154,0,0,0,1,32,15,0,20,16,10,3
29055,1,3.24,13,22,0,0,1,1,1283,0,0,0,0,29,10,0,22,10,1,4
96633,0,17.44,21,16,0,1,0,3,88,0,0,0,0,17,15,0,12,17,7,3
62395,1,46.44,4,18,0,2,0,2,431,0,0,0,0,31,0,0,15,18,10,5
70114,1,43.61,1,12,0,1,1,3,309,0,0,0,0,5,10,0,20,23,1,3
38509,1,0.47,15,20,1,0,0,7,2297,0,1,0,0,23,45,0,11,2,8,5
69927,1,44.23,5,17,0,1,0,3,1541,0,0,1,1,4,20,0,5,12,11,2
87506,0,41.3,13,12,0,1,0,0,61,0,1,0,0,2,30,0,23,12,3,2
76377,1,22.69,10,14,0,0,1,6,1481,0,0,0,0,18,30,0,0,3,6,1
33225,1,65.72,13,15,0,0,0,4,461,0,0,0,0,28,0,0,15,6,7,6
57360,1,17.87,10,14,0,3,1,2,682,0,0,0,0,24,10,0,11,20,1,0
51902,0,18.65,5,17,0,5,1,3,2126,0,1,0,0,3,55,1,7,26,10,6
84335,1,67.82,13,14,0,1,0,6,1247,0,0,1,0,5,40,0,3,28,1,1
27171,1,6.85,4,21,0,3,0,2,145,0,0,0,0,33,0,0,17,4,3,1
59938,0,15.21,14,20,0,2,0,0,1785,0,0,0,1,10,15,0,6,12,8,1
66191,1,50.33,13,17,0,1,0,7,1698,0,0,0,0,21,20,0,9,25,10,5
29340,1,65.69,16,21,0,1,1,2,2047,0,0,0,0,8,10,0,12,13,7,6
94875,1,70.78,16,8,0,3,0,0,2165,0,0,1,0,28,20,0,17,21,11,4
23936,0,356.87,9,22,0,1,0,3,558,1,0,0,0,41,50,0,17,25,3,1
61575,1,42.45,14,18,0,4,0,2,523,0,0,0,0,6,15,1,15,30,5,4
61956,1,30.65,15,10,0,0,1,4,1801,0,0,0,0,39,20,0,10,10,4,3
52154,1,42.45,15,17,0,0,0,2,2261,0,0,0,0,34,0,0,18,8,11,5
30083,1,90.1,2,21,0,0,0,3,1062,0,1,0,0,13,15,0,18,23,7,2
41700,1,22.56,8,17,0,3,1,4,581,0,0,0,0,12,10,0,22,26,2,2
76940,1,17.44,12,19,1,1,0,2,1373,0,0,0,0,21,10,0,14,14,1,1
41276,1,18.67,17,18,0,3,1,0,709,0,0,0,1,31,10,0,12,21,1,1
88821,1,1.0,11,14,0,2,0,1,747,0,0,0,1,4,0,0,14,12,8,1
92622,1,571.99,8,12,0,0,0,7,1897,0,0,0,1,38,45,0,5,4,12,3
18261,0,33.83,17,17,0,0,0,1,1749,0,0,0,0,14,15,0,8,6,12,5
39000,1,24.79,11,10,0,1,0,0,667,0,0,1,0,21,20,0,3,3,7,3
16165,1,30.97,2,17,0,1,0,2,154,0,0,0,0,36,10,0,19,19,1,6
45752,1,1194.84,0,19,0,5,1,0,937,0,0,0,1,37,50,1,22,28,10,1
70828,1,52.93,8,23,0,1,0,2,2258,0,0,0,0,26,0,0,8,23,1,3
78407,1,23.86,9,18,0,3,0,3,333,0,0,0,0,18,0,0,20,23,4,2
67392,1,46.57,18,20,1,4,0,5,2119,0,0,0,1,44,55,1,12,23,8,5
27272,1,22.81,9,15,0,1,1,2,112,0,0,0,0,36,20,0,11,30,9,1
17793,1,754.98,4,30,0,1,0,3,297,0,0,0,1,7,15,0,8,14,1,1
68901,1,268.55,18,14,0,3,0,2,1867,0,0,0,1,17,0,0,16,31,3,0
22131,1,28.06,18,21,0,6,0,3,523,0,0,0,0,5,15,1,22,17,6,1
90302,1,75.41,14,20,0,0,0,2,2217,0,0,0,0,42,10,0,17,11,1,5
15963,0,5.22,16,11,0,2,0,1,745,0,0,0,0,40,25,0,8,25,5,6
49847,0,63.2,15,18,0,2,0,4,2224,0,0,0,0,21,15,0,10,17,4,3
28527,1,26.79,6,23,0,0,0,2,1891,0,0,0,0,40,10,0,10,7,9,6
96900,1,2.5,10,17,0,2,0,4,2466,0,0,0,0,32,0,0,4,12,12,4
63731,1,32.65,18,11,0,0,0,1,2060,0,0,0,0,37,10,0,20,13,6,4
14702,1,49.82,15,17,0,0,0,1,540,0,0,0,0,22,0,0,12,1,10,2
87261,1,135.35,13,15,0,1,0,3,2070,0,0,0,0,37,10,0,10,3,4,3
47387,1,11.64,8,14,0,0,0,8,513,0,0,0,1,4,20,1,6,10,7,3
12190,1,50.62,11,24,0,3,0,4,1849,0,0,0,0,33,0,0,3,20,7,6
14512,0,17.98,15,18,0,0,0,2,1649,1,0,0,0,28,40,0,5,16,9,1
94884,1,7.55,14,18,0,1,0,5,1881,0,0,0,0,8,20,0,8,19,3,2
41765,1,37.84,3,20,0,2,0,0,366,0,1,0,1,31,15,0,20,20,8,2
26811,1,668.73,19,15,0,2,0,2,960,0,0,0,0,33,15,0,11,20,4,6
77186,1,5.06,10,16,0,1,0,0,1498,0,0,0,1,2,0,0,5,29,1,2
60442,1,488.4,17,14,0,0,0,1,2353,0,0,0,0,41,10,0,0,13,2,3
45706,1,20.8,10,19,0,0,0,2,718,0,0,1,0,3,20,0,15,6,12,5
44874,0,6.54,14,21,1,2,0,2,144,1,0,0,0,43,60,0,19,17,3,0
45714,1,17.25,9,15,0,3,1,1,567,0,0,0,2,23,20,0,1,21,8,3
81683,0,45.0,9,14,0,0,0,1,2024,0,0,0,0,31,15,0,16,20,8,2
44489,0,56.23,4,14,0,3,0,5,98,0,0,0,1,37,45,0,11,7,6,5
37982,1,19.14,17,25,0,2,1,1,861,0,0,0,2,19,20,0,10,7,1,1
49423,1,5.3,13,22,0,1,0,2,226,0,0,1,0,22,20,0,17,18,10,5
86025,1,7.57,9,13,0,0,0,3,454,0,0,0,0,21,0,0,12,31,7,3
61000,1,314.84,11,18,0,0,0,0,2109,0,0,0,0,31,0,0,17,13,6,4
81045,1,1014.9,9,22,0,0,0,2,800,0,0,0,2,31,25,0,23,18,5,6
51084,0,25.67,20,19,1,2,0,3,724,0,0,0,0,41,35,0,22,10,10,4
38029,1,35.6,9,20,0,0,0,1,1391,0,0,0,1,24,0,0,13,5,8,1
57052,1,10.25,12,19,0,0,0,2,507,0,0,0,0,44,10,0,16,31,3,0
63071,1,36.91,13,22,0,1,0,3,1454,0,0,0,0,27,0,0,13,4,2,1
99598,1,17.97,9,17,0,1,0,3,2065,0,0,0,1,19,0,0,4,16,4,2
34483,1,65.94,21,19,0,4,1,0,202,0,0,0,0,40,35,0,11,21,8,3
14050,1,20.89,12,17,0,1,0,1,1851,0,1,0,1,37,25,0,17,6,3,3
52691,1,2.5,18,14,0,3,0,1,409,0,0,0,0,36,10,0,23,13,2,3
31845,1,24.09,11,23,0,0,0,0,1171,0,0,0,0,7,0,0,8,25,1,5
83313,1,1.33,7,32,0,1,0,5,876,0,0,0,0,40,30,0,11,3,8,6
69432,0,8.85,12,19,0,3,1,3,1324,0,0,0,0,37,35,1,1,20,12,5
89530,1,60.41,15,18,0,2,0,1,1346,0,0,0,0,5,0,0,9,17,10,4
35887,1,12.54,3,21,0,0,0,2,2145,0,0,0,0,29,0,0,16,6,6,4
82407,0,85.45,16,16,0,2,0,4,1847,0,0,0,1,1,15,0,18,25,6,2
57178,1,69.04,12,13,0,1,0,2,2416,0,0,0,1,1,0,0,12,15,1,2
68442,1,82.21,8,13,0,4,0,3,1299,0,0,0,0,35,15,0,10,7,12,6
27865,0,32.3,8,16,0,1,0,1,707,0,0,0,1,13,15,0,1,3,4,3
21888,1,46.84,2,10,0,2,0,1,1558,0,1,0,1,11,15,0,5,27,2,3
57656,1,9.89,12,21,0,3,0,3,2021,0,0,0,0,3,0,0,3,28,8,3
44083,1,70.86,16,16,0,1,0,5,2415,0,0,0,1,9,20,0,17,30,12,1
44694,1,77.74,10,19,0,2,0,5,1274,0,0,0,1,43,30,0,2,29,3,5
57154,1,30.91,7,13,1,2,1,0,1665,0,0,0,2,4,30,0,4,4,2,1
21843,1,53.02,8,24,0,1,0,3,2356,0,1,0,1,36,25,0,15,24,1,4
77754,1,20.31,19,13,0,0,0,5,338,0,0,0,0,6,20,0,19,9,11,6
39582,1,3.55,11,14,0,4,1,2,1405,0,0,0,0,11,25,0,5,22,4,1
13534,1,24.89,10,24,0,1,0,1,1252,0,0,0,0,12,0,0,2,21,5,2
63447,1,48.99,15,11,0,2,0,6,1241,0,0,0,0,43,30,0,17,8,8,4
41536,1,16.37,21,17,1,2,0,4,2334,0,0,0,0,20,10,0,15,19,8,1
86381,1,41.75,11,13,0,0,0,1,1823,0,0,0,0,34,0,0,8,2,9,1
13086,0,34.04,19,20,1,2,0,3,477,0,0,0,0,39,35,0,19,20,7,6
62477,0,19.89,0,22,1,1,0,2,320,0,0,0,0,33,25,0,13,14,1,1
87084,1,23.25,18,15,0,3,1,3,1765,0,0,0,0,34,10,0,11,24,12,2
63886,1,2.34,23,17,0,1,0,1,1699,0,0,0,0,5,0,0,3,1,7,1
60812,1,85.9,13,21,0,0,0,0,1540,0,0,0,1,35,0,0,19,15,5,3
33018,1,27.57,0,22,0,2,0,3,1879,0,1,0,0,44,25,0,19,13,2,3
56692,1,47.35,15,15,0,1,0,0,532,0,0,0,1,10,0,0,10,16,7,2
28012,0,945.29,16,17,1,2,0,4,148,0,0,0,1,5,40,0,3,16,4,2
33585,1,62.93,0,11,0,1,0,1,1909,0,0,0,0,5,0,0,17,18,12,3
69391,1,805.73,14,22,0,3,0,1,355,0,1,0,0,29,30,0,6,24,11,0
65119,1,60.77,13,14,0,0,1,2,2257,0,0,0,1,34,10,0,20,3,4,3
76242,1,8.39,13,15,0,2,0,1,2380,0,0,0,1,3,0,0,18,6,2,3
92714,1,41.32,19,16,0,2,0,1,678,0,0,0,0,11,0,0,9,7,3,4
23675,1,18.41,17,14,0,0,0,4,1844,0,0,0,2,17,10,0,13,23,8,5
10946,1,28.17,9,15,0,0,0,1,210,0,0,0,0,25,0,0,11,11,1,5
93822,1,67.32,2,15,0,1,0,3,845,0,0,0,0,32,0,0,5,3,5,5
30799,1,68.08,10,13,0,1,0,1,2288,0,0,0,1,26,0,0,6,13,6,4
96732,0,17.97,14,16,1,5,0,0,1571,0,0,0,0,35,40,0,12,22,1,2
72598,0,14.21,7,18,0,1,0,1,1177,0,0,0,1,19,15,0,19,5,9,4
51508,1,32.54,19,20,0,0,1,2,162,0,0,0,1,43,20,0,20,2,12,1
37928,0,64.56,15,9,0,0,0,0,87,0,1,0,0,2,30,0,9,11,10,5
18978,1,63.23,5,23,0,6,1,1,523,0,0,0,0,6,25,0,5,13,1,0
46455,1,12.75,10,21,0,3,0,1,1298,0,0,0,1,37,10,0,22,18,9,3
65195,1,99.12,19,17,0,1,0,8,518,0,0,0,0,22,20,0,12,8,2,5
14752,1,68.96,6,19,0,1,0,2,220,0,0,0,0,18,0,0,14,22,2,5
92957,1,86.58,9,14,0,1,0,2,2128,0,0,0,1,25,0,0,2,28,6,5
47049,1,18.09,19,25,0,6,1,0,48,0,0,0,0,40,35,0,5,30,5,4
48801,1,58.12,12,27,0,1,0,0,337,0,0,0,1,17,0,0,3,17,3,0
92927,0,75.83,18,19,0,1,0,3,2204,0,0,0,0,35,15,0,8,13,4,6
96251,0,40.35,10,23,0,0,0,1,1074,0,0,0,0,36,25,0,19,16,8,5
64874,1,16.46,14,15,0,0,0,4,1260,0,0,0,0,1,0,0,13,25,7,4
85051,1,52.07,18,21,0,3,0,9,651,0,0,0,0,20,20,0,15,22,2,5
82470,0,75.52,10,20,0,3,0,2,420,0,0,0,1,29,15,0,5,22,8,4
53401,1,13.74,20,14,0,2,0,3,1869,0,0,0,0,20,0,0,2,11,7,4
43935,1,76.31,10,29,0,1,0,4,2152,0,0,0,0,29,0,0,9,22,10,2
84017,1,69.46,8,23,0,3,0,2,107,0,0,0,1,6,0,0,10,11,11,1
48791,1,60.47,4,16,0,1,0,2,2288,0,0,0,0,41,10,0,14,26,6,3
32549,1,68.43,18,12,0,2,0,4,1701,1,0,0,0,6,25,0,9,24,2,0
22322,1,39.01,20,21,1,1,0,3,2075,0,0,0,0,29,10,0,22,14,8,3
54735,1,88.91,8,21,0,4,0,1,1280,0,0,0,0,31,15,0,6,6,8,2
25053,1,51.25,20,19,1,8,0,1,1582,0,1,1,0,27,60,1,17,8,6,6
49035,1,42.99,0,14,0,8,0,5,1630,0,0,0,0,39,45,0,9,17,9,2
55140,0,27.32,15,20,0,2,0,1,2296,0,0,1,0,23,35,0,0,1,1,2
69752,1,56.37,23,23,0,2,1,6,1787,0,1,0,0,23,45,0,17,2,2,6
33174,1,41.46,11,21,0,1,0,2,2026,0,0,0,0,44,10,0,2,2,2,6
26084,1,8.93,16,19,0,0,0,2,1981,0,0,0,1,5,0,0,20,10,8,6
66558,1,58.17,16,29,0,2,0,3,1204,0,0,0,0,13,0,0,5,8,10,2
87747,1,55.74,15,18,0,2,0,0,1390,0,0,0,0,1,0,0,1,17,4,3
31076,1,27.27,12,22,0,2,0,1,1346,0,0,0,0,3,0,0,19,1,9,0
91863,0,54.27,8,20,0,2,0,1,1548,0,0,0,3,25,25,0,8,11,11,1
87667,0,73.19,12,16,0,4,0,3,1789,0,0,0,0,32,30,0,18,26,2,2
20844,1,44.16,15,17,1,1,1,1,237,0,0,0,0,15,20,0,3,1,2,5
60986,1,22.41,4,14,0,0,0,2,2126,0,0,0,0,23,0,0,18,3,5,5
80030,1,52.93,14,23,0,1,0,0,155,0,0,0,0,9,0,0,22,17,11,0
19044,1,66.09,18,20,0,1,1,0,1552,0,0,0,0,38,20,0,4,22,4,1
44091,0,92.76,15,23,1,1,0,0,1494,0,0,0,0,11,25,0,10,5,7,5
62364,1,1052.94,16,22,0,1,0,1,1130,0,0,0,0,42,25,0,15,6,12,5
74141,1,83.59,13,17,0,1,1,4,768,0,0,0,0,26,10,0,13,27,7,6
86969,1,7.77,6,18,0,2,0,1,443,0,0,0,1,27,0,0,7,22,1,2
64372,1,11.71,15,17,0,1,0,0,2303,0,0,0,1,8,0,0,5,9,6,0
98491,1,6.04,16,22,0,0,0,0,422,0,0,0,0,18,0,0,12,16,6,0
55614,1,32.97,6,11,0,3,0,1,2480,0,0,0,0,18,0,0,4,3,2,0
52530,1,28.43,14,17,0,0,0,2,1119,0,0,0,0,22,0,0,5,29,4,1
42696,0,62.09,9,16,0,0,0,3,1754,0,0,0,0,14,15,0,12,13,10,0
43245,1,24.15,9,10,0,0,0,2,73,0,0,0,0,25,0,0,11,28,5,2
34978,1,70.35,7,28,0,7,0,3,1808,0,0,0,0,40,25,0,12,6,7,6
57760,1,75.21,8,16,0,1,0,4,2305,0,1,0,1,13,15,0,6,23,11,6
10082,1,9.54,11,24,0,2,0,0,1638,0,0,0,0,17,0,0,19,29,9,0
62474,0,2.15,9,13,0,1,0,3,1914,0,0,0,1,10,15,0,6,11,1,5
66053,0,33.73,2,26,1,1,0,7,2056,0,0,0,0,1,45,0,13,1,8,4
68871,1,22.21,10,17,0,0,0,1,2271,0,0,0,1,26,0,0,5,14,11,4
66908,1,40.96,15,21,0,0,1,1,1938,0,0,0,0,39,20,0,11,23,11,6
46912,0,935.13,11,18,0,1,0,1,1954,0,0,0,1,1,30,0,6,24,10,4
71559,1,24.02,16,25,0,0,0,1,842,0,0,0,1,13,0,0,11,24,12,2
36739,1,76.0,20,13,0,0,0,1,1454,0,0,0,1,14,0,0,21,17,9,2
36992,1,57.05,14,22,0,1,1,3,152,0,0,0,0,16,10,0,6,29,9,0
21276,0,58.7,12,13,0,3,0,3,756,0,0,0,0,36,25,0,2,11,12,3
88596,1,67.93,17,21,0,2,0,1,763,0,0,0,0,33,0,0,12,26,3,2
83069,1,3.07,15,22,0,0,0,1,1310,0,0,0,0,10,0,0,18,26,8,1
59319,0,20.36,23,17,1,4,0,6,2131,0,0,0,0,38,70,0,11,20,11,3
52218,1,63.9,12,15,1,1,0,2,1338,0,0,1,2,25,40,0,12,24,1,4
13093,0,44.91,10,14,0,1,0,1,1223,0,0,0,1,9,15,0,8,19,7,5
71953,1,86.9,15,10,0,1,0,1,1489,0,1,0,0,20,15,0,8,15,9,0
68989,1,64.45,4,27,0,0,0,0,2273,0,0,0,0,40,10,0,16,3,6,1
45473,0,61.54,16,18,0,0,0,2,77,0,0,0,1,34,15,0,1,16,12,1
30241,1,87.97,18,26,0,0,0,2,1765,0,0,0,0,28,0,0,2,12,4,5
49992,1,950.73,22,16,0,1,0,2,1406,0,0,0,0,31,15,0,18,25,9,3
42734,1,36.09,14,22,0,4,1,1,271,0,0,0,0,40,35,0,23,4,4,4
90802,1,0.93,17,17,0,1,0,9,1375,0,1,0,1,15,35,0,22,17,9,2
81849,0,70.19,10,29,0,1,0,4,1607,0,0,0,0,44,25,0,7,23,5,4
33569,0,54.63,9,20,0,1,0,1,1887,1,1,1,0,22,75,0,17,6,6,4
27167,1,6.27,18,12,0,1,0,1,1945,0,0,0,1,14,0,0,12,14,3,4
57267,0,62.83,10,18,0,3,0,2,1448,0,0,0,0,35,15,0,17,18,4,4
33043,1,615.48,4,19,0,1,0,0,445,0,0,0,4,31,25,0,9,23,10,3
37226,0,74.08,10,25,0,0,0,6,579,0,0,0,1,43,45,0,17,15,10,2
70715,1,40.43,5,24,0,2,0,2,353,0,0,0,0,22,0,0,17,19,3,2
20942,1,17.46,10,15,0,2,0,4,414,0,0,0,1,44,10,0,11,29,7,1
81491,1,61.91,15,16,0,1,0,1,1438,0,0,0,0,33,0,0,13,26,11,2
81576,0,59.27,5,21,0,1,0,2,1668,0,0,1,0,22,35,0,4,13,10,0
38719,1,45.83,13,19,0,0,1,0,394,0,0,0,1,24,10,0,6,31,12,2
58189,1,25.15,8,19,1,2,0,0,571,0,0,0,1,8,10,0,11,8,9,0
50384,1,25.01,10,21,0,4,0,8,2180,0,0,0,0,27,35,0,10,8,6,6
11084,1,45.58,13,19,0,7,0,1,842,0,0,0,0,44,25,0,15,26,7,5
53555,1,47.0,21,21,1,4,0,1,1850,0,0,0,0,19,25,0,8,16,9,1
64528,1,14.84,18,18,0,2,0,5,1801,0,0,0,1,9,20,0,2,24,3,0
88363,0,17.46,2,11,0,2,0,1,2007,0,0,0,0,1,15,0,22,21,6,5
71145,1,68.48,11,20,0,2,0,2,347,0,0,0,1,29,0,0,20,14,8,3
48508,1,54.71,10,13,0,0,1,0,386,0,0,0,0,35,10,0,17,29,12,0
62086,1,35.05,6,23,0,0,1,2,1141,0,0,0,0,36,20,0,14,3,2,0
12947,0,34.86,12,20,0,4,0,2,237,0,1,1,0,6,65,0,0,22,1,2
67205,1,18.11,17,27,0,1,1,0,458,0,0,0,0,17,10,0,15,29,5,3
53949,0,67.83,10,14,1,0,0,1,2072,0,0,0,0,1,25,0,20,23,11,6
94934,1,59.15,5,23,0,2,0,3,1980,0,0,0,0,44,10,0,15,8,10,2
16641,1,46.26,9,17,0,4,0,2,1045,0,0,0,1,33,15,0,0,7,8,3
37425,1,16.69,11,15,0,4,0,1,543,0,0,0,0,13,15,0,1,9,6,0
96650,0,1095.56,20,13,0,3,0,9,542,0,0,0,0,13,50,0,11,25,8,0
68114,0,40.33,12,22,0,2,0,0,112,0,0,0,0,19,15,0,0,12,8,1
78824,0,990.31,1,14,1,1,0,3,255,0,0,1,0,6,60,0,17,13,6,4
87905,1,45.23,0,17,0,7,0,2,2071,0,0,0,2,23,25,0,2,26,6,3
66704,0,42.95,8,16,0,2,0,2,967,0,0,0,0,33,15,0,21,23,7,2
98921,1,67.7,11,16,0,2,0,0,71,0,1,0,0,20,15,1,20,17,4,3
90156,1,30.7,13,12,0,5,0,5,291,0,0,0,2,27,45,0,18,2,1,3
25895,0,72.03,16,20,1,0,0,0,1433,0,1,0,1,22,40,0,2,24,9,2
65595,1,28.73,13,16,0,0,0,1,245,0,0,0,0,13,0,0,23,3,7,3
12542,1,0.75,9,15,0,7,0,1,203,0,0,0,0,30,15,0,2,15,11,5
58725,0,78.63,13,23,1,2,0,1,1297,0,0,0,1,7,25,0,17,16,5,4
70965,1,28.73,9,30,0,2,0,0,829,0,1,0,0,15,15,0,7,2,4,2
32894,0,40.86,2,16,0,1,0,1,501,0,0,0,0,17,15,0,19,2,12,1
96923,1,17.27,21,11,0,0,1,11,2367,0,0,1,0,35,50,1,8,26,4,5
26257,0,33.25,4,24,0,1,0,3,177,0,0,0,0,33,15,0,8,30,5,4
41826,1,40.13,2,19,0,1,0,2,1490,0,0,1,0,28,20,0,11,31,7,3
94210,1,65.2,21,22,0,0,0,0,525,0,0,0,0,3,0,0,19,19,6,3
74649,1,84.13,10,10,0,0,0,2,544,0,1,0,0,13,15,0,6,7,8,3
32196,1,16.13,13,10,1,2,0,2,1825,0,0,0,0,23,10,0,7,9,5,4
79717,1,62.76,6,19,0,0,0,2,849,0,1,0,0,41,25,0,8,16,11,6
66845,1,2.65,2,20,0,0,0,3,2231,0,0,0,1,42,10,0,10,13,11,3
24316,1,20.35,0,22,1,0,1,2,1206,0,0,0,1,30,20,0,5,2,2,6
18451,1,80.63,19,20,0,0,0,1,1894,0,0,0,0,6,0,0,10,30,4,2
48056,1,11.31,13,13,1,1,0,3,1457,0,0,0,0,42,20,0,14,10,8,6
66329,1,2.07,14,12,0,2,0,0,1997,0,0,0,0,25,0,0,14,5,11,2
25487,1,49.88,11,15,0,1,1,1,2219,0,0,0,1,2,10,0,16,8,10,2
87903,1,66.71,10,21,0,0,0,2,2010,0,0,0,1,7,0,0,14,14,3,4
19833,1,88.17,16,18,0,1,0,2,2031,0,0,0,1,26,0,0,12,7,7,0
20314,1,7.93,9,23,0,1,0,1,2055,0,1,0,0,10,15,0,13,21,11,4
54261,1,3.13,15,15,0,3,0,1,1708,0,0,0,0,25,0,0,21,11,7,4
96302,1,46.94,18,25,0,0,0,3,2278,0,0,1,1,5,20,0,4,17,6,1
46849,1,53.82,15,15,1,1,0,1,1792,0,0,0,0,19,10,0,3,10,1,4
56724,1,35.21,18,26,0,0,0,1,1477,0,0,0,1,8,0,0,11,4,8,0
31891,0,12.62,11,20,0,2,0,0,2103,0,1,0,1,20,30,0,12,7,1,1
49530,1,55.13,21,27,0,0,0,2,1246,0,0,0,0,22,0,0,4,4,1,5
17577,1,48.08,10,23,1,2,0,0,348,0,0,0,0,29,10,0,19,2,4,2
64722,0,90.46,12,15,1,2,0,2,213,0,0,0,0,33,25,0,22,20,4,6
54460,0,59.58,15,22,0,1,0,3,611,0,0,0,1,39,25,0,14,20,11,3
69841,1,6.04,10,15,0,0,0,1,2473,0,0,1,0,2,20,0,23,20,10,0
18126,1,27.87,10,19,0,1,0,3,1953,0,0,0,0,28,0,0,0,26,3,2
86167,1,9.95,13,19,0,1,1,7,1620,0,0,0,0,43,40,0,20,15,9,0
29629,1,37.31,20,20,0,4,0,0,330,0,0,0,1,32,15,0,7,21,1,1
63043,0,14.38,9,18,0,2,0,4,232,0,0,0,0,42,25,0,20,10,5,5
34380,1,63.46,17,18,0,1,0,4,1169,0,0,0,1,9,0,0,19,13,5,1
62065,1,22.47,14,16,0,1,0,2,1189,0,0,0,0,16,0,0,23,10,2,0
34050,1,10.75,19,24,0,1,0,1,301,0,0,0,1,9,0,0,6,10,3,0
14924,1,23.0,11,16,0,1,1,2,1020,0,0,0,0,24,10,0,8,3,2,0
99166,1,16.74,17,20,1,5,1,3,2100,0,0,0,1,27,35,0,5,29,10,2
23884,0,79.9,13,16,0,2,0,0,289,0,0,0,1,37,25,0,4,15,5,3
61901,0,68.49,13,22,0,0,0,1,1986,0,0,0,1,21,15,0,11,23,1,3
41859,1,9.34,16,12,0,1,0,0,2047,0,0,0,1,39,10,0,2,30,9,1
14219,1,1011.89,10,16,0,1,0,3,2149,0,0,1,1,28,35,0,11,27,7,6
99906,1,78.28,19,19,0,0,1,2,865,0,0,0,0,37,20,0,22,27,10,0
26313,0,40.62,14,23,0,2,0,2,988,0,0,0,0,33,15,0,19,13,12,5
80395,1,37.91,6,14,0,2,0,5,1512,0,0,0,0,3,20,0,4,24,9,2
21532,1,73.72,18,16,0,0,0,2,1407,0,0,1,1,31,20,0,15,2,7,2
38784,1,62.05,18,16,0,2,0,2,1457,0,0,0,0,24,0,0,7,7,2,4
66093,1,38.22,4,12,0,2,0,6,212,0,0,0,0,35,20,0,13,25,7,4
84226,1,26.29,0,25,0,1,0,1,364,0,0,0,0,30,0,0,16,15,2,5
80318,1,39.94,12,28,0,0,0,2,135,0,0,0,0,18,0,0,11,23,11,6
54558,1,41.89,9,24,0,0,1,2,2031,0,1,0,0,4,25,0,10,2,8,5
10486,1,15.3,13,17,1,5,0,1,1520,0,0,0,0,42,35,0,5,3,1,4
31255,1,30.63,15,19,1,2,1,1,467,0,1,0,0,13,35,0,8,13,12,5
40524,1,299.13,8,24,1,1,0,4,2198,0,0,0,2,5,20,0,17,10,3,0
42157,1,32.99,14,12,1,0,0,4,2022,0,1,1,0,6,45,0,19,19,9,4
45608,0,60.83,16,14,1,2,0,1,854,0,1,0,0,20,40,0,21,9,3,6
42271,0,6.91,10,32,0,1,0,4,2486,0,0,1,0,12,35,0,16,15,11,5
67345,1,81.14,18,21,0,3,0,2,356,0,0,0,0,6,0,0,20,3,12,2
95067,1,36.72,13,20,0,0,0,4,67,0,0,0,0,2,0,0,13,2,10,3
38773,0,20.98,14,20,0,2,0,1,2042,0,0,0,0,29,15,0,0,5,1,6
86009,1,63.43,11,21,1,2,0,3,883,0,1,0,0,3,25,1,9,24,5,5
23946,1,16.66,16,18,0,1,0,1,204,0,0,0,0,10,0,0,11,21,3,4
20440,0,33.71,3,16,0,3,0,0,1817,0,0,0,0,30,15,0,18,28,12,6
23205,1,37.71,5,22,0,3,0,1,1379,0,0,0,0,30,0,0,1,9,8,5
87597,1,0.61,22,15,0,0,0,7,797,1,0,0,0,6,45,0,7,24,2,0
29246,1,41.41,10,8,1,1,0,2,1712,0,0,0,0,17,10,0,11,11,2,1
53412,1,37.35,11,17,0,0,0,0,1284,0,0,1,1,1,20,1,17,17,3,0
20016,0,46.91,9,18,1,0,0,0,140,0,0,0,1,32,25,0,7,29,4,1
35196,1,84.83,5,17,0,1,0,1,235,0,1,0,0,19,15,0,11,9,3,6
61871,1,49.38,6,15,0,1,0,0,1726,0,0,0,0,5,0,0,19,14,2,4
13817,1,33.8,16,15,0,1,0,2,2480,0,0,0,0,1,0,0,12,11,12,3
37077,1,81.57,12,17,0,2,0,5,1205,0,0,0,1,37,30,0,13,12,11,2
91938,1,65.45,10,20,0,0,0,1,1845,0,0,1,0,29,20,0,6,1,6,6
44343,1,50.0,13,17,0,0,0,2,2398,0,0,0,0,43,10,0,19,30,12,1
89943,1,8.91,20,18,0,2,1,1,1611,0,0,0,0,37,20,0,11,4,1,5
85731,0,9.31,23,23,0,1,1,3,715,0,0,0,0,24,25,0,23,8,9,0
77230,0,78.57,17,24,0,1,0,4,1947,0,0,0,1,29,15,0,2,1,7,1
76670,1,37.78,11,18,0,6,0,2,314,0,0,0,0,27,15,0,17,4,12,3
79163,1,9.68,19,16,0,6,0,1,1287,0,1,0,0,41,40,0,0,19,1,6
69918,1,16.48,17,17,0,0,0,2,809,0,0,0,0,22,0,0,10,25,8,0
21169,1,67.31,16,17,0,1,1,3,2429,0,0,0,1,16,10,0,23,8,8,4
48981,1,36.26,20,14,0,0,0,3,603,0,0,0,0,32,0,0,22,21,10,1
23394,1,1120.38,14,19,0,1,0,4,1059,0,0,0,0,41,25,0,0,29,9,0
83788,1,4.33,13,16,0,6,0,0,1447,0,0,0,1,12,15,0,1,28,1,1
17732,1,0.97,12,21,0,1,0,1,170,0,0,0,0,37,10,0,18,11,6,2
83839,0,9.36,16,22,0,3,1,2,588,0,0,0,1,37,35,0,18,14,2,4
13625,1,80.01,6,20,0,1,1,3,1325,0,0,0,1,25,10,0,3,11,7,4
40751,0,70.85,11,17,0,0,1,0,1975,0,1,0,1,1,40,0,7,15,11,5
74702,1,45.63,19,19,0,2,0,3,1711,0,0,0,0,43,10,0,18,20,4,6
41429,1,46.35,8,18,0,0,0,2,1408,0,1,0,0,10,15,0,3,23,9,1
65026,1,36.58,15,14,0,1,1,2,1444,0,0,0,0,26,10,0,8,14,1,1
90881,0,26.47,9,10,0,1,0,8,1925,0,0,0,0,17,35,0,10,25,1,5
49168,1,51.56,9,17,0,0,0,2,1425,0,1,1,0,2,35,0,0,30,9,1
99967,1,45.26,16,20,0,3,0,2,2083,0,0,0,0,14,0,0,19,17,3,0
49954,1,73.04,15,15,0,0,0,4,2209,0,0,0,0,8,0,0,5,22,1,2
65877,0,48.89,10,17,0,7,0,0,1912,0,0,0,0,20,30,0,8,13,1,0
61064,1,51.42,20,18,0,0,1,1,2033,0,0,0,1,16,10,0,17,16,12,1
83974,0,84.32,20,14,0,0,0,4,820,0,0,0,0,10,15,0,23,4,3,1
48691,0,35.99,16,15,0,3,0,2,533,0,0,0,0,2,15,0,16,4,4,4
38223,1,47.01,6,21,0,3,0,1,1420,0,0,0,0,41,10,1,22,26,10,6
93443,0,49.91,11,16,1,0,1,0,2400,0,0,0,1,23,35,0,10,2,10,3
49236,1,1231.31,10,17,0,2,0,3,1511,0,1,0,1,43,40,0,19,27,8,2
24716,0,43.63,7,19,0,1,0,4,545,0,0,0,0,43,25,0,10,29,11,5
23603,1,39.6,9,23,0,3,0,3,217,0,0,0,2,13,10,0,17,26,3,2
29252,1,18.38,12,19,0,3,0,2,1551,0,0,1,1,5,20,0,12,8,10,2
42192,1,42.54,12,20,1,2,0,2,222,0,0,0,0,35,10,0,10,10,8,6
14408,1,10.74,15,21,1,0,0,2,1807,0,0,0,0,20,10,0,0,11,1,5
24871,0,58.23,7,19,0,0,0,9,341,0,0,0,1,32,35,0,18,15,9,0
99659,1,93.77,2,19,0,0,0,1,1540,0,0,0,0,28,0,0,8,30,12,1
95822,1,539.36,16,24,0,1,0,0,2018,0,0,0,0,39,25,0,21,27,8,2
70028,1,27.58,10,12,0,0,0,7,829,0,0,0,0,27,20,0,1,4,5,6
51458,1,60.41,7,19,0,1,0,1,441,0,1,0,1,3,15,0,21,1,9,0
31632,1,8.41,15,23,1,1,1,2,1530,0,0,0,1,36,30,0,10,22,3,5
95530,1,1214.42,10,14,0,1,0,3,1634,0,0,0,0,15,15,0,20,1,9,0
42225,1,44.54,19,20,0,2,0,4,1171,0,0,0,0,43,10,0,5,16,3,6
26562,1,10.65,9,17,1,1,0,0,2188,0,0,0,1,25,10,0,2,11,3,1
51124,1,71.14,8,8,0,0,1,7,778,0,0,0,0,25,30,0,6,29,5,3
90761,1,74.8,1,27,0,0,0,1,1472,0,0,0,0,30,0,0,3,6,6,4
49448,1,85.72,12,28,1,0,0,4,1494,0,0,0,1,12,10,0,17,24,4,3
82090,1,16.89,5,17,0,0,0,1,1020,0,0,0,0,28,0,0,10,23,7,2
67766,0,32.74,22,32,0,0,0,5,1292,0,0,0,0,32,35,0,1,9,3,6
90175,0,54.24,21,16,0,1,1,2,1424,0,0,0,0,33,25,0,10,12,3,2
71746,0,21.49,11,17,0,3,1,3,85,0,0,1,1,13,45,0,7,27,6,4
16781,1,63.74,1,22,0,3,0,2,85,0,0,0,0,19,0,0,1,4,11,1
86796,0,8.88,8,20,0,2,0,2,218,0,0,0,0,17,15,0,20,28,10,1
12412,1,82.11,14,20,0,1,0,1,1679,0,0,0,1,25,0,0,4,19,8,1
99361,1,13.63,17,19,0,5,0,3,1667,0,0,0,1,6,15,0,20,4,9,3
90857,0,25.08,3,17,0,4,0,2,1609,0,0,0,0,17,30,0,6,26,8,1
82845,1,19.79,8,18,0,2,0,5,285,0,0,0,0,19,20,0,22,23,5,4
69717,1,25.38,7,20,0,1,0,8,1234,0,0,0,0,38,30,0,8,13,1,0
20875,0,62.73,23,22,0,2,0,2,1264,0,0,0,0,17,15,0,21,13,12,5
37228,1,1056.7,14,17,0,0,0,7,1633,0,0,0,0,35,35,0,0,28,12,6
94112,1,10.9,7,13,0,1,0,2,1149,0,0,0,3,32,10,1,7,24,2,0
43919,1,13.06,8,18,0,1,0,2,697,0,0,0,0,29,0,0,15,8,9,0
58953,1,6.5,17,18,0,1,0,2,1894,0,0,0,0,37,10,0,20,7,7,0
67880,0,24.22,11,23,0,2,0,3,1487,0,0,0,0,12,15,0,22,1,4,1
84146,1,98.02,19,16,0,0,0,2,1790,0,1,0,0,37,25,0,20,29,12,0
38173,0,20.29,16,16,0,1,1,0,1458,0,0,0,0,30,25,0,14,7,10,1
58459,1,2.48,14,17,0,1,0,1,185,0,0,0,0,19,0,0,6,30,6,0
29576,1,26.4,20,19,0,2,0,2,1647,0,0,0,0,44,10,0,6,15,5,3
18938,1,64.4,20,19,0,0,0,3,1570,0,0,0,1,38,10,0,9,24,4,3
75661,1,71.68,12,18,0,0,0,2,2063,0,0,0,0,22,0,0,17,12,4,5
60502,0,33.63,14,21,0,2,0,0,1293,0,0,0,1,42,25,0,16,27,3,3
85430,0,25.97,13,17,0,0,0,2,2397,0,0,0,0,35,15,0,1,1,5,3
44262,1,38.17,14,15,0,0,1,3,1424,0,0,0,0,20,10,0,16,4,1,5
77078,1,32.14,7,20,0,1,0,2,1921,0,0,0,0,41,10,0,19,22,3,5
96234,0,94.52,10,15,1,0,1,8,892,0,0,0,1,27,55,0,15,3,10,4
21244,1,21.16,9,17,0,0,0,2,2162,0,0,0,0,39,10,0,5,8,5,3
55949,0,341.96,6,14,0,0,0,3,859,0,0,0,0,36,25,0,16,14,6,5
77136,1,59.96,13,12,0,1,1,2,2147,0,0,0,0,16,10,0,6,4,6,2
96837,1,876.04,23,18,0,1,0,7,1590,0,0,0,0,31,35,0,17,23,6,0
18255,1,22.16,4,21,0,1,0,1,1390,0,0,0,0,35,0,0,1,30,11,6
71235,1,32.62,1,14,1,2,1,0,1637,0,1,0,0,7,35,0,13,5,7,5
71522,1,21.61,21,21,0,2,0,3,2353,0,0,0,0,3,0,0,13,15,9,0
91446,1,18.41,8,13,0,0,0,4,544,0,0,0,1,35,0,0,0,21,2,4
49207,1,36.91,1,14,0,0,0,3,1714,0,0,0,0,18,0,0,3,23,12,1
29501,1,65.69,23,19,0,1,0,1,2047,0,0,0,1,4,0,0,19,23,6,0
51410,1,66.04,7,9,0,1,0,3,1684,0,0,0,2,27,10,0,19,7,11,4
10156,0,54.48,22,15,0,1,0,2,2288,0,0,0,0,2,15,0,16,7,3,4
79334,0,56.94,13,16,1,2,0,2,2008,0,0,0,0,33,25,0,15,16,1,3
98533,1,17.33,2,16,0,0,1,1,280,0,0,0,0,34,10,0,6,25,7,4
59964,1,43.42,13,16,0,0,0,1,1006,0,0,0,1,3,0,0,20,30,11,6
81517,1,55.86,23,23,0,0,0,7,1604,0,0,0,0,29,20,0,21,4,8,0
67695,1,16.51,14,25,0,2,1,3,537,0,0,0,0,41,20,0,23,21,12,6
19234,0,65.06,10,18,0,1,0,3,1823,0,0,0,0,35,15,0,0,19,4,5
80423,1,59.4,13,12,0,1,0,6,979,0,0,0,1,16,20,0,2,19,3,2
68112,1,54.5,1,22,0,0,0,8,1985,0,0,0,0,16,20,0,12,20,3,3
37441,1,26.04,10,27,0,0,0,4,1441,0,0,0,1,32,0,0,12,15,10,2
98602,0,53.87,18,16,0,3,0,3,1897,0,0,0,0,27,15,1,5,19,9,4
28323,1,33.51,16,14,0,7,1,2,616,0,0,0,1,1,25,0,1,23,8,5
96541,1,17.11,12,20,0,7,0,2,1587,0,0,0,1,42,25,0,5,28,11,4
56640,1,23.32,13,16,0,3,0,2,2078,0,0,1,0,37,30,0,15,26,7,5
46163,1,15.2,8,22,0,0,0,3,1179,0,0,0,0,20,0,0,17,12,10,6
23304,1,89.75,17,17,0,0,1,4,1663,0,0,0,0,23,10,0,10,16,3,6
24220,1,221.96,14,13,0,3,0,2,1495,0,0,0,0,5,0,0,2,5,11,2
38219,1,3.39,7,18,0,1,0,3,1195,0,0,0,0,10,0,0,3,7,5,2
65381,1,270.44,17,19,0,2,0,3,659,0,0,0,0,42,10,0,20,28,9,6
67707,0,110.76,12,20,0,1,0,3,2166,0,0,0,1,39,25,0,17,4,7,4
57393,0,66.16,19,16,1,2,0,5,1515,0,0,0,0,38,55,0,12,15,10,2
76890,1,16.96,11,20,0,2,0,1,746,0,0,0,0,25,0,0,14,13,11,3
49314,0,33.66,20,16,0,2,0,5,1354,0,0,0,0,23,35,0,6,5,4,5
84607,1,61.84,17,23,1,1,1,3,757,0,0,0,0,26,20,0,1,21,5,2
20310,0,24.7,12,11,1,1,0,3,311,0,0,0,0,31,25,0,8,11,4,4
72382,1,43.92,8,15,0,3,1,0,914,0,0,0,0,10,10,0,7,1,11,5
59596,1,70.79,9,17,0,0,0,0,2001,0,0,0,0,13,0,0,20,28,10,1
82297,1,51.46,3,13,0,0,0,0,2193,0,1,0,2,17,25,0,10,24,10,4
63784,1,19.37,8,20,0,0,1,1,1873,0,0,0,1,12,10,0,2,20,4,6
79718,1,37.96,6,15,0,2,0,0,700,0,0,0,0,21,0,0,15,11,3,1
14961,0,27.49,14,22,0,3,1,2,1616,0,0,0,0,14,25,0,5,13,9,5
35421,1,29.44,8,14,0,4,0,2,1594,0,0,0,0,22,15,0,1,18,10,5
70193,1,31.26,1,16,0,1,1,2,457,0,0,0,0,22,10,0,15,15,12,0
52298,1,0.57,16,20,0,2,0,2,2152,0,0,1,0,24,20,0,22,22,3,5
42542,1,26.27,23,12,1,3,1,3,1543,0,0,0,0,17,20,0,21,29,4,1
32815,1,36.65,20,13,0,0,1,2,1970,0,0,0,0,16,10,0,7,9,10,3
30085,1,69.61,21,9,1,3,0,2,1466,0,0,0,1,28,10,0,2,24,1,4
33974,1,19.7,11,15,0,1,1,4,1272,0,0,0,0,43,20,0,11,18,8,0
32765,1,1.54,18,21,0,0,0,3,2028,0,0,1,1,27,20,0,7,4,5,6
72297,1,80.36,7,16,0,2,0,2,2394,0,0,0,0,21,0,0,20,9,10,3
74436,1,48.21,23,22,1,0,0,1,1297,0,0,0,0,26,10,0,7,16,2,6
58303,1,81.43,0,27,0,1,0,2,1802,0,0,0,0,31,0,0,16,22,9,0
14330,1,46.71,13,17,0,3,0,3,1577,0,0,0,0,33,0,0,17,2,1,3
47132,1,27.87,19,16,0,4,0,4,948,0,0,0,0,32,15,0,22,15,11,5
33595,1,40.75,18,22,0,0,0,11,1397,0,0,0,0,28,20,0,2,11,6,2
25618,0,10.07,9,19,0,0,0,4,235,1,0,0,0,1,40,0,10,17,5,5
92224,0,9.26,21,16,0,3,0,3,487,0,0,0,0,4,15,0,19,3,2,0
43713,1,11.94,16,13,0,0,0,1,2358,0,0,0,0,31,0,0,19,15,2,5
75235,1,26.27,11,22,0,3,0,1,498,0,0,0,1,41,10,0,1,28,9,6
12374,1,58.52,7,20,0,2,0,2,133,0,0,0,0,11,0,0,22,8,10,2
37144,1,38.39,21,26,1,4,1,3,229,0,0,1,0,22,55,0,11,7,12,6
66339,0,95.25,11,18,0,1,0,3,1018,0,0,0,0,8,15,0,1,2,6,0
23464,1,26.14,6,24,0,2,1,3,699,0,0,0,0,10,10,0,19,16,4,2
54562,1,57.53,11,18,0,4,0,4,524,0,0,0,1,37,25,0,12,23,6,0
55564,1,64.02,21,10,0,1,0,2,2175,0,0,0,0,31,0,0,18,7,6,5
63354,1,54.7,14,15,0,0,0,1,277,0,0,0,0,16,0,0,1,17,7,3
99576,1,64.93,13,17,0,2,0,1,272,0,0,0,1,39,10,0,5,25,9,3
75226,1,4.85,21,14,0,1,0,1,953,0,0,0,0,11,0,0,0,28,6,5
92029,1,12.68,16,22,0,2,0,2,626,0,0,1,2,25,30,1,23,19,3,2
43107,1,78.55,11,17,0,2,0,3,2280,0,0,0,1,39,10,0,3,13,1,0
88513,1,69.27,9,16,0,3,0,2,2310,0,0,0,0,18,0,0,22,18,1,5
38786,1,2.05,10,19,1,4,0,2,2063,0,0,0,1,4,25,0,3,17,5,5
47988,0,69.4,2,13,0,4,0,1,531,0,0,0,0,18,30,0,19,15,2,5
10107,1,274.6,0,25,0,2,0,3,953,0,0,1,0,1,20,0,22,27,7,6
74073,1,40.31,8,24,0,2,0,1,513,0,0,0,0,42,10,0,14,17,10,4
31051,0,5.42,19,19,0,0,0,2,2395,0,0,0,0,6,15,0,16,25,3,1
13368,1,39.8,6,19,0,4,0,2,1956,0,0,0,0,3,15,0,11,16,5,4
78632,1,739.09,4,15,0,1,1,0,2206,0,0,0,0,32,25,0,20,26,5,0
39695,1,40.13,6,21,0,1,0,1,273,0,0,0,0,8,0,0,13,29,3,5
36988,1,9.95,8,22,0,3,0,7,1730,0,0,0,0,4,20,0,19,3,4,3
15456,1,39.71,3,17,0,0,0,4,1784,1,0,0,0,13,25,0,0,25,9,3
50033,0,438.96,12,23,0,0,0,1,218,0,0,0,0,4,15,0,2,12,5,0
38205,1,11.68,8,17,0,0,0,3,2296,0,1,0,0,10,15,0,17,3,3,0
94789,0,15.67,2,28,0,2,1,2,2404,0,0,0,1,24,25,0,0,4,1,5
14037,1,36.37,12,17,0,2,0,1,1894,0,0,0,0,3,0,0,4,18,1,5
92609,1,31.5,16,29,0,0,0,4,930,0,0,0,0,2,0,0,13,20,4,6
34389,1,82.47,23,17,0,2,0,3,724,0,1,0,0,8,15,0,22,4,6,2
67242,1,50.97,16,16,0,1,1,3,1629,0,0,0,0,6,10,0,21,2,6,0
85667,1,17.64,18,17,0,1,0,4,644,0,0,0,0,9,0,0,11,6,7,6
68144,1,27.88,15,16,0,4,1,4,1417,0,0,0,0,22,25,0,7,29,1,2
46989,1,1.44,1,23,0,1,0,8,670,0,0,0,1,7,20,0,6,31,10,4
74143,1,8.98,11,27,0,0,0,1,588,0,0,0,0,10,0,0,0,6,9,5
39096,1,48.95,12,13,0,2,0,3,168,0,0,0,0,27,0,0,0,5,4,5
10342,0,3.07,14,21,0,5,0,0,432,0,0,0,0,35,30,0,0,28,10,1
47687,0,258.44,11,17,0,1,0,3,827,0,0,0,1,11,15,0,17,18,4,4
42907,0,39.56,12,14,0,1,0,5,983,0,0,0,2,19,45,0,12,18,10,5
40270,1,11.18,14,22,0,1,0,3,2373,0,0,0,0,16,0,0,5,5,5,0
39811,1,12.67,8,21,1,0,0,0,937,0,1,0,0,7,25,0,0,28,7,0
88261,1,50.32,14,20,0,0,0,6,2463,0,0,0,0,42,30,0,14,19,1,6
90549,1,48.02,19,20,0,0,0,2,2400,0,0,0,2,10,10,0,18,8,8,4
65015,0,13.64,12,17,0,1,0,5,1923,0,0,0,0,28,35,0,16,8,2,5
39490,0,1.69,9,19,1,1,1,2,443,0,0,0,0,24,35,0,0,1,3,5
72454,1,41.19,12,27,0,1,0,4,1069,0,1,0,0,37,25,0,11,13,6,4
59169,1,1.31,20,19,1,1,1,2,1252,0,0,0,0,43,30,0,5,16,7,2
27316,1,92.59,2,27,0,0,0,3,1363,0,0,0,0,19,0,0,3,7,11,4
74558,1,73.21,9,21,0,2,0,3,2394,0,0,0,2,7,10,0,6,14,8,3
67010,1,7.54,23,19,0,0,0,1,1625,0,0,0,1,3,0,0,22,6,7,6
52975,1,82.52,6,14,0,2,1,3,166,0,0,0,0,38,20,0,19,6,10,0
24363,1,20.79,14,12,0,3,1,2,382,0,0,0,0,1,10,0,1,11,4,4
52808,1,26.36,13,19,0,1,0,2,816,0,0,0,0,21,0,0,6,31,5,5
47068,1,106.2,13,9,0,0,0,9,1483,0,0,0,0,9,20,0,14,21,3,4
46380,1,64.11,11,15,1,0,0,7,2282,0,0,0,0,26,30,0,12,8,6,6
28808,1,51.85,13,21,0,7,0,3,1473,0,0,1,1,35,35,0,4,27,3,3
39458,1,55.9,16,16,0,3,0,3,1312,0,0,0,0,9,0,0,23,25,1,5
72796,0,28.34,18,23,0,0,0,3,619,0,0,0,0,32,15,0,8,17,2,0
73424,1,55.48,15,15,0,2,0,2,1856,0,0,0,1,32,0,0,3,30,3,6
67756,1,42.86,11,23,0,2,0,1,596,0,0,0,1,14,0,0,15,5,10,6
38138,0,75.54,17,18,0,1,0,1,2272,0,0,0,0,18,15,0,0,31,7,3
70918,1,3.09,15,25,0,2,0,3,1673,0,0,0,0,41,10,0,11,10,4,3
87913,1,61.28,15,16,0,1,0,1,855,1,0,0,0,36,35,1,17,13,8,2
38126,1,92.74,12,26,0,0,0,1,1697,0,0,1,1,30,20,0,9,28,3,4
94096,1,59.02,0,18,0,2,1,1,927,0,0,0,0,13,10,0,11,18,12,3
83763,1,75.58,1,12,0,1,0,0,1696,0,0,0,0,14,0,0,16,8,12,0
39218,1,59.35,12,15,0,3,0,2,2499,0,1,0,0,37,25,0,9,20,5,1
50818,1,66.96,9,24,0,2,0,2,46,1,0,0,1,37,35,0,16,1,11,5
25508,1,25.16,20,17,0,0,0,0,1941,0,0,0,0,22,0,0,13,10,4,3
69721,1,172.46,14,17,0,0,1,1,215,0,0,0,1,22,10,0,3,30,7,2
88025,1,16.35,7,26,0,1,0,0,1075,0,0,0,0,24,0,0,0,2,10,3
40404,1,39.06,8,18,0,4,1,2,1573,0,0,0,0,33,25,0,1,29,11,5
80137,0,30.74,10,21,0,3,0,3,405,0,0,0,0,39,25,0,22,10,2,0
98131,0,3.6,11,13,0,2,0,0,598,0,0,0,0,22,15,0,20,12,11,2
20282,1,3.64,8,18,0,2,0,0,978,0,1,0,0,18,15,0,17,28,11,4
65869,0,37.64,9,18,0,0,1,2,1216,0,0,0,1,7,25,0,5,11,4,4
51184,1,44.48,3,22,1,3,0,2,1139,0,0,0,1,22,10,0,19,20,1,0
83955,1,9.78,13,18,1,1,0,2,2301,0,0,0,0,39,20,0,18,20,11,3
76866,0,25.53,11,17,0,3,1,2,1352,0,0,0,0,15,25,0,11,10,12,2
10720,0,650.49,14,20,0,7,0,4,2220,0,0,0,0,14,45,0,5,25,1,5
58548,1,75.44,13,16,0,1,0,0,2099,0,0,0,0,15,0,0,17,18,2,1
15568,1,19.82,5,15,0,2,0,0,1194,0,0,0,0,44,10,0,12,24,1,4
27596,1,15.63,6,21,0,2,1,1,506,0,0,0,0,40,20,0,17,20,2,3
59877,1,108.27,17,22,0,1,0,1,1683,0,0,0,1,21,0,0,5,30,9,1
24731,1,32.07,9,15,0,1,0,1,1246,1,1,0,0,27,40,0,9,13,7,6
94161,1,52.49,14,18,0,3,0,1,1771,0,0,0,0,7,0,0,23,4,3,1
93318,1,55.69,14,20,0,0,0,1,1929,0,0,0,0,36,10,0,22,30,11,6
47096,1,41.76,14,12,0,2,0,1,2458,0,0,0,0,3,0,0,19,29,9,0
55355,1,30.99,13,21,0,1,0,3,1484,0,0,0,0,40,10,0,13,29,11,5
73297,1,18.58,12,22,0,1,0,1,1708,0,0,0,1,8,0,0,19,25,4,4
64953,0,81.41,23,20,0,6,0,2,1634,0,0,0,0,26,30,1,23,30,6,0
78516,1,46.2,13,26,0,1,1,1,717,0,0,0,0,38,20,0,3,7,12,6
24820,1,5.6,14,14,0,5,0,2,165,0,0,0,0,33,15,0,21,20,9,5
39810,1,20.1,12,23,0,0,0,2,1818,0,0,0,0,20,0,0,13,1,3,5
75896,1,15.83,7,15,0,1,1,2,559,0,0,0,1,17,10,0,17,20,5,1
27475,0,44.66,11,12,0,1,0,3,1353,0,0,0,0,32,15,0,11,10,6,1
28909,1,34.67,8,19,0,1,0,3,2187,0,0,0,0,39,10,0,4,29,12,0
79855,1,49.83,4,20,1,1,0,1,901,0,1,0,1,1,25,0,20,16,10,3
71818,1,531.82,8,16,0,6,0,1,1344,0,0,0,0,22,30,0,9,29,12,0
61553,1,70.63,9,15,0,3,0,5,1825,0,0,0,0,14,20,0,8,14,12,6
30059,0,7.97,7,14,0,0,0,4,767,0,0,0,0,34,15,0,4,26,11,2
57519,1,64.18,7,20,0,2,0,2,650,0,0,0,0,19,0,0,19,27,9,5
57507,1,12.17,13,22,0,1,0,1,1032,0,0,0,0,16,0,0,13,11,8,0
58230,0,34.95,17,19,0,1,0,3,1505,0,0,0,0,15,15,0,0,26,4,5
37480,1,75.09,12,15,0,0,1,1,1798,0,0,0,0,44,20,0,21,13,11,3
14341,1,52.75,13,16,1,4,0,2,1687,0,0,0,1,32,25,0,18,26,8,1
46214,1,65.74,11,24,1,1,0,6,1304,0,0,0,0,14,30,0,19,5,12,4
86137,1,90.47,16,16,0,2,0,1,967,0,0,0,0,31,0,0,12,10,3,0
31066,0,12.4,17,19,0,2,0,1,1963,0,0,0,0,31,15,0,10,23,9,1
44503,0,505.93,0,10,0,5,0,2,613,0,0,0,0,25,45,0,0,4,10,5
69244,1,7.49,10,17,1,0,0,3,1215,0,0,0,0,20,10,0,9,26,5,0
27311,0,38.39,0,12,0,0,0,3,2333,0,0,0,1,3,15,0,21,20,11,3
35388,1,47.24,11,14,0,1,0,4,1341,0,0,0,0,31,0,0,3,29,1,2
97015,1,59.28,7,14,0,0,1,2,2313,0,1,0,0,2,25,0,12,8,8,4
91142,0,24.05,3,18,0,1,0,0,432,0,0,0,0,26,15,0,15,9,7,2
33815,1,104.0,15,17,1,3,0,0,769,0,0,0,0,28,10,0,18,27,1,0
31565,1,80.74,10,15,1,1,0,0,736,0,0,0,0,15,10,0,14,14,6,5
91563,1,94.77,6,16,0,2,1,1,563,0,0,1,1,18,30,0,1,8,6,6
15232,1,35.14,20,27,0,1,1,1,600,0,0,0,0,7,10,0,14,6,2,3
54536,1,2.57,13,14,0,2,0,5,905,0,0,0,0,24,20,0,13,21,2,4
62621,1,37.72,9,9,1,1,0,7,1603,0,0,0,0,42,40,0,21,7,9,6
82053,0,64.32,10,19,0,2,0,2,695,0,0,0,0,41,25,0,17,30,6,0
88876,1,544.49,14,16,1,3,0,1,88,0,0,0,0,8,25,0,2,5,8,1
11604,1,876.72,9,16,1,1,1,2,1218,0,0,0,0,40,45,0,13,24,6,1
24837,0,55.11,2,15,0,0,1,4,2105,0,0,0,0,34,25,0,1,19,12,4
82468,1,49.29,11,32,0,0,0,2,1294,0,0,1,0,34,20,0,23,10,10,4
45622,0,694.21,16,13,0,0,0,0,1889,0,0,0,0,8,30,0,9,16,4,2
80411,1,32.76,18,23,0,2,0,2,2182,0,0,0,0,3,0,0,13,8,12,0
70286,1,315.7,15,14,0,6,0,1,191,0,0,0,0,44,25,0,6,2,5,4
80420,1,30.53,15,17,0,0,0,0,1787,0,0,0,1,30,0,0,10,7,6,5
55092,1,45.85,23,26,0,2,1,0,2250,0,0,0,1,28,10,0,4,19,10,6
60408,1,71.87,8,22,0,3,1,2,1321,0,0,0,1,17,10,0,3,1,8,4
19132,1,11.15,13,14,0,1,0,3,270,0,1,0,0,43,25,0,3,3,9,2
74948,1,58.64,8,19,0,4,1,3,1222,0,0,0,0,8,25,0,6,26,11,2
35280,1,1.37,14,15,0,3,1,0,1847,0,0,1,0,34,30,0,12,2,1,3
27210,1,60.02,14,15,1,1,0,3,1128,0,0,0,0,13,10,0,13,22,4,1
24897,1,33.55,8,20,1,4,0,0,1146,1,0,0,0,2,50,0,1,13,7,6
62978,0,71.45,20,31,0,5,0,1,2309,0,0,1,0,15,50,0,23,27,2,3
73770,1,887.33,16,15,0,0,1,2,583,0,0,0,0,38,35,0,5,5,6,3
32627,0,70.33,3,21,0,3,0,0,1638,0,0,0,1,19,15,0,11,7,2,4
71284,1,21.29,10,11,1,7,0,3,960,0,0,0,0,12,25,0,1,28,1,1
36545,1,3.66,11,12,0,6,0,1,971,0,0,0,0,18,15,0,19,5,11,2
40979,1,18.65,7,20,0,1,0,4,2137,0,0,0,0,29,0,0,23,25,2,1
64404,1,58.57,12,16,1,1,0,2,651,0,1,0,0,31,25,0,8,26,6,3
58453,1,31.18,1,20,0,2,1,6,522,0,1,0,0,29,45,0,21,15,6,6
22645,1,40.35,10,20,1,3,0,4,369,0,0,0,0,37,20,0,19,23,10,3
33292,1,43.0,1,16,0,5,0,4,1482,0,0,0,0,3,15,1,13,8,2,5
48403,1,49.44,9,17,0,4,0,1,2196,0,0,0,0,34,15,0,14,8,4,1
17809,1,1.45,12,21,0,0,0,2,2373,0,0,0,0,4,0,0,20,3,12,2
27403,1,18.16,14,21,0,1,0,1,970,0,0,0,1,38,10,0,21,16,6,0
67688,1,9.47,18,23,0,2,1,2,1535,0,0,0,1,43,20,0,14,1,1,2
52785,1,25.1,15,9,0,2,0,0,2187,0,1,0,0,5,15,0,9,24,7,3
85552,1,25.79,5,19,0,2,0,1,2464,0,0,0,0,19,0,0,20,4,5,6
97986,1,72.15,7,22,0,1,0,2,1571,0,0,0,0,1,0,0,1,4,7,4
51710,0,36.43,3,23,0,4,0,0,921,0,0,0,0,39,40,0,19,24,1,4
30726,1,3.97,1,19,0,2,1,1,1782,0,0,0,0,19,10,0,22,4,6,2
58017,0,87.31,16,10,0,0,0,2,704,0,0,0,0,17,15,0,14,25,2,1
77618,1,15.85,11,19,0,6,0,2,1530,0,0,0,0,37,25,1,5,2,10,3
27702,1,53.14,12,21,0,0,0,0,92,0,0,0,0,5,0,0,8,24,8,6
96829,1,14.5,7,19,0,0,0,2,1063,0,0,0,0,43,10,0,0,15,10,2
39604,1,14.58,14,16,0,0,0,0,2391,0,1,0,0,44,25,0,6,2,1,3
67519,1,17.38,11,15,1,0,0,1,1887,0,0,0,0,1,10,0,11,30,8,5
11823,0,12.35,1,20,0,2,0,2,228,0,0,0,1,1,15,1,19,2,4,2
29714,0,84.87,10,18,0,4,0,4,656,0,0,0,0,22,30,0,8,28,6,5
37472,1,71.86,7,24,0,2,0,2,934,0,0,0,0,1,0,0,6,10,2,0
74385,0,944.72,12,18,0,3,0,1,1933,0,0,0,0,20,30,0,1,9,4,2
82228,1,33.53,16,24,0,0,0,3,1781,0,1,0,0,16,15,0,11,7,9,6
99295,1,490.33,2,26,0,0,1,1,1206,0,0,0,1,20,10,0,8,22,12,0
85888,1,50.85,21,12,0,3,0,3,2168,0,0,0,0,37,10,0,8,1,6,6
55054,0,11.64,14,19,0,3,0,2,1554,0,0,0,0,42,25,0,22,18,4,4
73978,1,16.71,10,15,0,3,1,2,1901,0,0,0,0,9,10,0,4,4,6,2
84481,1,83.29,19,17,1,2,1,1,2039,0,1,0,0,6,35,0,4,8,11,5
56732,1,21.24,18,17,0,2,0,1,2309,0,0,0,0,6,0,0,7,28,4,0
23374,1,72.37,12,10,0,6,0,2,2389,0,0,1,0,35,35,0,2,26,3,2
19677,1,78.84,18,17,0,2,1,1,1875,0,0,0,0,18,10,0,19,13,11,3
27935,1,69.27,20,20,0,2,0,1,522,0,0,0,1,12,0,0,22,4,9,3
91743,1,1191.09,8,13,0,2,0,6,1198,0,0,0,0,11,35,0,13,23,8,5
24474,1,4.13,15,23,0,4,1,3,2373,0,0,0,1,36,35,0,1,21,5,2
96787,0,49.48,17,12,0,6,0,2,2497,0,0,1,1,39,60,1,3,18,4,4
91255,1,110.21,23,20,0,5,0,2,1514,0,1,0,0,22,30,1,4,19,5,0
10965,1,8.25,11,24,0,5,0,2,1623,0,0,0,0,22,15,0,23,4,6,2
63935,1,31.85,20,17,0,1,0,6,1217,0,0,1,0,21,40,0,16,2,3,6
43166,1,14.81,10,24,0,2,0,0,171,0,0,0,0,13,0,0,18,10,5,5
59827,1,30.64,15,23,0,0,0,1,996,0,0,0,0,44,10,0,0,18,2,1
29884,1,34.71,12,21,0,1,0,3,1105,0,0,0,0,8,0,0,22,27,8,2
26197,1,15.35,13,24,0,3,0,1,337,0,0,0,0,42,10,0,14,26,11,2
61751,1,52.55,11,13,0,0,0,3,974,0,0,0,0,2,0,0,18,14,5,2
16224,1,53.7,7,16,0,1,0,0,1652,0,0,0,0,15,0,0,15,23,3,6
54903,0,16.35,20,23,0,0,0,3,1065,0,0,1,0,17,35,0,9,18,7,4
81806,0,54.7,15,19,1,1,1,2,2486,0,0,0,0,12,35,0,8,6,2,3
42280,1,58.54,15,21,0,0,0,8,2341,0,0,0,0,37,30,1,2,11,2,1
19913,0,77.87,6,22,0,3,0,0,2087,0,0,1,0,19,35,0,16,14,10,1
60511,1,16.82,4,15,0,2,0,2,1103,0,1,0,0,11,15,0,16,3,2,0
58547,1,60.91,15,15,0,1,0,1,2257,0,0,0,0,18,0,0,5,12,6,3
39101,1,62.27,23,18,0,2,0,8,363,0,0,0,0,5,20,0,18,31,1,4
47525,1,9.78,23,19,1,2,0,1,2181,0,0,0,0,22,10,0,23,19,1,6
75449,1,20.18,13,17,0,4,0,1,1904,0,1,0,0,12,30,0,19,26,12,4
12029,1,38.87,22,19,0,1,1,2,598,0,0,0,0,6,10,0,4,17,11,0
17473,1,33.97,12,24,0,0,0,4,1692,0,0,0,0,35,0,0,6,16,2,6
97383,1,27.47,11,15,0,0,0,2,646,0,0,0,1,16,0,0,16,4,3,1
30709,1,34.89,13,12,0,2,0,2,879,0,0,0,0,39,10,0,1,27,7,6
90978,1,552.52,1,15,0,2,0,0,925,0,0,0,1,9,15,0,8,18,12,3
35420,1,3.31,12,18,1,0,0,6,745,0,0,0,1,31,30,0,2,26,10,6
63801,1,8.86,11,22,0,3,0,5,1815,0,0,0,0,42,30,0,9,18,8,0
10776,1,91.38,14,14,0,0,0,2,446,0,0,0,0,6,0,0,23,3,9,2
13569,1,75.93,8,21,1,8,0,0,1411,0,0,0,0,22,25,0,16,16,3,6
68983,1,87.58,15,14,0,1,0,1,1207,0,0,0,0,6,0,0,5,14,5,2
39711,1,35.79,13,19,1,3,0,2,1903,0,0,0,0,33,10,0,12,24,2,0
20870,1,24.72,15,24,0,6,0,1,2204,0,0,0,0,12,15,0,15,5,1,6
96852,1,37.35,19,27,0,5,0,3,1833,0,1,0,0,19,30,0,15,12,7,5
99072,1,106.4,13,22,0,3,0,2,2417,0,0,0,0,11,0,0,13,4,11,1
32254,1,25.45,11,14,0,5,0,1,2466,0,0,0,0,26,15,0,10,2,7,2
24492,0,881.12,15,22,0,0,1,3,585,0,0,0,0,25,40,0,17,7,4,0
44398,1,28.78,9,18,0,0,0,2,1753,0,0,0,1,11,0,0,7,10,10,4
46038,1,4.97,11,23,1,6,0,1,1061,0,0,0,0,8,25,0,12,13,12,5
94075,0,77.13,18,26,0,5,0,5,1053,0,0,0,0,11,50,0,23,14,4,0
83483,0,13.43,13,24,0,1,1,2,337,0,0,0,0,10,25,0,18,27,12,5
65058,1,15.12,19,20,0,4,0,0,771,0,0,0,0,34,15,1,18,26,1,6
45202,1,23.99,10,27,0,1,0,1,1132,0,0,0,0,43,10,0,18,29,3,5
55795,0,47.32,20,17,0,1,0,8,1755,0,0,0,0,43,45,0,2,21,11,4
91628,1,12.3,8,11,0,0,0,1,1641,0,0,0,0,2,0,0,5,7,1,1
29558,0,62.83,15,32,0,1,0,0,658,0,0,0,0,10,15,0,12,28,7,0
78418,1,38.71,8,17,0,2,0,0,1934,0,1,0,0,33,15,0,5,17,4,3
94931,1,30.8,2,24,0,2,0,2,1034,0,0,0,0,34,0,0,5,4,1,5
45339,1,73.99,21,18,0,4,0,5,1250,0,0,0,0,25,35,0,22,2,5,4
32414,0,0.48,2,18,0,0,0,3,1323,0,0,0,0,28,15,0,0,20,11,3
50814,1,717.45,19,16,0,1,0,1,1133,0,0,0,0,34,15,0,19,27,11,3
36980,1,78.4,9,15,0,1,0,1,1391,0,0,0,0,27,0,0,9,9,11,6
29039,1,17.78,7,22,0,4,0,1,1537,0,0,0,0,38,25,0,17,10,1,4
79539,1,51.99,18,19,0,0,0,3,1165,0,0,0,0,3,0,0,7,5,9,4
79303,1,37.22,13,11,0,1,0,2,106,0,0,0,0,7,0,0,13,1,6,6
46719,1,15.89,12,21,1,0,1,4,503,0,0,0,0,5,20,0,20,3,2,0
89923,0,19.37,8,11,0,2,0,2,2151,0,0,0,1,3,15,0,19,29,4,1
56982,1,41.55,15,23,0,0,0,2,2352,0,0,0,0,15,0,0,10,30,11,6
26552,0,56.92,11,17,0,2,1,0,707,0,0,0,0,31,25,0,3,25,4,4
68557,1,30.98,18,13,0,2,0,9,2121,0,0,0,1,4,20,0,8,19,8,1
81045,0,16.13,12,20,0,1,0,1,1253,0,0,0,0,2,15,0,13,16,12,1
47827,0,12.43,17,16,0,0,0,3,1422,0,0,0,0,13,15,0,5,13,4,6
43313,1,10.86,10,26,0,0,0,5,372,0,0,0,0,19,20,0,0,12,6,3
59986,1,46.45,10,15,1,1,0,2,336,0,0,0,0,4,10,0,9,23,8,5
69439,1,33.4,7,13,0,4,0,1,472,0,0,0,0,39,25,0,12,3,12,2
87418,1,4.22,8,19,0,3,0,2,2443,0,0,0,0,38,10,0,7,7,9,6
29834,1,70.27,18,16,0,1,0,2,605,0,0,0,0,22,0,0,2,27,4,6
28270,1,24.0,20,18,0,1,1,0,2496,0,0,0,1,35,10,0,19,9,7,2
93756,0,36.43,13,11,0,3,0,6,1712,0,0,0,0,36,45,0,12,31,3,0
95390,1,65.66,13,11,0,1,1,4,1425,0,0,0,0,4,10,0,6,5,7,5
96537,0,24.57,9,11,0,1,1,3,495,0,0,0,1,32,25,0,14,14,8,3
27011,0,85.8,8,27,0,0,0,7,713,0,0,0,0,10,35,1,1,8,11,5
99190,1,40.59,2,19,0,7,0,0,1835,0,0,0,1,32,15,0,9,18,5,6
75116,1,77.01,12,12,0,2,0,0,2459,0,0,0,0,28,0,0,23,8,4,1
56612,0,17.41,14,21,0,3,0,0,1882,0,0,0,0,24,15,0,5,9,6,0
39272,1,51.17,11,16,0,1,1,3,680,0,0,0,0,12,10,0,2,2,9,1
69646,1,22.71,20,19,0,1,0,4,648,0,0,0,0,41,10,0,3,3,7,3
95320,1,53.37,13,19,0,0,1,1,95,0,0,0,1,36,20,1,10,22,1,2
28296,1,723.32,23,17,0,0,1,0,2477,0,0,0,0,23,25,0,0,11,12,3
68951,1,17.4,8,14,0,2,0,9,2420,0,1,0,0,24,35,0,14,7,12,6
63826,1,68.41,15,18,0,2,0,0,685,0,0,0,0,39,10,0,7,2,6,0
20204,0,17.9,9,19,0,0,0,1,2019,0,0,0,0,7,15,0,7,27,5,1
21481,1,30.25,10,14,0,0,1,3,2109,0,0,0,0,5,10,0,15,16,10,3
16828,1,72.43,18,15,1,1,0,5,41,0,0,0,1,18,30,0,7,14,9,6
82428,1,1130.42,8,18,0,0,0,2,902,0,1,0,0,5,30,0,20,4,4,4
29248,1,10.23,20,24,0,3,0,3,983,0,0,0,1,26,0,0,9,25,5,6
32306,1,1.73,12,20,0,1,1,2,1810,0,0,0,0,19,10,0,9,18,8,0
39001,1,17.75,9,18,0,1,0,7,1470,0,0,0,0,10,20,0,20,23,12,1
65396,0,63.83,11,17,0,2,0,3,1970,0,0,0,0,19,15,0,23,11,1,5
81017,0,63.11,13,24,1,0,0,2,376,0,0,0,0,18,25,0,2,9,10,3
90392,1,69.12,0,21,0,0,1,2,783,0,0,0,0,8,10,0,9,13,5,1
42358,1,30.03,16,15,0,1,1,1,1113,0,0,0,0,39,20,0,1,7,1,1
22352,1,2.08,12,15,0,2,0,2,647,0,1,0,0,33,15,0,19,19,11,2
38910,1,47.02,11,12,0,0,0,4,1814,0,0,0,0,14,0,0,20,20,7,6
67565,0,64.88,15,19,0,1,1,1,1644,0,0,0,0,30,25,0,6,12,5,0
39262,0,16.17,12,24,1,4,0,2,967,0,0,0,1,26,40,0,20,20,1,0
95560,1,43.54,8,15,1,0,0,0,1265,0,0,0,0,25,10,0,23,27,1,0
24411,1,17.9,18,14,1,0,0,0,595,0,0,0,0,23,10,0,8,24,6,1
36926,1,16.24,15,19,0,2,0,1,1089,0,0,0,0,21,0,0,15,19,7,5
87464,1,14.18,12,17,1,1,1,0,958,0,0,0,0,15,20,0,4,25,1,5
44682,1,24.58,9,23,0,1,0,3,1843,0,0,0,1,33,0,0,17,8,7,1
48325,0,1138.06,15,13,0,4,0,3,1666,0,0,0,0,5,45,0,10,9,8,5
46200,0,52.98,12,16,0,1,0,0,1882,0,0,0,0,38,25,0,23,15,3,5
53288,1,40.68,12,17,1,2,1,4,933,0,0,0,1,4,20,0,7,6,7,6
75885,1,2.02,0,10,0,1,0,0,1046,0,0,0,0,34,0,0,20,13,12,5
75358,0,45.71,7,20,0,1,0,2,2181,0,0,0,0,10,15,0,3,24,10,4
41207,0,68.14,10,16,0,1,0,3,1513,0,0,1,0,40,45,0,11,4,10,5
39794,1,8.95,1,22,0,0,1,2,1660,0,0,0,0,27,10,0,22,29,5,3
62752,1,327.93,19,11,0,0,0,1,230,0,0,0,0,13,0,0,11,11,11,1
46125,1,1119.06,13,17,0,4,0,3,292,0,0,0,0,34,30,0,1,26,10,6
94639,0,31.46,1,18,0,0,0,6,1431,0,0,0,1,40,45,0,8,4,6,2
24432,1,36.55,19,22,0,3,0,2,2253,0,0,0,0,3,0,0,14,11,2,1
47268,1,45.77,9,13,0,0,0,8,470,0,0,0,0,39,30,0,15,28,3,4
24028,0,62.37,2,11,0,1,1,0,2119,0,1,0,0,41,50,0,0,15,6,6
44804,1,96.16,10,17,0,3,0,2,998,0,1,0,1,26,15,0,8,13,8,2
19447,1,61.31,1,10,0,0,0,2,2029,0,0,0,1,5,0,0,23,11,10,5
25817,1,10.41,11,20,0,1,1,2,1061,0,0,0,0,36,20,0,1,5,9,4
18034,1,68.67,20,22,0,0,1,0,1482,0,0,0,0,31,10,0,4,27,6,4
97744,0,11.22,17,22,0,0,0,4,641,0,0,0,0,11,15,0,5,6,9,5
74427,1,1.08,0,15,0,1,0,2,2047,0,0,0,0,42,10,0,23,15,6,6
38717,0,69.67,18,23,0,1,0,4,1728,0,0,0,1,33,15,0,1,29,3,5
71351,0,80.91,11,14,0,1,1,3,2174,0,0,0,0,30,25,0,12,9,11,6
61105,1,26.02,17,20,0,1,0,1,1653,0,0,0,0,4,0,0,1,22,6,6
19207,0,76.55,13,14,0,1,0,4,1966,0,0,0,0,33,15,0,15,29,7,1
18301,1,5.34,2,20,0,3,0,4,1947,0,0,0,0,5,0,0,2,30,3,6
65255,0,74.82,11,14,0,0,0,2,823,0,0,0,0,24,15,0,20,10,2,0
96156,1,11.7,10,19,0,1,0,0,2317,0,0,0,1,9,0,0,6,13,3,3
36120,1,11.19,12,23,0,1,0,1,2223,0,0,0,1,33,0,0,2,17,4,3
25453,0,32.9,16,19,0,3,0,1,1922,0,1,0,0,42,40,0,3,12,2,2
34180,1,128.11,16,17,0,4,0,2,331,0,0,0,0,25,15,0,10,16,6,0
46404,1,70.86,20,24,0,2,0,0,2149,0,0,0,0,12,0,0,23,20,2,3
36818,1,21.29,17,21,1,2,0,4,464,0,0,0,0,25,10,0,3,10,4,3
85547,1,73.55,12,24,0,1,0,1,1381,0,0,0,0,6,0,0,4,9,8,5
46035,1,26.43,10,16,0,3,0,8,1599,0,0,0,1,15,20,0,17,17,2,0
68975,1,31.43,15,17,0,5,0,4,2175,0,0,0,0,21,15,0,0,26,6,3
41912,1,58.42,9,10,0,1,0,3,1948,0,0,0,0,13,0,0,18,31,3,0
38020,1,49.35,15,19,0,1,0,0,106,0,0,0,0,4,0,0,0,3,3,0
85287,1,19.17,12,21,0,0,0,7,1877,0,0,0,0,17,20,0,14,9,11,6
98285,0,56.16,10,15,0,2,0,1,2438,0,0,0,1,40,25,0,1,9,11,6
94271,1,68.1,2,13,0,0,1,2,1057,0,0,0,1,12,10,0,17,17,1,4
39214,1,54.46,14,17,0,0,0,7,941,0,0,0,1,12,20,0,10,14,12,6
90201,0,40.47,1,19,0,3,0,9,1141,0,0,0,0,6,35,0,3,22,4,1
96184,1,13.44,10,14,1,1,1,0,1399,0,0,0,0,18,20,0,22,26,6,3
61225,1,51.77,4,18,0,3,1,1,1274,0,0,0,2,25,20,0,8,5,5,0
42520,0,17.42,10,12,0,2,0,0,1056,0,0,0,0,30,15,0,7,9,2,6
12244,1,50.58,11,19,0,4,0,1,1366,0,0,0,1,33,15,0,22,16,3,6
25883,1,56.09,7,14,0,0,0,2,1105,0,0,0,1,13,0,0,8,22,3,5
74595,0,689.26,12,17,0,0,0,1,1113,0,0,0,0,12,30,1,7,6,6,4
93282,1,95.05,23,15,0,5,0,0,835,1,0,0,1,1,40,0,12,21,3,4
10485,0,45.66,11,16,0,1,0,1,1204,0,1,0,0,23,30,0,23,5,2,2
19839,0,21.04,7,24,0,0,0,6,2310,0,0,0,0,30,35,0,0,13,5,1
86342,1,27.18,9,18,0,0,0,3,2355,0,1,0,1,30,15,0,5,19,2,2
81437,1,10.47,7,26,0,0,0,11,1827,0,0,0,0,44,30,0,14,29,5,3
71652,1,71.41,12,21,0,2,1,0,113,0,0,0,1,33,10,0,5,21,7,0
18110,1,11.61,18,12,0,2,0,1,1708,0,0,0,0,22,0,0,3,25,11,1
79224,0,46.08,13,17,0,0,0,0,986,0,1,0,0,6,30,1,13,10,11,0
86758,1,62.19,12,20,0,0,0,1,1726,0,0,0,1,42,10,0,9,2,7,2
44775,0,51.78,9,17,0,0,0,6,2001,0,0,0,2,21,45,0,12,15,12,0
89964,0,53.4,13,17,0,0,1,1,962,0,0,0,0,11,25,0,10,30,3,6
24224,1,3.3,17,18,0,0,0,7,611,0,0,0,0,7,20,0,3,21,9,6
69945,1,66.82,14,19,0,0,1,2,143,0,0,0,1,9,10,0,14,7,10,1
88804,1,13.94,10,16,0,3,0,3,1964,0,0,0,1,22,0,0,3,9,7,2
28746,1,24.84,0,18,1,2,0,2,1503,0,0,0,0,37,20,0,8,19,1,6
51191,1,3.79,16,23,0,1,0,4,1587,0,0,0,1,25,0,0,2,19,4,5
63682,1,15.78,23,23,1,1,0,2,2246,0,0,0,1,20,10,0,2,8,1,2
42161,0,75.48,7,18,1,2,0,2,1128,0,0,0,0,13,25,0,23,31,10,4
97446,1,12.28,10,14,0,1,1,3,1043,0,0,0,1,15,10,0,2,5,7,5
77356,1,16.16,9,22,0,1,0,3,1392,0,0,0,0,30,0,0,19,4,10,5
12272,1,1114.53,12,22,0,3,0,1,2234,0,0,0,0,30,15,0,6,6,4,6
23796,0,10.34,14,14,0,0,0,2,2057,0,0,0,0,22,15,0,8,31,3,0
79250,0,6.91,17,21,0,4,0,1,224,0,0,0,0,4,30,0,4,9,7,2
78623,1,58.88,3,16,0,1,0,1,1527,0,0,0,1,9,0,0,18,30,5,4
49492,1,30.52,9,17,1,2,0,0,1165,0,0,0,0,29,10,0,13,25,3,1
48354,1,82.85,0,7,0,1,1,0,925,0,0,0,0,18,10,0,13,2,9,1
13204,0,63.74,13,17,0,0,0,3,1827,0,0,0,0,40,25,0,23,12,10,6
45732,1,90.79,21,15,0,4,1,10,748,0,0,0,1,22,45,0,4,13,9,5
27977,1,56.52,10,25,0,0,0,0,1263,0,0,0,0,27,0,0,2,19,9,4
57590,1,32.85,12,25,0,0,0,3,386,0,0,0,1,37,10,0,11,18,3,1
18100,1,1107.6,17,22,0,0,1,3,679,0,0,0,1,43,35,0,12,10,11,0
28261,1,2.07,13,19,0,3,0,2,2061,0,0,0,1,13,0,0,21,14,8,3
63897,1,1035.25,7,21,0,2,0,2,2081,0,0,0,0,15,15,0,5,16,11,6
95642,1,58.61,8,13,0,1,0,10,1834,0,0,0,0,26,20,0,8,6,1,0
46518,1,26.55,11,14,0,1,0,2,2461,0,0,0,0,20,0,0,6,26,5,0
23054,1,30.54,10,25,0,2,1,2,917,0,1,0,0,37,35,1,6,17,5,5
84768,0,40.19,8,16,1,2,1,2,813,0,0,1,0,9,55,0,13,20,8,2
84523,1,49.05,14,16,0,3,0,3,494,0,1,0,0,31,15,0,15,6,8,2
11460,1,40.13,15,21,0,0,0,2,861,0,0,0,0,27,0,0,0,11,12,3
69071,1,42.99,21,24,1,2,1,1,1318,0,0,0,1,12,20,0,12,15,1,2
95894,0,43.31,16,15,1,0,0,2,2470,0,0,0,0,30,25,0,5,13,9,5
41297,1,30.93,4,16,0,1,0,10,149,0,0,0,0,34,20,0,5,7,3,4
69794,1,34.09,9,21,0,1,0,2,2152,0,0,0,0,39,10,0,14,16,8,5
84673,1,21.34,4,22,0,2,1,0,2352,0,0,0,0,28,10,0,10,5,12,4
20599,1,20.98,20,29,0,1,1,5,1334,0,0,0,1,16,30,0,3,19,7,5
31113,0,34.69,0,20,0,3,0,2,2018,0,0,0,0,2,15,0,12,3,7,3
19868,1,85.21,7,14,0,2,0,0,830,0,1,0,0,31,15,0,5,17,7,3
34214,1,9.84,17,13,0,1,0,1,405,1,0,0,0,39,35,0,4,26,5,0
25972,1,60.25,9,21,0,2,0,3,860,0,0,0,0,36,10,1,23,27,3,3
28902,1,4.44,13,17,0,0,0,1,1858,0,0,0,0,44,10,0,11,27,5,1
49326,1,37.41,9,20,0,2,0,1,1872,0,0,0,0,43,10,0,2,9,5,4
64942,1,14.14,11,21,0,2,1,1,1921,0,0,0,0,42,20,0,10,17,6,1
61452,1,17.16,9,15,0,1,0,2,437,0,0,1,0,35,20,0,8,20,12,5
39524,1,56.78,20,24,0,0,0,3,2482,0,0,0,0,34,0,0,15,9,3,6
58829,1,0.06,7,14,0,2,0,0,2026,0,0,0,0,1,0,0,17,13,6,4
94011,1,755.7,14,23,0,1,0,5,2214,0,0,0,0,20,35,0,20,31,12,2
35196,1,21.31,10,25,0,1,0,8,866,0,0,0,0,37,30,0,2,29,1,2
84655,1,32.67,11,18,0,2,0,1,1150,0,0,1,0,3,20,0,20,12,3,2
81229,1,445.25,10,21,0,1,1,2,98,0,1,0,0,13,25,0,21,16,6,0
58423,1,35.77,7,16,0,0,0,0,1256,0,1,0,0,39,25,1,4,8,12,0
62661,1,11.83,9,27,0,1,0,1,51,0,1,0,1,31,15,1,16,9,12,1
93317,0,51.24,15,13,0,0,1,3,1307,0,0,1,0,24,45,0,21,4,11,1
47668,1,46.95,11,12,1,1,0,2,2302,0,0,0,1,20,10,0,3,16,1,3
82633,1,42.89,17,19,0,4,1,0,1113,0,1,0,0,13,40,1,23,28,3,4
73075,1,37.59,18,20,0,1,0,4,2409,0,0,0,0,26,0,0,0,28,7,0
98331,1,20.21,11,24,0,0,0,2,79,0,0,0,0,5,0,0,12,11,4,4
88822,0,38.04,0,18,0,0,0,2,2016,0,0,0,0,27,15,0,16,25,1,5
59024,0,17.94,17,21,0,0,0,2,244,0,0,0,1,7,15,0,10,17,12,2
59662,1,67.7,14,16,1,2,0,3,1647,0,0,0,2,6,20,1,14,13,8,2
54264,1,20.97,7,16,0,1,0,3,2359,0,0,0,0,23,0,0,7,5,5,0
35748,1,9.12,6,15,1,0,0,4,1251,1,1,1,1,9,70,0,16,26,1,6
88418,1,85.4,8,16,0,0,1,1,1885,0,0,0,0,30,10,0,2,15,9,0
21569,0,42.86,13,22,0,1,0,1,2011,0,0,0,0,6,15,0,1,27,9,5
69450,1,50.76,9,21,0,0,0,1,866,0,0,1,0,24,20,0,20,29,7,1
63506,1,38.57,9,16,0,1,0,5,2353,0,0,0,0,11,20,0,0,26,8,1
59632,1,35.65,12,16,1,0,0,2,1881,0,0,0,0,2,10,0,15,16,1,3
68961,0,37.39,2,22,0,4,0,1,1804,0,0,0,0,14,30,0,4,7,2,4
63255,1,37.05,18,17,0,2,0,7,1518,0,0,0,1,37,30,0,18,25,2,1
34902,1,257.52,6,13,0,0,0,4,290,0,0,0,1,13,0,0,6,8,12,0
79968,0,40.21,11,17,0,0,1,2,878,0,0,0,1,35,25,0,6,2,1,3
19640,1,14.74,13,15,1,1,0,3,1018,0,0,0,1,38,20,0,10,25,4,4
46972,0,29.07,6,14,0,0,0,1,1414,0,0,0,1,39,25,0,4,6,5,1
24958,1,55.26,11,23,1,2,0,1,1771,0,0,0,0,11,10,1,6,24,3,0
38875,1,41.61,0,17,0,0,0,5,1323,1,0,0,0,9,45,0,0,17,9,2
72543,1,82.4,16,25,0,1,0,3,815,0,0,0,0,44,10,0,23,3,11,0
45885,1,15.38,15,19,0,1,0,2,2185,0,0,0,0,4,0,0,5,16,8,5
36055,0,37.86,6,16,0,0,0,3,1506,0,0,0,0,43,25,0,8,28,10,1
21762,1,440.34,8,20,0,4,0,1,2064,0,0,0,1,33,15,0,5,27,7,6
80001,1,37.37,8,12,0,3,0,3,1505,0,0,0,0,21,0,0,9,20,7,6
75379,0,28.34,21,23,0,4,0,3,1966,0,0,0,0,2,30,0,22,9,9,1
15730,1,47.47,11,11,0,1,1,0,2250,0,0,1,0,13,30,0,12,25,9,3
71106,1,18.17,11,23,0,1,0,1,426,0,0,0,0,5,0,0,6,9,3,6
14461,1,35.15,10,13,0,1,0,1,2465,0,0,0,1,38,10,0,20,6,11,3
30182,0,41.13,8,17,0,0,0,2,1506,0,0,0,0,22,15,1,22,2,7,2
27194,1,26.05,17,15,0,1,0,1,520,0,0,0,0,9,0,0,9,27,12,5
11435,1,22.64,2,13,0,1,0,6,2274,0,0,0,0,12,20,0,17,30,10,3
77862,1,119.34,13,17,0,1,1,1,2455,0,0,1,0,4,30,1,2,1,2,5
17128,1,17.89,9,28,0,3,0,3,1170,0,0,0,0,40,10,0,22,30,11,6
74127,1,920.36,6,15,0,1,1,3,2299,0,0,0,0,24,25,0,23,3,12,2
50224,0,5.11,21,14,0,2,1,1,2207,0,0,0,1,24,25,0,17,18,1,5
49099,0,58.28,19,20,1,1,0,2,1214,0,0,0,0,28,25,0,0,24,7,3
88674,1,34.42,17,19,0,0,0,1,1159,0,0,0,0,5,0,0,7,19,7,5
36458,1,43.97,3,16,1,0,1,0,852,0,0,0,0,10,20,0,15,19,9,4
19732,1,52.79,10,16,0,1,0,1,1911,0,0,0,0,11,0,0,11,10,1,4
52153,0,42.32,10,21,0,0,0,5,1562,0,0,0,0,29,35,0,1,28,3,4
53360,1,74.06,6,9,0,0,0,0,1350,0,0,0,1,17,0,0,0,29,10,2
54234,1,63.85,12,18,0,1,0,1,1792,0,0,0,0,42,10,0,7,11,8,0
56331,1,37.82,8,20,1,1,0,3,200,0,0,0,1,18,10,0,11,12,8,1
24903,0,45.47,14,29,0,6,0,3,1015,0,0,0,0,14,30,0,18,6,11,3
25686,1,28.25,9,18,1,1,1,0,2237,0,0,1,0,1,40,0,15,13,1,0
97526,1,32.0,14,17,0,1,0,0,1239,0,0,0,1,16,0,0,20,29,6,6
27162,1,9.28,10,14,0,3,0,3,1912,0,0,0,1,36,10,0,17,2,2,6
72849,1,40.02,9,11,0,4,0,10,615,0,0,0,1,20,35,0,6,12,9,4
78445,1,941.54,15,15,0,0,0,10,1131,0,0,1,0,19,55,0,6,19,9,4
96017,1,3.3,16,16,0,2,0,1,1088,0,1,0,0,2,15,0,3,27,11,3
12004,1,51.19,7,16,0,3,0,4,88,0,0,0,0,44,10,0,13,23,4,2
86073,1,28.44,17,22,1,0,1,0,1189,0,0,0,1,4,20,0,0,11,8,0
41404,0,17.56,13,17,0,1,0,1,352,0,0,0,1,32,15,0,9,21,1,1
40466,1,23.65,18,23,0,1,0,2,49,0,0,0,0,5,0,0,15,22,3,5
18066,1,593.65,18,17,0,0,1,1,1716,0,0,0,1,26,25,0,22,27,6,4
73119,1,956.18,6,19,0,6,1,2,1446,0,0,0,0,35,40,0,6,10,1,4
30640,1,48.48,10,20,0,1,0,3,2413,0,1,0,0,22,15,0,10,6,9,5
67193,1,54.9,4,21,0,1,0,3,1548,0,0,0,1,1,0,0,22,20,2,3
53249,0,41.4,19,21,0,8,0,3,2211,0,0,0,0,16,30,0,9,11,2,1
96156,0,40.42,20,21,0,1,0,0,1128,0,0,0,1,19,15,0,16,30,1,3
49987,1,23.31,10,19,0,2,0,3,116,0,0,0,0,26,0,0,8,24,9,2
97567,1,48.75,7,16,0,5,0,0,68,0,0,0,0,33,15,1,15,7,11,4
76673,0,39.71,16,21,0,1,0,1,2056,0,0,0,1,36,25,0,0,26,8,1
67784,1,42.61,9,19,0,1,0,8,1114,0,0,0,0,9,20,0,8,15,11,5
29659,1,72.46,5,24,0,7,0,2,1088,0,0,0,0,24,15,0,20,7,1,1
35137,1,6.91,12,26,0,3,1,2,1202,0,0,0,0,2,10,0,18,3,7,3
20253,1,51.64,19,21,0,0,0,1,1925,0,1,0,1,43,25,1,15,21,10,1
84973,1,39.97,15,19,0,4,0,0,1965,0,0,1,0,39,45,0,2,26,7,5
57339,1,31.27,6,16,0,1,0,2,2135,0,0,0,0,24,0,0,6,23,4,2
21085,0,18.85,13,14,0,1,0,1,1460,0,0,0,1,27,15,0,17,11,11,1
44026,1,9.39,10,16,0,0,1,1,195,0,0,0,0,6,10,0,15,17,6,1
64683,1,25.47,3,15,0,0,1,0,1986,0,0,1,0,30,30,0,12,17,12,2
32499,1,25.88,11,20,0,4,0,2,2046,0,0,0,0,5,15,0,17,20,6,4
79183,1,21.82,11,15,0,1,0,1,386,0,0,0,0,20,0,0,15,10,8,6
31357,1,3.31,6,22,0,0,0,1,2074,0,1,0,1,39,25,0,4,4,9,3
62190,0,21.12,19,12,0,0,0,2,774,0,0,0,0,39,25,0,5,19,5,0
39406,1,9.13,8,21,0,3,0,3,1685,0,1,0,1,12,15,0,5,26,1,6
52454,1,14.73,23,12,0,1,0,2,392,0,0,0,1,24,0,0,4,19,4,5
66471,1,50.71,11,19,0,0,0,3,1293,0,0,0,1,12,0,0,16,14,1,1
86312,1,74.76,19,17,0,1,0,6,1514,0,0,0,0,42,30,0,1,13,4,6
19807,0,73.31,10,14,0,2,0,2,1572,0,0,0,0,26,15,0,20,27,4,6
72205,1,23.61,12,15,0,4,1,6,1731,0,0,0,1,16,45,0,16,27,4,6
76354,1,28.39,10,19,0,6,0,2,362,0,0,0,1,43,25,0,11,21,5,2
95971,0,18.22,4,18,0,1,0,0,1214,0,0,0,0,14,15,1,1,16,8,5
65575,1,28.12,12,19,0,1,0,4,1659,0,0,0,0,1,0,0,7,9,12,1
72196,1,27.83,12,12,0,1,0,5,333,0,0,0,0,16,20,0,8,17,4,3
26978,0,60.79,21,14,0,0,0,4,1818,0,0,0,0,8,15,0,1,28,11,4
73426,1,44.44,19,25,0,2,0,4,93,0,0,0,0,34,0,0,14,13,11,3
48508,1,0.08,10,21,0,0,0,0,2466,0,0,0,1,18,0,0,8,6,12,5
99981,1,7.61,15,13,0,2,0,2,1601,0,0,0,2,9,10,1,16,30,11,6
14702,0,38.7,15,14,0,5,0,1,2198,0,0,0,0,13,30,1,13,16,7,2
45168,1,112.83,12,16,0,2,0,5,2122,0,0,0,0,18,20,0,9,9,9,1
21896,1,264.89,16,16,0,0,0,3,1522,0,0,0,0,13,0,0,21,20,12,5
62066,1,18.96,12,20,0,1,0,1,1977,0,0,0,2,17,10,0,14,28,3,4
39746,0,39.57,0,22,0,2,0,2,534,0,1,0,0,11,30,0,21,21,7,0
38071,1,46.44,9,17,0,1,0,4,2285,0,0,0,1,6,0,0,10,30,3,6
59159,1,34.66,19,16,0,1,0,2,2131,0,0,0,0,36,10,0,21,8,7,1
24013,1,27.01,6,17,0,1,0,2,99,0,0,0,0,28,0,0,12,30,10,3
31520,1,39.73,12,17,0,7,1,3,2007,0,0,0,0,36,35,0,21,12,2,2
14691,1,36.01,4,19,0,0,1,1,1349,0,0,0,0,41,20,0,8,27,8,2
77580,1,5.11,13,20,0,4,0,2,1013,0,0,0,0,28,15,1,9,29,3,5
91550,1,52.67,17,22,0,5,0,7,2012,0,0,0,0,36,45,1,7,20,2,3
35023,1,11.79,6,16,0,3,1,1,215,0,0,0,0,20,10,0,4,23,1,3
94888,1,38.63,6,9,0,1,0,1,237,0,0,0,0,8,0,0,4,5,3,2
50494,0,30.69,7,17,0,1,0,0,84,0,0,0,0,27,15,0,22,24,1,4
16088,0,21.24,4,19,0,0,0,4,121,0,0,0,0,9,15,0,22,9,9,1
83624,0,52.13,13,15,0,3,0,1,1264,0,0,0,1,2,15,0,22,11,5,6
13777,1,56.72,20,16,1,2,0,2,473,0,0,0,0,35,10,0,3,8,10,2
61974,1,27.03,6,13,0,4,0,1,2195,0,0,0,0,1,15,0,10,21,2,4
54788,1,1234.28,14,12,0,1,0,1,329,0,0,0,1,5,15,0,20,12,6,3
62072,1,670.24,0,20,1,3,0,4,2031,0,0,0,0,39,35,0,6,9,8,5
36981,1,21.22,21,26,0,1,0,3,1448,0,0,0,0,32,0,0,15,3,5,5
86051,1,62.47,14,20,0,0,1,1,958,0,0,0,0,33,10,0,22,10,5,5
14763,1,36.78,11,11,1,1,0,5,1746,0,0,0,0,28,30,0,15,1,12,0
58430,0,12.49,7,17,0,2,1,0,1882,0,0,0,1,17,25,0,2,26,9,4
30704,1,48.95,0,9,0,2,0,2,460,0,0,0,0,1,0,0,16,3,12,2
61913,1,14.18,18,13,0,3,0,0,2491,0,0,0,0,18,0,0,20,28,11,4
29320,1,21.95,10,13,0,1,0,0,1486,0,0,0,1,36,10,0,18,13,11,3
36155,1,73.23,14,17,0,1,0,2,241,0,0,0,0,44,10,0,5,17,7,3
80060,1,5.97,15,21,0,1,0,1,1338,0,0,0,0,29,0,0,11,26,4,5
43398,1,45.04,18,17,0,1,0,2,1774,0,0,0,1,41,10,0,0,14,11,4
35163,1,41.69,18,18,0,1,0,4,897,0,1,0,0,4,15,0,13,29,7,1
87190,1,271.35,13,19,1,2,0,3,1659,0,0,0,0,3,10,0,9,7,3,4
71729,0,667.55,10,20,0,1,0,1,741,0,0,0,0,27,30,0,11,23,7,2
16598,0,56.24,13,9,0,2,0,4,1545,0,0,0,0,42,25,0,8,8,9,0
31346,1,24.52,9,18,0,0,0,6,73,0,0,0,1,17,20,0,13,23,5,4
32112,1,38.25,10,21,0,1,0,2,139,0,0,0,0,1,0,0,8,24,11,0
12912,1,2.49,3,18,0,1,0,1,1525,0,0,0,0,11,0,0,23,1,4,1
81047,1,50.85,6,16,0,4,0,4,488,0,0,0,1,24,15,0,15,24,12,2
20465,1,55.86,19,15,0,2,0,0,1861,0,0,0,0,31,0,0,1,4,8,0
99815,1,922.93,14,18,0,2,0,5,936,0,0,0,0,43,45,1,11,25,7,4
68963,1,44.6,10,24,0,0,0,3,674,0,0,0,0,36,10,0,22,22,7,1
60765,0,38.64,17,16,0,2,0,3,398,0,0,0,0,3,15,0,17,4,10,5
18199,1,1.38,8,22,0,1,0,1,2426,0,0,0,1,9,0,0,19,19,1,6
26300,1,59.32,20,16,0,2,0,3,579,0,0,0,0,32,0,0,23,13,4,6
45500,1,508.8,10,23,0,0,0,0,2162,0,0,0,0,33,15,0,1,28,4,0
89681,0,46.21,17,14,0,0,0,1,70,0,0,0,0,31,15,0,20,10,7,3
60465,1,98.21,15,13,0,3,0,5,1827,0,0,0,1,7,20,0,6,10,10,4
47914,1,815.03,23,22,0,2,0,1,1246,0,0,0,0,25,15,0,21,10,10,4
92721,1,32.04,12,18,0,1,0,2,1037,0,0,0,0,7,0,0,5,11,6,2
25370,1,6.88,15,18,0,4,0,4,2029,0,0,0,0,29,15,0,7,4,3,1
66108,0,44.5,9,22,1,0,0,1,276,0,0,0,0,24,25,0,13,15,10,2
36044,1,20.39,14,17,0,6,1,4,677,0,0,0,0,6,25,0,11,10,6,1
43382,1,31.03,4,28,0,1,1,7,1526,0,0,0,0,7,30,0,16,24,11,0
19421,0,7.29,12,21,0,1,0,0,2471,0,0,0,0,35,15,0,3,22,4,1
90705,1,50.25,16,15,0,0,1,0,438,0,0,0,0,7,10,0,6,23,1,3
37366,1,130.02,7,15,1,7,1,0,1400,0,0,0,0,9,35,0,4,4,11,1
40270,1,39.73,12,27,0,1,0,0,1553,1,0,0,1,15,25,0,13,16,6,0
70776,1,9.62,9,22,0,4,0,0,1580,0,0,0,1,41,25,0,12,15,9,0
23526,1,44.95,11,13,0,2,1,2,161,1,0,0,0,37,45,0,2,13,6,4
68812,1,19.84,11,14,0,0,1,1,975,0,0,0,0,36,20,0,9,7,1,1
33130,1,1053.01,10,13,0,5,0,2,718,0,0,0,0,38,40,0,22,18,11,1
86602,1,18.34,13,17,0,0,1,1,173,0,0,0,0,35,10,0,21,18,12,3
89580,1,13.81,10,10,1,1,0,2,1564,0,0,0,0,16,10,0,15,16,4,2
49517,1,61.72,11,19,0,3,0,3,1045,0,0,0,1,24,0,0,16,22,12,0
59719,1,51.76,4,17,0,1,0,2,1328,0,0,0,1,27,0,0,7,6,11,3
56979,1,37.16,17,27,0,2,0,2,1406,0,0,0,0,11,0,0,0,31,5,5
49109,0,40.97,9,19,0,2,1,3,348,0,0,0,0,36,35,0,15,10,8,6
23989,0,4.46,10,20,0,1,0,1,808,0,0,0,1,33,15,0,8,27,4,6
31974,1,58.38,12,13,0,0,0,4,1843,0,0,0,1,44,10,0,22,18,3,1
25317,1,46.54,14,18,0,2,1,1,2360,0,0,0,0,21,10,0,3,15,6,6
75018,1,47.88,15,16,0,4,1,1,2130,0,0,0,0,12,25,0,18,5,8,1
56955,0,30.34,10,13,0,1,0,3,1276,0,0,0,2,9,25,0,23,25,10,5
66392,0,37.41,10,17,0,5,0,2,122,0,0,0,1,25,30,0,17,1,12,0
52957,0,11.48,15,22,0,0,0,7,827,0,1,0,1,35,50,0,4,13,6,4
66746,1,19.16,3,17,0,2,1,2,1402,0,0,0,0,43,20,1,22,17,7,3
85760,1,7.11,14,15,0,1,1,4,442,0,0,0,1,19,10,0,21,11,3,1
25644,1,33.22,18,15,0,0,1,3,1280,0,0,0,0,28,10,0,16,14,4,0
26031,1,78.36,17,22,0,1,0,5,1853,0,0,0,0,3,20,0,4,28,5,2
86535,1,57.14,5,28,0,6,1,4,2461,0,0,0,2,9,35,0,7,22,6,6
97671,1,82.7,12,18,0,1,0,3,2024,0,0,0,0,16,0,0,0,22,11,5
41850,1,14.15,9,24,0,3,0,2,298,0,1,0,0,4,15,0,20,3,10,4
25070,1,50.95,12,16,0,2,0,1,76,0,0,0,1,29,0,0,3,17,3,0
96690,1,59.42,14,20,0,4,0,5,1830,1,1,0,0,5,75,0,11,27,5,1
30659,1,5.09,13,15,0,3,0,1,749,0,0,0,0,22,0,0,12,6,5,1
53473,0,28.46,8,22,0,1,0,2,2105,0,0,0,0,30,15,0,10,8,7,1
43955,1,2.74,8,19,1,2,0,2,2302,0,0,0,1,14,10,0,9,1,6,6
72729,1,62.7,7,29,0,4,0,3,1868,0,0,0,0,21,15,0,13,3,9,2
77226,0,62.98,16,23,0,4,0,3,2150,0,0,0,1,2,30,0,18,6,11,3
99778,0,2.84,20,20,0,5,0,1,2007,0,0,0,1,21,30,0,12,30,6,0
54908,1,47.29,11,18,0,1,1,9,2324,0,0,0,0,23,30,0,4,12,3,2
33577,0,70.58,16,21,0,3,0,1,1047,0,0,0,1,44,25,0,15,8,7,1
85835,1,583.74,9,17,0,6,0,2,1101,0,0,0,0,21,30,0,0,22,9,0
69325,1,37.69,8,26,0,0,0,5,474,0,0,0,0,26,20,0,10,5,5,0
74508,1,28.0,9,19,0,1,0,3,2436,0,0,0,0,34,0,0,9,19,3,2
76596,1,1021.21,17,19,0,1,0,2,2404,0,0,0,0,42,25,0,19,12,8,1
78209,1,85.52,18,17,0,0,0,1,563,0,0,0,0,21,0,0,5,4,8,0
81356,1,63.96,7,18,0,2,0,0,2203,0,0,0,0,37,10,0,1,1,12,0
86441,1,75.96,12,15,0,2,0,0,2034,0,1,0,1,36,25,0,17,3,5,5
83500,1,23.77,12,19,0,2,1,4,1143,0,0,0,0,27,10,0,14,9,8,5
52198,1,45.27,19,19,1,1,0,1,1107,0,0,0,0,27,10,0,4,22,9,0
50259,1,10.08,19,17,0,0,0,2,1227,0,0,0,0,39,10,1,15,4,3,1
60019,1,66.82,9,21,0,2,1,3,1427,0,0,0,2,37,30,0,4,30,9,1
59355,1,91.06,14,19,0,0,0,2,949,0,0,0,0,20,0,0,20,4,5,6
50395,1,42.93,7,18,0,1,0,2,2029,0,1,0,0,35,15,0,20,19,1,6
57371,0,84.28,13,18,0,0,1,1,2191,0,0,0,0,42,35,1,13,30,4,2
91003,1,66.94,19,19,0,3,0,3,2321,0,0,0,0,12,0,0,7,30,8,5
99098,1,19.58,6,13,0,1,0,1,632,0,0,0,0,23,0,0,16,30,12,1
81031,0,702.85,9,14,0,0,0,3,2075,0,0,0,0,11,30,0,12,29,8,4
77547,1,6.3,13,18,0,3,1,2,2445,0,0,0,1,27,10,0,17,1,4,1
94368,1,22.16,0,19,0,0,0,3,1836,0,1,0,0,33,15,0,5,26,7,5
33180,0,59.77,2,16,0,0,1,4,350,0,0,0,2,40,45,0,16,26,10,6
78115,1,63.26,11,28,0,0,0,1,183,0,0,0,0,34,0,0,5,19,9,4
20814,1,18.14,14,25,0,1,0,1,1679,0,1,0,0,37,25,0,17,11,6,2
66682,1,74.4,13,16,0,3,0,3,465,0,0,0,0,35,0,0,3,5,12,4
50516,0,62.32,15,16,0,3,0,0,1167,0,0,0,0,14,15,0,19,26,3,2
65249,1,22.11,7,21,0,0,0,2,2076,0,0,0,2,38,20,0,17,30,7,2
69685,1,83.51,7,14,0,0,0,1,1532,0,0,0,0,15,0,0,16,12,8,1
80115,1,69.05,1,17,0,0,0,3,266,0,0,0,1,34,0,0,18,5,6,3
56135,1,16.46,11,21,0,2,0,4,1233,0,0,0,1,27,0,0,2,23,1,3
91609,1,79.72,9,20,0,3,0,4,962,0,0,0,0,39,10,0,5,15,1,2
36574,1,34.51,16,16,0,3,0,2,2222,0,0,0,0,24,0,0,22,12,1,6
89947,1,43.81,1,13,0,2,0,3,115,0,0,1,0,14,20,0,1,26,10,6
31896,0,46.08,19,14,1,1,0,3,1671,0,0,0,1,28,25,0,0,17,9,2
51474,0,13.41,7,14,0,0,0,3,645,0,0,0,0,25,15,0,8,30,12,1
21248,1,77.1,15,17,0,3,0,2,880,0,0,0,0,43,10,0,10,27,1,0
81017,1,21.15,9,16,0,0,0,3,1199,0,0,0,0,26,0,0,7,20,2,3
24776,1,55.78,17,10,0,3,1,4,2130,0,0,0,0,16,10,0,7,20,9,5
58316,1,7.0,5,20,0,0,1,2,884,1,0,0,0,34,35,0,20,22,2,5
76614,1,8.52,12,17,0,7,0,2,1446,0,0,0,0,30,15,0,13,24,3,0
78246,0,66.91,6,28,0,0,0,4,473,0,0,0,1,3,15,0,11,9,2,6
26647,0,6.8,18,22,0,1,1,3,1115,0,0,0,2,26,35,0,2,21,9,6
53095,1,39.86,0,12,0,0,1,5,2087,0,0,0,0,33,30,0,22,30,3,6
74848,0,229.77,10,21,0,1,0,1,2419,0,0,0,0,25,15,0,5,8,3,5
54682,1,1222.76,16,18,0,4,0,0,2082,0,0,1,0,15,50,0,3,12,5,0
61488,1,77.11,16,20,0,4,0,3,1646,0,0,0,0,5,15,0,17,13,7,6
81631,1,399.48,2,16,0,3,1,3,1326,0,0,0,0,31,10,0,18,13,8,2
93362,1,61.59,11,20,0,1,0,2,159,0,1,0,1,33,15,0,22,14,11,4
36000,1,7.72,13,22,0,0,0,1,1998,0,0,0,0,20,0,0,21,19,3,2
66899,1,283.41,14,17,0,3,0,2,2236,0,0,0,0,38,10,0,0,3,7,3
63023,1,30.95,12,18,0,0,1,1,638,0,0,0,0,37,20,0,12,16,5,4
12862,0,736.06,23,17,0,2,0,1,2153,0,0,0,0,11,30,0,22,30,1,3
35537,1,14.46,14,14,0,1,0,2,590,0,0,1,0,24,20,0,22,18,4,4
36208,0,8.52,9,15,0,5,0,3,185,0,0,0,0,12,30,0,2,18,1,5
51334,1,42.74,9,17,0,2,0,1,1641,1,0,0,0,40,35,0,22,15,9,0
49523,1,46.73,10,19,0,2,0,2,50,0,0,0,0,19,0,0,20,23,3,6
61757,0,3.43,13,17,0,2,0,1,753,0,0,0,0,8,15,0,0,10,3,0
68133,1,42.28,6,22,0,0,0,1,307,0,0,0,1,32,0,0,22,15,6,6
44885,1,5.42,10,15,0,1,0,1,807,0,0,0,0,1,0,0,16,5,3,2
28073,0,20.45,16,18,0,3,0,3,2453,0,1,0,0,3,30,0,7,2,8,5
23196,1,16.26,7,17,0,1,0,4,1465,0,0,0,0,8,0,0,4,25,7,4
12220,1,22.71,9,24,0,0,1,2,2180,0,0,0,0,39,20,0,13,29,7,1
94913,1,59.15,15,22,0,8,1,2,852,0,0,0,0,19,25,0,22,18,7,4
81216,1,7.15,17,24,0,5,0,0,2166,0,0,0,0,10,15,0,11,10,12,2
89468,1,4.19,10,12,0,0,0,5,678,0,0,0,0,25,20,0,18,16,3,6
81726,1,17.94,8,23,0,0,0,1,602,0,0,0,0,3,0,0,15,15,2,5
27918,1,22.06,8,18,0,2,0,7,454,0,0,0,0,15,20,0,9,18,1,5
62179,1,31.99,14,14,0,0,0,9,1796,0,0,0,0,44,30,0,20,22,3,5
22298,1,49.71,7,15,1,6,0,1,1965,0,0,0,0,17,25,0,1,27,9,5
91006,0,40.34,12,19,0,2,0,2,200,0,0,0,0,22,15,0,11,12,12,4
59379,1,36.32,9,20,0,3,0,3,111,0,0,0,0,3,0,0,6,22,12,0
55474,0,614.14,23,20,0,4,0,6,943,0,0,0,0,19,65,0,9,21,2,4
88590,0,960.27,8,20,0,0,0,0,2164,0,0,0,0,31,30,0,5,29,12,0
19266,1,7.69,2,25,0,6,0,2,1903,0,1,0,0,15,30,0,4,22,10,2
62597,1,22.98,12,16,0,1,0,0,2365,0,0,0,1,22,0,0,21,8,10,2
32019,1,52.39,21,15,0,2,1,4,1108,0,0,0,1,21,10,0,6,27,5,1
48341,1,18.19,17,15,0,2,0,3,1951,0,0,0,0,6,0,0,1,3,3,0
72345,0,34.78,9,17,1,0,0,0,134,0,1,0,1,18,40,0,9,19,12,4
32035,0,40.67,1,16,1,0,0,3,2016,0,0,0,0,18,25,0,23,26,3,2
19033,1,15.64,6,18,0,3,0,1,1502,0,0,0,0,29,0,0,4,13,11,3
75257,0,18.07,23,19,0,2,0,1,2394,0,0,0,0,9,15,0,11,30,4,2
19332,1,34.52,10,18,0,0,0,2,1948,0,0,0,1,14,0,0,9,27,9,5
51371,1,43.89,10,16,0,0,0,4,1088,0,0,0,0,18,0,0,3,22,2,5
89411,1,22.4,5,16,0,3,0,0,1294,0,0,0,1,28,0,0,10,26,10,6
41125,1,18.24,20,20,0,2,0,1,616,0,0,0,2,22,10,0,8,26,4,5
29316,1,5.48,16,16,0,3,0,3,594,0,0,0,0,34,0,0,21,25,12,3
39025,1,1135.2,6,18,0,1,0,1,290,0,0,0,2,6,25,0,0,2,2,6
33520,1,24.2,10,19,0,1,0,2,1868,0,0,0,1,13,0,0,0,4,10,5
97699,1,50.78,17,16,0,1,0,4,1248,0,0,0,1,28,0,0,9,25,2,1
65486,1,0.93,10,18,0,0,0,1,1175,0,0,0,0,39,10,0,5,22,9,0
20577,0,11.17,6,22,0,1,0,3,1846,0,0,0,0,42,25,0,5,15,8,4
75001,1,6.47,16,24,0,0,0,6,467,0,0,0,0,35,20,0,10,10,2,0
44468,1,20.49,16,18,1,1,0,2,1493,0,0,0,0,1,10,0,13,10,8,6
87455,1,113.97,17,17,0,1,0,8,2029,0,0,0,0,36,30,0,11,6,6,4
61374,1,61.5,10,19,0,3,0,3,230,0,0,0,2,29,10,0,4,22,12,0
45762,1,56.18,11,12,0,1,0,0,420,0,0,0,1,38,10,0,3,22,2,5
38296,1,40.6,9,11,1,0,0,2,680,0,0,0,0,30,10,0,18,24,1,4
79087,1,68.25,5,21,1,0,0,2,2221,0,0,0,0,3,10,0,20,11,2,1
27797,1,32.05,16,12,1,2,0,2,2247,0,0,0,1,37,20,0,13,15,2,5
53386,1,58.53,10,19,0,2,0,0,1131,0,0,0,0,25,0,0,0,27,5,1
65643,1,2.32,11,23,0,1,0,0,1057,0,0,0,1,27,0,0,15,5,11,2
92770,1,6.68,5,13,0,1,0,3,1476,0,0,0,0,15,0,0,23,15,7,1
13141,1,13.89,11,20,0,0,0,1,2107,0,0,0,1,44,10,0,9,6,2,3
77520,1,905.14,11,23,1,2,0,4,2488,0,0,1,1,36,55,0,0,1,2,5
23016,0,33.64,10,17,0,4,0,5,437,0,0,0,0,16,50,0,6,30,1,3
97827,1,11.97,10,17,0,0,0,4,1883,0,0,0,0,29,0,0,14,28,6,5
15543,1,17.87,9,13,0,3,1,1,1027,0,0,0,0,37,20,1,21,1,8,4
63446,1,13.94,11,20,1,1,0,4,174,0,0,0,0,37,20,0,0,4,7,4
84875,1,40.36,14,10,0,5,0,2,342,0,0,1,0,24,35,1,23,8,12,0
12611,1,30.54,8,21,0,2,1,1,1969,0,0,0,0,31,10,0,1,8,6,6
70451,1,21.55,10,22,1,6,0,0,1740,0,0,0,1,26,25,0,17,15,6,6
57755,1,30.84,18,14,0,0,0,3,1043,0,0,0,0,31,0,0,11,1,2,5
21289,1,20.37,8,23,0,1,0,1,1889,1,0,0,0,11,25,0,13,24,6,1
60321,1,29.43,14,16,0,0,0,0,315,0,0,0,0,40,10,0,9,13,9,5
55890,1,39.03,12,17,0,0,0,2,2202,0,0,0,0,27,0,0,18,19,5,0
90586,1,45.61,14,14,0,4,1,3,1834,0,0,0,0,25,25,0,19,14,7,0
48317,0,56.45,13,19,0,1,1,2,178,0,0,0,0,19,25,0,10,12,2,2
86597,1,32.95,19,20,0,1,0,0,248,0,0,0,0,23,0,0,9,18,5,6
16858,1,35.86,12,22,0,1,1,3,2043,0,1,0,1,7,25,0,17,16,9,1
59294,1,1.86,1,15,0,1,0,2,497,0,0,0,0,13,0,0,7,26,6,3
68571,1,48.93,13,20,0,3,1,2,1273,0,1,0,0,20,25,0,18,13,5,1
32522,0,38.56,6,16,0,2,0,1,1172,0,0,0,1,15,15,0,23,2,5,4
98857,1,103.42,19,18,1,1,0,3,604,0,0,0,0,27,10,0,1,7,5,2
74866,1,47.59,15,22,0,2,0,1,2041,1,0,0,0,2,25,0,11,17,6,1
55078,1,23.83,2,25,0,1,0,0,2092,0,0,1,0,31,20,0,16,18,11,1
44978,1,48.56,23,16,0,1,0,2,99,0,0,0,0,27,0,0,10,11,1,5
32516,1,40.27,14,21,0,5,1,4,370,0,1,0,1,22,40,0,13,1,5,3
83445,1,48.25,6,18,0,1,0,0,1295,0,0,0,2,10,10,0,11,23,2,6
70356,1,1259.0,17,23,0,1,0,1,1760,0,0,0,0,42,25,1,11,8,4,1
73155,0,2.17,13,10,0,1,0,0,860,0,1,0,1,13,30,0,15,30,10,3
40185,1,432.15,12,22,0,3,0,2,1950,0,1,0,0,3,15,0,9,25,4,4
63445,0,58.48,13,24,0,3,0,1,1913,1,0,0,0,33,40,0,18,13,9,5
63755,0,14.95,17,21,0,2,0,3,440,0,0,0,0,13,15,0,4,27,2,3
